date,book,ticker,qty
2023-01-03,ALPHA,AAPL,4000
2023-01-03,ALPHA,KO,-5100
2023-01-03,ALPHA,MSFT,-1300
2023-01-03,ALPHA,NVDA,6800
2023-01-03,ALPHA,SAP.DE,7800
2023-01-03,DELTA,AAPL,-7400
2023-01-03,DELTA,GS,1700
2023-01-03,DELTA,JPM,-900
2023-01-03,DELTA,SHEL.L,6300
2023-01-03,DELTA,XOM,900
2023-01-03,MACRO,NVDA,-1000
2023-01-03,MACRO,PG,3800
2023-01-03,MACRO,SAP.DE,5000
2023-01-03,MACRO,XOM,2400
2023-01-04,ALPHA,AAPL,4000
2023-01-04,ALPHA,KO,-5100
2023-01-04,ALPHA,MSFT,-1300
2023-01-04,ALPHA,NVDA,6800
2023-01-04,ALPHA,SAP.DE,7800
2023-01-04,DELTA,AAPL,-7400
2023-01-04,DELTA,GS,1700
2023-01-04,DELTA,JPM,-900
2023-01-04,DELTA,SHEL.L,6300
2023-01-04,DELTA,XOM,900
2023-01-04,MACRO,NVDA,-1000
2023-01-04,MACRO,PG,3800
2023-01-04,MACRO,SAP.DE,5000
2023-01-04,MACRO,XOM,2400
2023-01-05,ALPHA,AAPL,4000
2023-01-05,ALPHA,KO,-5100
2023-01-05,ALPHA,MSFT,-1300
2023-01-05,ALPHA,NVDA,6800
2023-01-05,ALPHA,SAP.DE,7800
2023-01-05,DELTA,AAPL,-7400
2023-01-05,DELTA,GS,1700
2023-01-05,DELTA,JPM,-900
2023-01-05,DELTA,SHEL.L,6300
2023-01-05,DELTA,XOM,900
2023-01-05,MACRO,NVDA,-1000
2023-01-05,MACRO,PG,3800
2023-01-05,MACRO,SAP.DE,5000
2023-01-05,MACRO,XOM,2400
2023-01-06,ALPHA,AAPL,4000
2023-01-06,ALPHA,KO,-5100
2023-01-06,ALPHA,MSFT,-1300
2023-01-06,ALPHA,NVDA,6800
2023-01-06,ALPHA,SAP.DE,7800
2023-01-06,DELTA,AAPL,-7400
2023-01-06,DELTA,GS,1700
2023-01-06,DELTA,JPM,-900
2023-01-06,DELTA,SHEL.L,6300
2023-01-06,DELTA,XOM,900
2023-01-06,MACRO,NVDA,-1000
2023-01-06,MACRO,PG,3800
2023-01-06,MACRO,SAP.DE,5000
2023-01-06,MACRO,XOM,2400
2023-01-09,ALPHA,AAPL,4000
2023-01-09,ALPHA,KO,-5100
2023-01-09,ALPHA,MSFT,-1300
2023-01-09,ALPHA,NVDA,6800
2023-01-09,ALPHA,SAP.DE,7800
2023-01-09,DELTA,AAPL,-7400
2023-01-09,DELTA,GS,1700
2023-01-09,DELTA,JPM,-900
2023-01-09,DELTA,SHEL.L,6300
2023-01-09,DELTA,XOM,900
2023-01-09,MACRO,NVDA,-1000
2023-01-09,MACRO,PG,3800
2023-01-09,MACRO,SAP.DE,5000
2023-01-09,MACRO,XOM,2400
2023-01-10,ALPHA,AAPL,4000
2023-01-10,ALPHA,KO,-5100
2023-01-10,ALPHA,MSFT,-1300
2023-01-10,ALPHA,NVDA,6800
2023-01-10,ALPHA,SAP.DE,7800
2023-01-10,DELTA,AAPL,-7400
2023-01-10,DELTA,GS,1700
2023-01-10,DELTA,JPM,-900
2023-01-10,DELTA,SHEL.L,6300
2023-01-10,DELTA,XOM,900
2023-01-10,MACRO,NVDA,-1000
2023-01-10,MACRO,PG,3800
2023-01-10,MACRO,SAP.DE,5000
2023-01-10,MACRO,XOM,2400
2023-01-11,ALPHA,AAPL,4000
2023-01-11,ALPHA,KO,-5100
2023-01-11,ALPHA,MSFT,-1300
2023-01-11,ALPHA,NVDA,6800
2023-01-11,ALPHA,SAP.DE,7800
2023-01-11,DELTA,AAPL,-7400
2023-01-11,DELTA,GS,1700
2023-01-11,DELTA,JPM,-900
2023-01-11,DELTA,SHEL.L,6300
2023-01-11,DELTA,XOM,900
2023-01-11,MACRO,NVDA,-1000
2023-01-11,MACRO,PG,3800
2023-01-11,MACRO,SAP.DE,5000
2023-01-11,MACRO,XOM,2400
2023-01-12,ALPHA,AAPL,4000
2023-01-12,ALPHA,KO,-5100
2023-01-12,ALPHA,MSFT,-1300
2023-01-12,ALPHA,NVDA,6800
2023-01-12,ALPHA,SAP.DE,7800
2023-01-12,DELTA,AAPL,-7400
2023-01-12,DELTA,GS,1700
2023-01-12,DELTA,JPM,-900
2023-01-12,DELTA,SHEL.L,6300
2023-01-12,DELTA,XOM,900
2023-01-12,MACRO,NVDA,-1000
2023-01-12,MACRO,PG,3800
2023-01-12,MACRO,SAP.DE,5000
2023-01-12,MACRO,XOM,2400
2023-01-13,ALPHA,AAPL,4000
2023-01-13,ALPHA,KO,-5100
2023-01-13,ALPHA,MSFT,-1300
2023-01-13,ALPHA,NVDA,6800
2023-01-13,ALPHA,SAP.DE,7800
2023-01-13,DELTA,AAPL,-7400
2023-01-13,DELTA,GS,1700
2023-01-13,DELTA,JPM,-900
2023-01-13,DELTA,SHEL.L,6300
2023-01-13,DELTA,XOM,900
2023-01-13,MACRO,NVDA,-1000
2023-01-13,MACRO,PG,3800
2023-01-13,MACRO,SAP.DE,5000
2023-01-13,MACRO,XOM,2400
2023-01-17,ALPHA,AAPL,4000
2023-01-17,ALPHA,KO,-5100
2023-01-17,ALPHA,MSFT,-1300
2023-01-17,ALPHA,NVDA,6800
2023-01-17,ALPHA,SAP.DE,7800
2023-01-17,DELTA,AAPL,-7400
2023-01-17,DELTA,GS,1700
2023-01-17,DELTA,JPM,-900
2023-01-17,DELTA,SHEL.L,6300
2023-01-17,DELTA,XOM,900
2023-01-17,MACRO,NVDA,-1000
2023-01-17,MACRO,PG,3800
2023-01-17,MACRO,SAP.DE,5000
2023-01-17,MACRO,XOM,2400
2023-01-18,ALPHA,AAPL,4000
2023-01-18,ALPHA,KO,-5100
2023-01-18,ALPHA,MSFT,-1300
2023-01-18,ALPHA,NVDA,6800
2023-01-18,ALPHA,SAP.DE,7800
2023-01-18,DELTA,AAPL,-7400
2023-01-18,DELTA,GS,1700
2023-01-18,DELTA,JPM,-900
2023-01-18,DELTA,SHEL.L,6300
2023-01-18,DELTA,XOM,900
2023-01-18,MACRO,NVDA,-1000
2023-01-18,MACRO,PG,3800
2023-01-18,MACRO,SAP.DE,5000
2023-01-18,MACRO,XOM,2400
2023-01-19,ALPHA,AAPL,4000
2023-01-19,ALPHA,KO,-5100
2023-01-19,ALPHA,MSFT,-1300
2023-01-19,ALPHA,NVDA,6800
2023-01-19,ALPHA,SAP.DE,7800
2023-01-19,DELTA,AAPL,-7400
2023-01-19,DELTA,GS,1700
2023-01-19,DELTA,JPM,-900
2023-01-19,DELTA,SHEL.L,6300
2023-01-19,DELTA,XOM,900
2023-01-19,MACRO,NVDA,-1000
2023-01-19,MACRO,PG,3800
2023-01-19,MACRO,SAP.DE,5000
2023-01-19,MACRO,XOM,2400
2023-01-20,ALPHA,AAPL,4000
2023-01-20,ALPHA,KO,-5100
2023-01-20,ALPHA,MSFT,-1300
2023-01-20,ALPHA,NVDA,6800
2023-01-20,ALPHA,SAP.DE,7800
2023-01-20,DELTA,AAPL,-7400
2023-01-20,DELTA,GS,1700
2023-01-20,DELTA,JPM,-900
2023-01-20,DELTA,SHEL.L,6300
2023-01-20,DELTA,XOM,900
2023-01-20,MACRO,NVDA,-1000
2023-01-20,MACRO,PG,3800
2023-01-20,MACRO,SAP.DE,5000
2023-01-20,MACRO,XOM,2400
2023-01-23,ALPHA,AAPL,4000
2023-01-23,ALPHA,KO,-5100
2023-01-23,ALPHA,MSFT,-1300
2023-01-23,ALPHA,NVDA,6800
2023-01-23,ALPHA,SAP.DE,7800
2023-01-23,DELTA,AAPL,-7400
2023-01-23,DELTA,GS,1700
2023-01-23,DELTA,JPM,-900
2023-01-23,DELTA,SHEL.L,6300
2023-01-23,DELTA,XOM,900
2023-01-23,MACRO,NVDA,-1000
2023-01-23,MACRO,PG,3800
2023-01-23,MACRO,SAP.DE,5000
2023-01-23,MACRO,XOM,2400
2023-01-24,ALPHA,AAPL,4000
2023-01-24,ALPHA,KO,-5100
2023-01-24,ALPHA,MSFT,-1300
2023-01-24,ALPHA,NVDA,6800
2023-01-24,ALPHA,SAP.DE,7800
2023-01-24,DELTA,AAPL,-7400
2023-01-24,DELTA,GS,1700
2023-01-24,DELTA,JPM,-900
2023-01-24,DELTA,SHEL.L,6300
2023-01-24,DELTA,XOM,900
2023-01-24,MACRO,NVDA,-1000
2023-01-24,MACRO,PG,3800
2023-01-24,MACRO,SAP.DE,5000
2023-01-24,MACRO,XOM,2400
2023-01-25,ALPHA,AAPL,4000
2023-01-25,ALPHA,KO,-5100
2023-01-25,ALPHA,MSFT,-1300
2023-01-25,ALPHA,NVDA,6800
2023-01-25,ALPHA,SAP.DE,7800
2023-01-25,DELTA,AAPL,-7400
2023-01-25,DELTA,GS,1700
2023-01-25,DELTA,JPM,-900
2023-01-25,DELTA,SHEL.L,6300
2023-01-25,DELTA,XOM,900
2023-01-25,MACRO,NVDA,-1000
2023-01-25,MACRO,PG,3800
2023-01-25,MACRO,SAP.DE,5000
2023-01-25,MACRO,XOM,2400
2023-01-26,ALPHA,AAPL,4000
2023-01-26,ALPHA,KO,-5100
2023-01-26,ALPHA,MSFT,-1300
2023-01-26,ALPHA,NVDA,6800
2023-01-26,ALPHA,SAP.DE,7800
2023-01-26,DELTA,AAPL,-7400
2023-01-26,DELTA,GS,1700
2023-01-26,DELTA,JPM,-900
2023-01-26,DELTA,SHEL.L,6300
2023-01-26,DELTA,XOM,900
2023-01-26,MACRO,NVDA,-1000
2023-01-26,MACRO,PG,3800
2023-01-26,MACRO,SAP.DE,5000
2023-01-26,MACRO,XOM,2400
2023-01-27,ALPHA,AAPL,4000
2023-01-27,ALPHA,KO,-5100
2023-01-27,ALPHA,MSFT,-1300
2023-01-27,ALPHA,NVDA,6800
2023-01-27,ALPHA,SAP.DE,7800
2023-01-27,DELTA,AAPL,-7400
2023-01-27,DELTA,GS,1700
2023-01-27,DELTA,JPM,-900
2023-01-27,DELTA,SHEL.L,6300
2023-01-27,DELTA,XOM,900
2023-01-27,MACRO,NVDA,-1000
2023-01-27,MACRO,PG,3800
2023-01-27,MACRO,SAP.DE,5000
2023-01-27,MACRO,XOM,2400
2023-01-30,ALPHA,AAPL,4000
2023-01-30,ALPHA,KO,-5100
2023-01-30,ALPHA,MSFT,-1300
2023-01-30,ALPHA,NVDA,6800
2023-01-30,ALPHA,SAP.DE,7800
2023-01-30,DELTA,AAPL,-7400
2023-01-30,DELTA,GS,1700
2023-01-30,DELTA,JPM,-900
2023-01-30,DELTA,SHEL.L,6300
2023-01-30,DELTA,XOM,900
2023-01-30,MACRO,NVDA,-1000
2023-01-30,MACRO,PG,3800
2023-01-30,MACRO,SAP.DE,5000
2023-01-30,MACRO,XOM,2400
2023-01-31,ALPHA,AAPL,4000
2023-01-31,ALPHA,KO,-5100
2023-01-31,ALPHA,MSFT,-1300
2023-01-31,ALPHA,NVDA,6800
2023-01-31,ALPHA,SAP.DE,7800
2023-01-31,DELTA,AAPL,-7400
2023-01-31,DELTA,GS,1700
2023-01-31,DELTA,JPM,-900
2023-01-31,DELTA,SHEL.L,6300
2023-01-31,DELTA,XOM,900
2023-01-31,MACRO,NVDA,-1000
2023-01-31,MACRO,PG,3800
2023-01-31,MACRO,SAP.DE,5000
2023-01-31,MACRO,XOM,2400
2023-02-01,ALPHA,AAPL,700
2023-02-01,ALPHA,KO,-6600
2023-02-01,ALPHA,MSFT,-2600
2023-02-01,ALPHA,NVDA,5800
2023-02-01,ALPHA,SAP.DE,7900
2023-02-01,DELTA,AAPL,-6100
2023-02-01,DELTA,GS,-400
2023-02-01,DELTA,JPM,1400
2023-02-01,DELTA,SHEL.L,8000
2023-02-01,DELTA,XOM,-2200
2023-02-01,MACRO,NVDA,400
2023-02-01,MACRO,PG,2400
2023-02-01,MACRO,SAP.DE,7000
2023-02-01,MACRO,XOM,4100
2023-02-02,ALPHA,AAPL,700
2023-02-02,ALPHA,KO,-6600
2023-02-02,ALPHA,MSFT,-2600
2023-02-02,ALPHA,NVDA,5800
2023-02-02,ALPHA,SAP.DE,7900
2023-02-02,DELTA,AAPL,-6100
2023-02-02,DELTA,GS,-400
2023-02-02,DELTA,JPM,1400
2023-02-02,DELTA,SHEL.L,8000
2023-02-02,DELTA,XOM,-2200
2023-02-02,MACRO,NVDA,400
2023-02-02,MACRO,PG,2400
2023-02-02,MACRO,SAP.DE,7000
2023-02-02,MACRO,XOM,4100
2023-02-03,ALPHA,AAPL,700
2023-02-03,ALPHA,KO,-6600
2023-02-03,ALPHA,MSFT,-2600
2023-02-03,ALPHA,NVDA,5800
2023-02-03,ALPHA,SAP.DE,7900
2023-02-03,DELTA,AAPL,-6100
2023-02-03,DELTA,GS,-400
2023-02-03,DELTA,JPM,1400
2023-02-03,DELTA,SHEL.L,8000
2023-02-03,DELTA,XOM,-2200
2023-02-03,MACRO,NVDA,400
2023-02-03,MACRO,PG,2400
2023-02-03,MACRO,SAP.DE,7000
2023-02-03,MACRO,XOM,4100
2023-02-06,ALPHA,AAPL,700
2023-02-06,ALPHA,KO,-6600
2023-02-06,ALPHA,MSFT,-2600
2023-02-06,ALPHA,NVDA,5800
2023-02-06,ALPHA,SAP.DE,7900
2023-02-06,DELTA,AAPL,-6100
2023-02-06,DELTA,GS,-400
2023-02-06,DELTA,JPM,1400
2023-02-06,DELTA,SHEL.L,8000
2023-02-06,DELTA,XOM,-2200
2023-02-06,MACRO,NVDA,400
2023-02-06,MACRO,PG,2400
2023-02-06,MACRO,SAP.DE,7000
2023-02-06,MACRO,XOM,4100
2023-02-07,ALPHA,AAPL,700
2023-02-07,ALPHA,KO,-6600
2023-02-07,ALPHA,MSFT,-2600
2023-02-07,ALPHA,NVDA,5800
2023-02-07,ALPHA,SAP.DE,7900
2023-02-07,DELTA,AAPL,-6100
2023-02-07,DELTA,GS,-400
2023-02-07,DELTA,JPM,1400
2023-02-07,DELTA,SHEL.L,8000
2023-02-07,DELTA,XOM,-2200
2023-02-07,MACRO,NVDA,400
2023-02-07,MACRO,PG,2400
2023-02-07,MACRO,SAP.DE,7000
2023-02-07,MACRO,XOM,4100
2023-02-08,ALPHA,AAPL,700
2023-02-08,ALPHA,KO,-6600
2023-02-08,ALPHA,MSFT,-2600
2023-02-08,ALPHA,NVDA,5800
2023-02-08,ALPHA,SAP.DE,7900
2023-02-08,DELTA,AAPL,-6100
2023-02-08,DELTA,GS,-400
2023-02-08,DELTA,JPM,1400
2023-02-08,DELTA,SHEL.L,8000
2023-02-08,DELTA,XOM,-2200
2023-02-08,MACRO,NVDA,400
2023-02-08,MACRO,PG,2400
2023-02-08,MACRO,SAP.DE,7000
2023-02-08,MACRO,XOM,4100
2023-02-09,ALPHA,AAPL,700
2023-02-09,ALPHA,KO,-6600
2023-02-09,ALPHA,MSFT,-2600
2023-02-09,ALPHA,NVDA,5800
2023-02-09,ALPHA,SAP.DE,7900
2023-02-09,DELTA,AAPL,-6100
2023-02-09,DELTA,GS,-400
2023-02-09,DELTA,JPM,1400
2023-02-09,DELTA,SHEL.L,8000
2023-02-09,DELTA,XOM,-2200
2023-02-09,MACRO,NVDA,400
2023-02-09,MACRO,PG,2400
2023-02-09,MACRO,SAP.DE,7000
2023-02-09,MACRO,XOM,4100
2023-02-10,ALPHA,AAPL,700
2023-02-10,ALPHA,KO,-6600
2023-02-10,ALPHA,MSFT,-2600
2023-02-10,ALPHA,NVDA,5800
2023-02-10,ALPHA,SAP.DE,7900
2023-02-10,DELTA,AAPL,-6100
2023-02-10,DELTA,GS,-400
2023-02-10,DELTA,JPM,1400
2023-02-10,DELTA,SHEL.L,8000
2023-02-10,DELTA,XOM,-2200
2023-02-10,MACRO,NVDA,400
2023-02-10,MACRO,PG,2400
2023-02-10,MACRO,SAP.DE,7000
2023-02-10,MACRO,XOM,4100
2023-02-13,ALPHA,AAPL,700
2023-02-13,ALPHA,KO,-6600
2023-02-13,ALPHA,MSFT,-2600
2023-02-13,ALPHA,NVDA,5800
2023-02-13,ALPHA,SAP.DE,7900
2023-02-13,DELTA,AAPL,-6100
2023-02-13,DELTA,GS,-400
2023-02-13,DELTA,JPM,1400
2023-02-13,DELTA,SHEL.L,8000
2023-02-13,DELTA,XOM,-2200
2023-02-13,MACRO,NVDA,400
2023-02-13,MACRO,PG,2400
2023-02-13,MACRO,SAP.DE,7000
2023-02-13,MACRO,XOM,4100
2023-02-14,ALPHA,AAPL,700
2023-02-14,ALPHA,KO,-6600
2023-02-14,ALPHA,MSFT,-2600
2023-02-14,ALPHA,NVDA,5800
2023-02-14,ALPHA,SAP.DE,7900
2023-02-14,DELTA,AAPL,-6100
2023-02-14,DELTA,GS,-400
2023-02-14,DELTA,JPM,1400
2023-02-14,DELTA,SHEL.L,8000
2023-02-14,DELTA,XOM,-2200
2023-02-14,MACRO,NVDA,400
2023-02-14,MACRO,PG,2400
2023-02-14,MACRO,SAP.DE,7000
2023-02-14,MACRO,XOM,4100
2023-02-15,ALPHA,AAPL,700
2023-02-15,ALPHA,KO,-6600
2023-02-15,ALPHA,MSFT,-2600
2023-02-15,ALPHA,NVDA,5800
2023-02-15,ALPHA,SAP.DE,7900
2023-02-15,DELTA,AAPL,-6100
2023-02-15,DELTA,GS,-400
2023-02-15,DELTA,JPM,1400
2023-02-15,DELTA,SHEL.L,8000
2023-02-15,DELTA,XOM,-2200
2023-02-15,MACRO,NVDA,400
2023-02-15,MACRO,PG,2400
2023-02-15,MACRO,SAP.DE,7000
2023-02-15,MACRO,XOM,4100
2023-02-16,ALPHA,AAPL,700
2023-02-16,ALPHA,KO,-6600
2023-02-16,ALPHA,MSFT,-2600
2023-02-16,ALPHA,NVDA,5800
2023-02-16,ALPHA,SAP.DE,7900
2023-02-16,DELTA,AAPL,-6100
2023-02-16,DELTA,GS,-400
2023-02-16,DELTA,JPM,1400
2023-02-16,DELTA,SHEL.L,8000
2023-02-16,DELTA,XOM,-2200
2023-02-16,MACRO,NVDA,400
2023-02-16,MACRO,PG,2400
2023-02-16,MACRO,SAP.DE,7000
2023-02-16,MACRO,XOM,4100
2023-02-17,ALPHA,AAPL,700
2023-02-17,ALPHA,KO,-6600
2023-02-17,ALPHA,MSFT,-2600
2023-02-17,ALPHA,NVDA,5800
2023-02-17,ALPHA,SAP.DE,7900
2023-02-17,DELTA,AAPL,-6100
2023-02-17,DELTA,GS,-400
2023-02-17,DELTA,JPM,1400
2023-02-17,DELTA,SHEL.L,8000
2023-02-17,DELTA,XOM,-2200
2023-02-17,MACRO,NVDA,400
2023-02-17,MACRO,PG,2400
2023-02-17,MACRO,SAP.DE,7000
2023-02-17,MACRO,XOM,4100
2023-02-21,ALPHA,AAPL,700
2023-02-21,ALPHA,KO,-6600
2023-02-21,ALPHA,MSFT,-2600
2023-02-21,ALPHA,NVDA,5800
2023-02-21,ALPHA,SAP.DE,7900
2023-02-21,DELTA,AAPL,-6100
2023-02-21,DELTA,GS,-400
2023-02-21,DELTA,JPM,1400
2023-02-21,DELTA,SHEL.L,8000
2023-02-21,DELTA,XOM,-2200
2023-02-21,MACRO,NVDA,400
2023-02-21,MACRO,PG,2400
2023-02-21,MACRO,SAP.DE,7000
2023-02-21,MACRO,XOM,4100
2023-02-22,ALPHA,AAPL,700
2023-02-22,ALPHA,KO,-6600
2023-02-22,ALPHA,MSFT,-2600
2023-02-22,ALPHA,NVDA,5800
2023-02-22,ALPHA,SAP.DE,7900
2023-02-22,DELTA,AAPL,-6100
2023-02-22,DELTA,GS,-400
2023-02-22,DELTA,JPM,1400
2023-02-22,DELTA,SHEL.L,8000
2023-02-22,DELTA,XOM,-2200
2023-02-22,MACRO,NVDA,400
2023-02-22,MACRO,PG,2400
2023-02-22,MACRO,SAP.DE,7000
2023-02-22,MACRO,XOM,4100
2023-02-23,ALPHA,AAPL,700
2023-02-23,ALPHA,KO,-6600
2023-02-23,ALPHA,MSFT,-2600
2023-02-23,ALPHA,NVDA,5800
2023-02-23,ALPHA,SAP.DE,7900
2023-02-23,DELTA,AAPL,-6100
2023-02-23,DELTA,GS,-400
2023-02-23,DELTA,JPM,1400
2023-02-23,DELTA,SHEL.L,8000
2023-02-23,DELTA,XOM,-2200
2023-02-23,MACRO,NVDA,400
2023-02-23,MACRO,PG,2400
2023-02-23,MACRO,SAP.DE,7000
2023-02-23,MACRO,XOM,4100
2023-02-24,ALPHA,AAPL,700
2023-02-24,ALPHA,KO,-6600
2023-02-24,ALPHA,MSFT,-2600
2023-02-24,ALPHA,NVDA,5800
2023-02-24,ALPHA,SAP.DE,7900
2023-02-24,DELTA,AAPL,-6100
2023-02-24,DELTA,GS,-400
2023-02-24,DELTA,JPM,1400
2023-02-24,DELTA,SHEL.L,8000
2023-02-24,DELTA,XOM,-2200
2023-02-24,MACRO,NVDA,400
2023-02-24,MACRO,PG,2400
2023-02-24,MACRO,SAP.DE,7000
2023-02-24,MACRO,XOM,4100
2023-02-27,ALPHA,AAPL,700
2023-02-27,ALPHA,KO,-6600
2023-02-27,ALPHA,MSFT,-2600
2023-02-27,ALPHA,NVDA,5800
2023-02-27,ALPHA,SAP.DE,7900
2023-02-27,DELTA,AAPL,-6100
2023-02-27,DELTA,GS,-400
2023-02-27,DELTA,JPM,1400
2023-02-27,DELTA,SHEL.L,8000
2023-02-27,DELTA,XOM,-2200
2023-02-27,MACRO,NVDA,400
2023-02-27,MACRO,PG,2400
2023-02-27,MACRO,SAP.DE,7000
2023-02-27,MACRO,XOM,4100
2023-02-28,ALPHA,AAPL,700
2023-02-28,ALPHA,KO,-6600
2023-02-28,ALPHA,MSFT,-2600
2023-02-28,ALPHA,NVDA,5800
2023-02-28,ALPHA,SAP.DE,7900
2023-02-28,DELTA,AAPL,-6100
2023-02-28,DELTA,GS,-400
2023-02-28,DELTA,JPM,1400
2023-02-28,DELTA,SHEL.L,8000
2023-02-28,DELTA,XOM,-2200
2023-02-28,MACRO,NVDA,400
2023-02-28,MACRO,PG,2400
2023-02-28,MACRO,SAP.DE,7000
2023-02-28,MACRO,XOM,4100
2023-03-01,ALPHA,AAPL,-3700
2023-03-01,ALPHA,KO,-4900
2023-03-01,ALPHA,MSFT,-1400
2023-03-01,ALPHA,NVDA,6300
2023-03-01,ALPHA,SAP.DE,4700
2023-03-01,DELTA,AAPL,-5600
2023-03-01,DELTA,GS,-1200
2023-03-01,DELTA,JPM,400
2023-03-01,DELTA,SHEL.L,8500
2023-03-01,DELTA,XOM,-300
2023-03-01,MACRO,NVDA,700
2023-03-01,MACRO,PG,4000
2023-03-01,MACRO,SAP.DE,6800
2023-03-01,MACRO,XOM,3400
2023-03-02,ALPHA,AAPL,-3700
2023-03-02,ALPHA,KO,-4900
2023-03-02,ALPHA,MSFT,-1400
2023-03-02,ALPHA,NVDA,6300
2023-03-02,ALPHA,SAP.DE,4700
2023-03-02,DELTA,AAPL,-5600
2023-03-02,DELTA,GS,-1200
2023-03-02,DELTA,JPM,400
2023-03-02,DELTA,SHEL.L,8500
2023-03-02,DELTA,XOM,-300
2023-03-02,MACRO,NVDA,700
2023-03-02,MACRO,PG,4000
2023-03-02,MACRO,SAP.DE,6800
2023-03-02,MACRO,XOM,3400
2023-03-03,ALPHA,AAPL,-3700
2023-03-03,ALPHA,KO,-4900
2023-03-03,ALPHA,MSFT,-1400
2023-03-03,ALPHA,NVDA,6300
2023-03-03,ALPHA,SAP.DE,4700
2023-03-03,DELTA,AAPL,-5600
2023-03-03,DELTA,GS,-1200
2023-03-03,DELTA,JPM,400
2023-03-03,DELTA,SHEL.L,8500
2023-03-03,DELTA,XOM,-300
2023-03-03,MACRO,NVDA,700
2023-03-03,MACRO,PG,4000
2023-03-03,MACRO,SAP.DE,6800
2023-03-03,MACRO,XOM,3400
2023-03-06,ALPHA,AAPL,-3700
2023-03-06,ALPHA,KO,-4900
2023-03-06,ALPHA,MSFT,-1400
2023-03-06,ALPHA,NVDA,6300
2023-03-06,ALPHA,SAP.DE,4700
2023-03-06,DELTA,AAPL,-5600
2023-03-06,DELTA,GS,-1200
2023-03-06,DELTA,JPM,400
2023-03-06,DELTA,SHEL.L,8500
2023-03-06,DELTA,XOM,-300
2023-03-06,MACRO,NVDA,700
2023-03-06,MACRO,PG,4000
2023-03-06,MACRO,SAP.DE,6800
2023-03-06,MACRO,XOM,3400
2023-03-07,ALPHA,AAPL,-3700
2023-03-07,ALPHA,KO,-4900
2023-03-07,ALPHA,MSFT,-1400
2023-03-07,ALPHA,NVDA,6300
2023-03-07,ALPHA,SAP.DE,4700
2023-03-07,DELTA,AAPL,-5600
2023-03-07,DELTA,GS,-1200
2023-03-07,DELTA,JPM,400
2023-03-07,DELTA,SHEL.L,8500
2023-03-07,DELTA,XOM,-300
2023-03-07,MACRO,NVDA,700
2023-03-07,MACRO,PG,4000
2023-03-07,MACRO,SAP.DE,6800
2023-03-07,MACRO,XOM,3400
2023-03-08,ALPHA,AAPL,-3700
2023-03-08,ALPHA,KO,-4900
2023-03-08,ALPHA,MSFT,-1400
2023-03-08,ALPHA,NVDA,6300
2023-03-08,ALPHA,SAP.DE,4700
2023-03-08,DELTA,AAPL,-5600
2023-03-08,DELTA,GS,-1200
2023-03-08,DELTA,JPM,400
2023-03-08,DELTA,SHEL.L,8500
2023-03-08,DELTA,XOM,-300
2023-03-08,MACRO,NVDA,700
2023-03-08,MACRO,PG,4000
2023-03-08,MACRO,SAP.DE,6800
2023-03-08,MACRO,XOM,3400
2023-03-09,ALPHA,AAPL,-3700
2023-03-09,ALPHA,KO,-4900
2023-03-09,ALPHA,MSFT,-1400
2023-03-09,ALPHA,NVDA,6300
2023-03-09,ALPHA,SAP.DE,4700
2023-03-09,DELTA,AAPL,-5600
2023-03-09,DELTA,GS,-1200
2023-03-09,DELTA,JPM,400
2023-03-09,DELTA,SHEL.L,8500
2023-03-09,DELTA,XOM,-300
2023-03-09,MACRO,NVDA,700
2023-03-09,MACRO,PG,4000
2023-03-09,MACRO,SAP.DE,6800
2023-03-09,MACRO,XOM,3400
2023-03-10,ALPHA,AAPL,-3700
2023-03-10,ALPHA,KO,-4900
2023-03-10,ALPHA,MSFT,-1400
2023-03-10,ALPHA,NVDA,6300
2023-03-10,ALPHA,SAP.DE,4700
2023-03-10,DELTA,AAPL,-5600
2023-03-10,DELTA,GS,-1200
2023-03-10,DELTA,JPM,400
2023-03-10,DELTA,SHEL.L,8500
2023-03-10,DELTA,XOM,-300
2023-03-10,MACRO,NVDA,700
2023-03-10,MACRO,PG,4000
2023-03-10,MACRO,SAP.DE,6800
2023-03-10,MACRO,XOM,3400
2023-03-13,ALPHA,AAPL,-3700
2023-03-13,ALPHA,KO,-4900
2023-03-13,ALPHA,MSFT,-1400
2023-03-13,ALPHA,NVDA,6300
2023-03-13,ALPHA,SAP.DE,4700
2023-03-13,DELTA,AAPL,-5600
2023-03-13,DELTA,GS,-1200
2023-03-13,DELTA,JPM,400
2023-03-13,DELTA,SHEL.L,8500
2023-03-13,DELTA,XOM,-300
2023-03-13,MACRO,NVDA,700
2023-03-13,MACRO,PG,4000
2023-03-13,MACRO,SAP.DE,6800
2023-03-13,MACRO,XOM,3400
2023-03-14,ALPHA,AAPL,-3700
2023-03-14,ALPHA,KO,-4900
2023-03-14,ALPHA,MSFT,-1400
2023-03-14,ALPHA,NVDA,6300
2023-03-14,ALPHA,SAP.DE,4700
2023-03-14,DELTA,AAPL,-5600
2023-03-14,DELTA,GS,-1200
2023-03-14,DELTA,JPM,400
2023-03-14,DELTA,SHEL.L,8500
2023-03-14,DELTA,XOM,-300
2023-03-14,MACRO,NVDA,700
2023-03-14,MACRO,PG,4000
2023-03-14,MACRO,SAP.DE,6800
2023-03-14,MACRO,XOM,3400
2023-03-15,ALPHA,AAPL,-3700
2023-03-15,ALPHA,KO,-4900
2023-03-15,ALPHA,MSFT,-1400
2023-03-15,ALPHA,NVDA,6300
2023-03-15,ALPHA,SAP.DE,4700
2023-03-15,DELTA,AAPL,-5600
2023-03-15,DELTA,GS,-1200
2023-03-15,DELTA,JPM,400
2023-03-15,DELTA,SHEL.L,8500
2023-03-15,DELTA,XOM,-300
2023-03-15,MACRO,NVDA,700
2023-03-15,MACRO,PG,4000
2023-03-15,MACRO,SAP.DE,6800
2023-03-15,MACRO,XOM,3400
2023-03-16,ALPHA,AAPL,-3700
2023-03-16,ALPHA,KO,-4900
2023-03-16,ALPHA,MSFT,-1400
2023-03-16,ALPHA,NVDA,6300
2023-03-16,ALPHA,SAP.DE,4700
2023-03-16,DELTA,AAPL,-5600
2023-03-16,DELTA,GS,-1200
2023-03-16,DELTA,JPM,400
2023-03-16,DELTA,SHEL.L,8500
2023-03-16,DELTA,XOM,-300
2023-03-16,MACRO,NVDA,700
2023-03-16,MACRO,PG,4000
2023-03-16,MACRO,SAP.DE,6800
2023-03-16,MACRO,XOM,3400
2023-03-17,ALPHA,AAPL,-3700
2023-03-17,ALPHA,KO,-4900
2023-03-17,ALPHA,MSFT,-1400
2023-03-17,ALPHA,NVDA,6300
2023-03-17,ALPHA,SAP.DE,4700
2023-03-17,DELTA,AAPL,-5600
2023-03-17,DELTA,GS,-1200
2023-03-17,DELTA,JPM,400
2023-03-17,DELTA,SHEL.L,8500
2023-03-17,DELTA,XOM,-300
2023-03-17,MACRO,NVDA,700
2023-03-17,MACRO,PG,4000
2023-03-17,MACRO,SAP.DE,6800
2023-03-17,MACRO,XOM,3400
2023-03-20,ALPHA,AAPL,-3700
2023-03-20,ALPHA,KO,-4900
2023-03-20,ALPHA,MSFT,-1400
2023-03-20,ALPHA,NVDA,6300
2023-03-20,ALPHA,SAP.DE,4700
2023-03-20,DELTA,AAPL,-5600
2023-03-20,DELTA,GS,-1200
2023-03-20,DELTA,JPM,400
2023-03-20,DELTA,SHEL.L,8500
2023-03-20,DELTA,XOM,-300
2023-03-20,MACRO,NVDA,700
2023-03-20,MACRO,PG,4000
2023-03-20,MACRO,SAP.DE,6800
2023-03-20,MACRO,XOM,3400
2023-03-21,ALPHA,AAPL,-3700
2023-03-21,ALPHA,KO,-4900
2023-03-21,ALPHA,MSFT,-1400
2023-03-21,ALPHA,NVDA,6300
2023-03-21,ALPHA,SAP.DE,4700
2023-03-21,DELTA,AAPL,-5600
2023-03-21,DELTA,GS,-1200
2023-03-21,DELTA,JPM,400
2023-03-21,DELTA,SHEL.L,8500
2023-03-21,DELTA,XOM,-300
2023-03-21,MACRO,NVDA,700
2023-03-21,MACRO,PG,4000
2023-03-21,MACRO,SAP.DE,6800
2023-03-21,MACRO,XOM,3400
2023-03-22,ALPHA,AAPL,-3700
2023-03-22,ALPHA,KO,-4900
2023-03-22,ALPHA,MSFT,-1400
2023-03-22,ALPHA,NVDA,6300
2023-03-22,ALPHA,SAP.DE,4700
2023-03-22,DELTA,AAPL,-5600
2023-03-22,DELTA,GS,-1200
2023-03-22,DELTA,JPM,400
2023-03-22,DELTA,SHEL.L,8500
2023-03-22,DELTA,XOM,-300
2023-03-22,MACRO,NVDA,700
2023-03-22,MACRO,PG,4000
2023-03-22,MACRO,SAP.DE,6800
2023-03-22,MACRO,XOM,3400
2023-03-23,ALPHA,AAPL,-3700
2023-03-23,ALPHA,KO,-4900
2023-03-23,ALPHA,MSFT,-1400
2023-03-23,ALPHA,NVDA,6300
2023-03-23,ALPHA,SAP.DE,4700
2023-03-23,DELTA,AAPL,-5600
2023-03-23,DELTA,GS,-1200
2023-03-23,DELTA,JPM,400
2023-03-23,DELTA,SHEL.L,8500
2023-03-23,DELTA,XOM,-300
2023-03-23,MACRO,NVDA,700
2023-03-23,MACRO,PG,4000
2023-03-23,MACRO,SAP.DE,6800
2023-03-23,MACRO,XOM,3400
2023-03-24,ALPHA,AAPL,-3700
2023-03-24,ALPHA,KO,-4900
2023-03-24,ALPHA,MSFT,-1400
2023-03-24,ALPHA,NVDA,6300
2023-03-24,ALPHA,SAP.DE,4700
2023-03-24,DELTA,AAPL,-5600
2023-03-24,DELTA,GS,-1200
2023-03-24,DELTA,JPM,400
2023-03-24,DELTA,SHEL.L,8500
2023-03-24,DELTA,XOM,-300
2023-03-24,MACRO,NVDA,700
2023-03-24,MACRO,PG,4000
2023-03-24,MACRO,SAP.DE,6800
2023-03-24,MACRO,XOM,3400
2023-03-27,ALPHA,AAPL,-3700
2023-03-27,ALPHA,KO,-4900
2023-03-27,ALPHA,MSFT,-1400
2023-03-27,ALPHA,NVDA,6300
2023-03-27,ALPHA,SAP.DE,4700
2023-03-27,DELTA,AAPL,-5600
2023-03-27,DELTA,GS,-1200
2023-03-27,DELTA,JPM,400
2023-03-27,DELTA,SHEL.L,8500
2023-03-27,DELTA,XOM,-300
2023-03-27,MACRO,NVDA,700
2023-03-27,MACRO,PG,4000
2023-03-27,MACRO,SAP.DE,6800
2023-03-27,MACRO,XOM,3400
2023-03-28,ALPHA,AAPL,-3700
2023-03-28,ALPHA,KO,-4900
2023-03-28,ALPHA,MSFT,-1400
2023-03-28,ALPHA,NVDA,6300
2023-03-28,ALPHA,SAP.DE,4700
2023-03-28,DELTA,AAPL,-5600
2023-03-28,DELTA,GS,-1200
2023-03-28,DELTA,JPM,400
2023-03-28,DELTA,SHEL.L,8500
2023-03-28,DELTA,XOM,-300
2023-03-28,MACRO,NVDA,700
2023-03-28,MACRO,PG,4000
2023-03-28,MACRO,SAP.DE,6800
2023-03-28,MACRO,XOM,3400
2023-03-29,ALPHA,AAPL,-3700
2023-03-29,ALPHA,KO,-4900
2023-03-29,ALPHA,MSFT,-1400
2023-03-29,ALPHA,NVDA,6300
2023-03-29,ALPHA,SAP.DE,4700
2023-03-29,DELTA,AAPL,-5600
2023-03-29,DELTA,GS,-1200
2023-03-29,DELTA,JPM,400
2023-03-29,DELTA,SHEL.L,8500
2023-03-29,DELTA,XOM,-300
2023-03-29,MACRO,NVDA,700
2023-03-29,MACRO,PG,4000
2023-03-29,MACRO,SAP.DE,6800
2023-03-29,MACRO,XOM,3400
2023-03-30,ALPHA,AAPL,-3700
2023-03-30,ALPHA,KO,-4900
2023-03-30,ALPHA,MSFT,-1400
2023-03-30,ALPHA,NVDA,6300
2023-03-30,ALPHA,SAP.DE,4700
2023-03-30,DELTA,AAPL,-5600
2023-03-30,DELTA,GS,-1200
2023-03-30,DELTA,JPM,400
2023-03-30,DELTA,SHEL.L,8500
2023-03-30,DELTA,XOM,-300
2023-03-30,MACRO,NVDA,700
2023-03-30,MACRO,PG,4000
2023-03-30,MACRO,SAP.DE,6800
2023-03-30,MACRO,XOM,3400
2023-03-31,ALPHA,AAPL,-3700
2023-03-31,ALPHA,KO,-4900
2023-03-31,ALPHA,MSFT,-1400
2023-03-31,ALPHA,NVDA,6300
2023-03-31,ALPHA,SAP.DE,4700
2023-03-31,DELTA,AAPL,-5600
2023-03-31,DELTA,GS,-1200
2023-03-31,DELTA,JPM,400
2023-03-31,DELTA,SHEL.L,8500
2023-03-31,DELTA,XOM,-300
2023-03-31,MACRO,NVDA,700
2023-03-31,MACRO,PG,4000
2023-03-31,MACRO,SAP.DE,6800
2023-03-31,MACRO,XOM,3400
2023-04-03,ALPHA,AAPL,-1500
2023-04-03,ALPHA,KO,-3400
2023-04-03,ALPHA,MSFT,1300
2023-04-03,ALPHA,NVDA,4200
2023-04-03,ALPHA,SAP.DE,6200
2023-04-03,DELTA,AAPL,-5400
2023-04-03,DELTA,GS,800
2023-04-03,DELTA,JPM,400
2023-04-03,DELTA,SHEL.L,5000
2023-04-03,DELTA,XOM,-100
2023-04-03,MACRO,NVDA,-1000
2023-04-03,MACRO,PG,3300
2023-04-03,MACRO,SAP.DE,7600
2023-04-03,MACRO,XOM,600
2023-04-04,ALPHA,AAPL,-1500
2023-04-04,ALPHA,KO,-3400
2023-04-04,ALPHA,MSFT,1300
2023-04-04,ALPHA,NVDA,4200
2023-04-04,ALPHA,SAP.DE,6200
2023-04-04,DELTA,AAPL,-5400
2023-04-04,DELTA,GS,800
2023-04-04,DELTA,JPM,400
2023-04-04,DELTA,SHEL.L,5000
2023-04-04,DELTA,XOM,-100
2023-04-04,MACRO,NVDA,-1000
2023-04-04,MACRO,PG,3300
2023-04-04,MACRO,SAP.DE,7600
2023-04-04,MACRO,XOM,600
2023-04-05,ALPHA,AAPL,-1500
2023-04-05,ALPHA,KO,-3400
2023-04-05,ALPHA,MSFT,1300
2023-04-05,ALPHA,NVDA,4200
2023-04-05,ALPHA,SAP.DE,6200
2023-04-05,DELTA,AAPL,-5400
2023-04-05,DELTA,GS,800
2023-04-05,DELTA,JPM,400
2023-04-05,DELTA,SHEL.L,5000
2023-04-05,DELTA,XOM,-100
2023-04-05,MACRO,NVDA,-1000
2023-04-05,MACRO,PG,3300
2023-04-05,MACRO,SAP.DE,7600
2023-04-05,MACRO,XOM,600
2023-04-06,ALPHA,AAPL,-1500
2023-04-06,ALPHA,KO,-3400
2023-04-06,ALPHA,MSFT,1300
2023-04-06,ALPHA,NVDA,4200
2023-04-06,ALPHA,SAP.DE,6200
2023-04-06,DELTA,AAPL,-5400
2023-04-06,DELTA,GS,800
2023-04-06,DELTA,JPM,400
2023-04-06,DELTA,SHEL.L,5000
2023-04-06,DELTA,XOM,-100
2023-04-06,MACRO,NVDA,-1000
2023-04-06,MACRO,PG,3300
2023-04-06,MACRO,SAP.DE,7600
2023-04-06,MACRO,XOM,600
2023-04-10,ALPHA,AAPL,-1500
2023-04-10,ALPHA,KO,-3400
2023-04-10,ALPHA,MSFT,1300
2023-04-10,ALPHA,NVDA,4200
2023-04-10,ALPHA,SAP.DE,6200
2023-04-10,DELTA,AAPL,-5400
2023-04-10,DELTA,GS,800
2023-04-10,DELTA,JPM,400
2023-04-10,DELTA,SHEL.L,5000
2023-04-10,DELTA,XOM,-100
2023-04-10,MACRO,NVDA,-1000
2023-04-10,MACRO,PG,3300
2023-04-10,MACRO,SAP.DE,7600
2023-04-10,MACRO,XOM,600
2023-04-11,ALPHA,AAPL,-1500
2023-04-11,ALPHA,KO,-3400
2023-04-11,ALPHA,MSFT,1300
2023-04-11,ALPHA,NVDA,4200
2023-04-11,ALPHA,SAP.DE,6200
2023-04-11,DELTA,AAPL,-5400
2023-04-11,DELTA,GS,800
2023-04-11,DELTA,JPM,400
2023-04-11,DELTA,SHEL.L,5000
2023-04-11,DELTA,XOM,-100
2023-04-11,MACRO,NVDA,-1000
2023-04-11,MACRO,PG,3300
2023-04-11,MACRO,SAP.DE,7600
2023-04-11,MACRO,XOM,600
2023-04-12,ALPHA,AAPL,-1500
2023-04-12,ALPHA,KO,-3400
2023-04-12,ALPHA,MSFT,1300
2023-04-12,ALPHA,NVDA,4200
2023-04-12,ALPHA,SAP.DE,6200
2023-04-12,DELTA,AAPL,-5400
2023-04-12,DELTA,GS,800
2023-04-12,DELTA,JPM,400
2023-04-12,DELTA,SHEL.L,5000
2023-04-12,DELTA,XOM,-100
2023-04-12,MACRO,NVDA,-1000
2023-04-12,MACRO,PG,3300
2023-04-12,MACRO,SAP.DE,7600
2023-04-12,MACRO,XOM,600
2023-04-13,ALPHA,AAPL,-1500
2023-04-13,ALPHA,KO,-3400
2023-04-13,ALPHA,MSFT,1300
2023-04-13,ALPHA,NVDA,4200
2023-04-13,ALPHA,SAP.DE,6200
2023-04-13,DELTA,AAPL,-5400
2023-04-13,DELTA,GS,800
2023-04-13,DELTA,JPM,400
2023-04-13,DELTA,SHEL.L,5000
2023-04-13,DELTA,XOM,-100
2023-04-13,MACRO,NVDA,-1000
2023-04-13,MACRO,PG,3300
2023-04-13,MACRO,SAP.DE,7600
2023-04-13,MACRO,XOM,600
2023-04-14,ALPHA,AAPL,-1500
2023-04-14,ALPHA,KO,-3400
2023-04-14,ALPHA,MSFT,1300
2023-04-14,ALPHA,NVDA,4200
2023-04-14,ALPHA,SAP.DE,6200
2023-04-14,DELTA,AAPL,-5400
2023-04-14,DELTA,GS,800
2023-04-14,DELTA,JPM,400
2023-04-14,DELTA,SHEL.L,5000
2023-04-14,DELTA,XOM,-100
2023-04-14,MACRO,NVDA,-1000
2023-04-14,MACRO,PG,3300
2023-04-14,MACRO,SAP.DE,7600
2023-04-14,MACRO,XOM,600
2023-04-17,ALPHA,AAPL,-1500
2023-04-17,ALPHA,KO,-3400
2023-04-17,ALPHA,MSFT,1300
2023-04-17,ALPHA,NVDA,4200
2023-04-17,ALPHA,SAP.DE,6200
2023-04-17,DELTA,AAPL,-5400
2023-04-17,DELTA,GS,800
2023-04-17,DELTA,JPM,400
2023-04-17,DELTA,SHEL.L,5000
2023-04-17,DELTA,XOM,-100
2023-04-17,MACRO,NVDA,-1000
2023-04-17,MACRO,PG,3300
2023-04-17,MACRO,SAP.DE,7600
2023-04-17,MACRO,XOM,600
2023-04-18,ALPHA,AAPL,-1500
2023-04-18,ALPHA,KO,-3400
2023-04-18,ALPHA,MSFT,1300
2023-04-18,ALPHA,NVDA,4200
2023-04-18,ALPHA,SAP.DE,6200
2023-04-18,DELTA,AAPL,-5400
2023-04-18,DELTA,GS,800
2023-04-18,DELTA,JPM,400
2023-04-18,DELTA,SHEL.L,5000
2023-04-18,DELTA,XOM,-100
2023-04-18,MACRO,NVDA,-1000
2023-04-18,MACRO,PG,3300
2023-04-18,MACRO,SAP.DE,7600
2023-04-18,MACRO,XOM,600
2023-04-19,ALPHA,AAPL,-1500
2023-04-19,ALPHA,KO,-3400
2023-04-19,ALPHA,MSFT,1300
2023-04-19,ALPHA,NVDA,4200
2023-04-19,ALPHA,SAP.DE,6200
2023-04-19,DELTA,AAPL,-5400
2023-04-19,DELTA,GS,800
2023-04-19,DELTA,JPM,400
2023-04-19,DELTA,SHEL.L,5000
2023-04-19,DELTA,XOM,-100
2023-04-19,MACRO,NVDA,-1000
2023-04-19,MACRO,PG,3300
2023-04-19,MACRO,SAP.DE,7600
2023-04-19,MACRO,XOM,600
2023-04-20,ALPHA,AAPL,-1500
2023-04-20,ALPHA,KO,-3400
2023-04-20,ALPHA,MSFT,1300
2023-04-20,ALPHA,NVDA,4200
2023-04-20,ALPHA,SAP.DE,6200
2023-04-20,DELTA,AAPL,-5400
2023-04-20,DELTA,GS,800
2023-04-20,DELTA,JPM,400
2023-04-20,DELTA,SHEL.L,5000
2023-04-20,DELTA,XOM,-100
2023-04-20,MACRO,NVDA,-1000
2023-04-20,MACRO,PG,3300
2023-04-20,MACRO,SAP.DE,7600
2023-04-20,MACRO,XOM,600
2023-04-21,ALPHA,AAPL,-1500
2023-04-21,ALPHA,KO,-3400
2023-04-21,ALPHA,MSFT,1300
2023-04-21,ALPHA,NVDA,4200
2023-04-21,ALPHA,SAP.DE,6200
2023-04-21,DELTA,AAPL,-5400
2023-04-21,DELTA,GS,800
2023-04-21,DELTA,JPM,400
2023-04-21,DELTA,SHEL.L,5000
2023-04-21,DELTA,XOM,-100
2023-04-21,MACRO,NVDA,-1000
2023-04-21,MACRO,PG,3300
2023-04-21,MACRO,SAP.DE,7600
2023-04-21,MACRO,XOM,600
2023-04-24,ALPHA,AAPL,-1500
2023-04-24,ALPHA,KO,-3400
2023-04-24,ALPHA,MSFT,1300
2023-04-24,ALPHA,NVDA,4200
2023-04-24,ALPHA,SAP.DE,6200
2023-04-24,DELTA,AAPL,-5400
2023-04-24,DELTA,GS,800
2023-04-24,DELTA,JPM,400
2023-04-24,DELTA,SHEL.L,5000
2023-04-24,DELTA,XOM,-100
2023-04-24,MACRO,NVDA,-1000
2023-04-24,MACRO,PG,3300
2023-04-24,MACRO,SAP.DE,7600
2023-04-24,MACRO,XOM,600
2023-04-25,ALPHA,AAPL,-1500
2023-04-25,ALPHA,KO,-3400
2023-04-25,ALPHA,MSFT,1300
2023-04-25,ALPHA,NVDA,4200
2023-04-25,ALPHA,SAP.DE,6200
2023-04-25,DELTA,AAPL,-5400
2023-04-25,DELTA,GS,800
2023-04-25,DELTA,JPM,400
2023-04-25,DELTA,SHEL.L,5000
2023-04-25,DELTA,XOM,-100
2023-04-25,MACRO,NVDA,-1000
2023-04-25,MACRO,PG,3300
2023-04-25,MACRO,SAP.DE,7600
2023-04-25,MACRO,XOM,600
2023-04-26,ALPHA,AAPL,-1500
2023-04-26,ALPHA,KO,-3400
2023-04-26,ALPHA,MSFT,1300
2023-04-26,ALPHA,NVDA,4200
2023-04-26,ALPHA,SAP.DE,6200
2023-04-26,DELTA,AAPL,-5400
2023-04-26,DELTA,GS,800
2023-04-26,DELTA,JPM,400
2023-04-26,DELTA,SHEL.L,5000
2023-04-26,DELTA,XOM,-100
2023-04-26,MACRO,NVDA,-1000
2023-04-26,MACRO,PG,3300
2023-04-26,MACRO,SAP.DE,7600
2023-04-26,MACRO,XOM,600
2023-04-27,ALPHA,AAPL,-1500
2023-04-27,ALPHA,KO,-3400
2023-04-27,ALPHA,MSFT,1300
2023-04-27,ALPHA,NVDA,4200
2023-04-27,ALPHA,SAP.DE,6200
2023-04-27,DELTA,AAPL,-5400
2023-04-27,DELTA,GS,800
2023-04-27,DELTA,JPM,400
2023-04-27,DELTA,SHEL.L,5000
2023-04-27,DELTA,XOM,-100
2023-04-27,MACRO,NVDA,-1000
2023-04-27,MACRO,PG,3300
2023-04-27,MACRO,SAP.DE,7600
2023-04-27,MACRO,XOM,600
2023-04-28,ALPHA,AAPL,-1500
2023-04-28,ALPHA,KO,-3400
2023-04-28,ALPHA,MSFT,1300
2023-04-28,ALPHA,NVDA,4200
2023-04-28,ALPHA,SAP.DE,6200
2023-04-28,DELTA,AAPL,-5400
2023-04-28,DELTA,GS,800
2023-04-28,DELTA,JPM,400
2023-04-28,DELTA,SHEL.L,5000
2023-04-28,DELTA,XOM,-100
2023-04-28,MACRO,NVDA,-1000
2023-04-28,MACRO,PG,3300
2023-04-28,MACRO,SAP.DE,7600
2023-04-28,MACRO,XOM,600
2023-05-01,ALPHA,AAPL,-9100
2023-05-01,ALPHA,KO,-1900
2023-05-01,ALPHA,MSFT,-200
2023-05-01,ALPHA,NVDA,6700
2023-05-01,ALPHA,SAP.DE,3300
2023-05-01,DELTA,AAPL,-11000
2023-05-01,DELTA,GS,-400
2023-05-01,DELTA,JPM,500
2023-05-01,DELTA,SHEL.L,2000
2023-05-01,DELTA,XOM,-5300
2023-05-01,MACRO,NVDA,1400
2023-05-01,MACRO,PG,-300
2023-05-01,MACRO,SAP.DE,6300
2023-05-01,MACRO,XOM,100
2023-05-02,ALPHA,AAPL,-9100
2023-05-02,ALPHA,KO,-1900
2023-05-02,ALPHA,MSFT,-200
2023-05-02,ALPHA,NVDA,6700
2023-05-02,ALPHA,SAP.DE,3300
2023-05-02,DELTA,AAPL,-11000
2023-05-02,DELTA,GS,-400
2023-05-02,DELTA,JPM,500
2023-05-02,DELTA,SHEL.L,2000
2023-05-02,DELTA,XOM,-5300
2023-05-02,MACRO,NVDA,1400
2023-05-02,MACRO,PG,-300
2023-05-02,MACRO,SAP.DE,6300
2023-05-02,MACRO,XOM,100
2023-05-03,ALPHA,AAPL,-9100
2023-05-03,ALPHA,KO,-1900
2023-05-03,ALPHA,MSFT,-200
2023-05-03,ALPHA,NVDA,6700
2023-05-03,ALPHA,SAP.DE,3300
2023-05-03,DELTA,AAPL,-11000
2023-05-03,DELTA,GS,-400
2023-05-03,DELTA,JPM,500
2023-05-03,DELTA,SHEL.L,2000
2023-05-03,DELTA,XOM,-5300
2023-05-03,MACRO,NVDA,1400
2023-05-03,MACRO,PG,-300
2023-05-03,MACRO,SAP.DE,6300
2023-05-03,MACRO,XOM,100
2023-05-04,ALPHA,AAPL,-9100
2023-05-04,ALPHA,KO,-1900
2023-05-04,ALPHA,MSFT,-200
2023-05-04,ALPHA,NVDA,6700
2023-05-04,ALPHA,SAP.DE,3300
2023-05-04,DELTA,AAPL,-11000
2023-05-04,DELTA,GS,-400
2023-05-04,DELTA,JPM,500
2023-05-04,DELTA,SHEL.L,2000
2023-05-04,DELTA,XOM,-5300
2023-05-04,MACRO,NVDA,1400
2023-05-04,MACRO,PG,-300
2023-05-04,MACRO,SAP.DE,6300
2023-05-04,MACRO,XOM,100
2023-05-05,ALPHA,AAPL,-9100
2023-05-05,ALPHA,KO,-1900
2023-05-05,ALPHA,MSFT,-200
2023-05-05,ALPHA,NVDA,6700
2023-05-05,ALPHA,SAP.DE,3300
2023-05-05,DELTA,AAPL,-11000
2023-05-05,DELTA,GS,-400
2023-05-05,DELTA,JPM,500
2023-05-05,DELTA,SHEL.L,2000
2023-05-05,DELTA,XOM,-5300
2023-05-05,MACRO,NVDA,1400
2023-05-05,MACRO,PG,-300
2023-05-05,MACRO,SAP.DE,6300
2023-05-05,MACRO,XOM,100
2023-05-08,ALPHA,AAPL,-9100
2023-05-08,ALPHA,KO,-1900
2023-05-08,ALPHA,MSFT,-200
2023-05-08,ALPHA,NVDA,6700
2023-05-08,ALPHA,SAP.DE,3300
2023-05-08,DELTA,AAPL,-11000
2023-05-08,DELTA,GS,-400
2023-05-08,DELTA,JPM,500
2023-05-08,DELTA,SHEL.L,2000
2023-05-08,DELTA,XOM,-5300
2023-05-08,MACRO,NVDA,1400
2023-05-08,MACRO,PG,-300
2023-05-08,MACRO,SAP.DE,6300
2023-05-08,MACRO,XOM,100
2023-05-09,ALPHA,AAPL,-9100
2023-05-09,ALPHA,KO,-1900
2023-05-09,ALPHA,MSFT,-200
2023-05-09,ALPHA,NVDA,6700
2023-05-09,ALPHA,SAP.DE,3300
2023-05-09,DELTA,AAPL,-11000
2023-05-09,DELTA,GS,-400
2023-05-09,DELTA,JPM,500
2023-05-09,DELTA,SHEL.L,2000
2023-05-09,DELTA,XOM,-5300
2023-05-09,MACRO,NVDA,1400
2023-05-09,MACRO,PG,-300
2023-05-09,MACRO,SAP.DE,6300
2023-05-09,MACRO,XOM,100
2023-05-10,ALPHA,AAPL,-9100
2023-05-10,ALPHA,KO,-1900
2023-05-10,ALPHA,MSFT,-200
2023-05-10,ALPHA,NVDA,6700
2023-05-10,ALPHA,SAP.DE,3300
2023-05-10,DELTA,AAPL,-11000
2023-05-10,DELTA,GS,-400
2023-05-10,DELTA,JPM,500
2023-05-10,DELTA,SHEL.L,2000
2023-05-10,DELTA,XOM,-5300
2023-05-10,MACRO,NVDA,1400
2023-05-10,MACRO,PG,-300
2023-05-10,MACRO,SAP.DE,6300
2023-05-10,MACRO,XOM,100
2023-05-11,ALPHA,AAPL,-9100
2023-05-11,ALPHA,KO,-1900
2023-05-11,ALPHA,MSFT,-200
2023-05-11,ALPHA,NVDA,6700
2023-05-11,ALPHA,SAP.DE,3300
2023-05-11,DELTA,AAPL,-11000
2023-05-11,DELTA,GS,-400
2023-05-11,DELTA,JPM,500
2023-05-11,DELTA,SHEL.L,2000
2023-05-11,DELTA,XOM,-5300
2023-05-11,MACRO,NVDA,1400
2023-05-11,MACRO,PG,-300
2023-05-11,MACRO,SAP.DE,6300
2023-05-11,MACRO,XOM,100
2023-05-12,ALPHA,AAPL,-9100
2023-05-12,ALPHA,KO,-1900
2023-05-12,ALPHA,MSFT,-200
2023-05-12,ALPHA,NVDA,6700
2023-05-12,ALPHA,SAP.DE,3300
2023-05-12,DELTA,AAPL,-11000
2023-05-12,DELTA,GS,-400
2023-05-12,DELTA,JPM,500
2023-05-12,DELTA,SHEL.L,2000
2023-05-12,DELTA,XOM,-5300
2023-05-12,MACRO,NVDA,1400
2023-05-12,MACRO,PG,-300
2023-05-12,MACRO,SAP.DE,6300
2023-05-12,MACRO,XOM,100
2023-05-15,ALPHA,AAPL,-9100
2023-05-15,ALPHA,KO,-1900
2023-05-15,ALPHA,MSFT,-200
2023-05-15,ALPHA,NVDA,6700
2023-05-15,ALPHA,SAP.DE,3300
2023-05-15,DELTA,AAPL,-11000
2023-05-15,DELTA,GS,-400
2023-05-15,DELTA,JPM,500
2023-05-15,DELTA,SHEL.L,2000
2023-05-15,DELTA,XOM,-5300
2023-05-15,MACRO,NVDA,1400
2023-05-15,MACRO,PG,-300
2023-05-15,MACRO,SAP.DE,6300
2023-05-15,MACRO,XOM,100
2023-05-16,ALPHA,AAPL,-9100
2023-05-16,ALPHA,KO,-1900
2023-05-16,ALPHA,MSFT,-200
2023-05-16,ALPHA,NVDA,6700
2023-05-16,ALPHA,SAP.DE,3300
2023-05-16,DELTA,AAPL,-11000
2023-05-16,DELTA,GS,-400
2023-05-16,DELTA,JPM,500
2023-05-16,DELTA,SHEL.L,2000
2023-05-16,DELTA,XOM,-5300
2023-05-16,MACRO,NVDA,1400
2023-05-16,MACRO,PG,-300
2023-05-16,MACRO,SAP.DE,6300
2023-05-16,MACRO,XOM,100
2023-05-17,ALPHA,AAPL,-9100
2023-05-17,ALPHA,KO,-1900
2023-05-17,ALPHA,MSFT,-200
2023-05-17,ALPHA,NVDA,6700
2023-05-17,ALPHA,SAP.DE,3300
2023-05-17,DELTA,AAPL,-11000
2023-05-17,DELTA,GS,-400
2023-05-17,DELTA,JPM,500
2023-05-17,DELTA,SHEL.L,2000
2023-05-17,DELTA,XOM,-5300
2023-05-17,MACRO,NVDA,1400
2023-05-17,MACRO,PG,-300
2023-05-17,MACRO,SAP.DE,6300
2023-05-17,MACRO,XOM,100
2023-05-18,ALPHA,AAPL,-9100
2023-05-18,ALPHA,KO,-1900
2023-05-18,ALPHA,MSFT,-200
2023-05-18,ALPHA,NVDA,6700
2023-05-18,ALPHA,SAP.DE,3300
2023-05-18,DELTA,AAPL,-11000
2023-05-18,DELTA,GS,-400
2023-05-18,DELTA,JPM,500
2023-05-18,DELTA,SHEL.L,2000
2023-05-18,DELTA,XOM,-5300
2023-05-18,MACRO,NVDA,1400
2023-05-18,MACRO,PG,-300
2023-05-18,MACRO,SAP.DE,6300
2023-05-18,MACRO,XOM,100
2023-05-19,ALPHA,AAPL,-9100
2023-05-19,ALPHA,KO,-1900
2023-05-19,ALPHA,MSFT,-200
2023-05-19,ALPHA,NVDA,6700
2023-05-19,ALPHA,SAP.DE,3300
2023-05-19,DELTA,AAPL,-11000
2023-05-19,DELTA,GS,-400
2023-05-19,DELTA,JPM,500
2023-05-19,DELTA,SHEL.L,2000
2023-05-19,DELTA,XOM,-5300
2023-05-19,MACRO,NVDA,1400
2023-05-19,MACRO,PG,-300
2023-05-19,MACRO,SAP.DE,6300
2023-05-19,MACRO,XOM,100
2023-05-22,ALPHA,AAPL,-9100
2023-05-22,ALPHA,KO,-1900
2023-05-22,ALPHA,MSFT,-200
2023-05-22,ALPHA,NVDA,6700
2023-05-22,ALPHA,SAP.DE,3300
2023-05-22,DELTA,AAPL,-11000
2023-05-22,DELTA,GS,-400
2023-05-22,DELTA,JPM,500
2023-05-22,DELTA,SHEL.L,2000
2023-05-22,DELTA,XOM,-5300
2023-05-22,MACRO,NVDA,1400
2023-05-22,MACRO,PG,-300
2023-05-22,MACRO,SAP.DE,6300
2023-05-22,MACRO,XOM,100
2023-05-23,ALPHA,AAPL,-9100
2023-05-23,ALPHA,KO,-1900
2023-05-23,ALPHA,MSFT,-200
2023-05-23,ALPHA,NVDA,6700
2023-05-23,ALPHA,SAP.DE,3300
2023-05-23,DELTA,AAPL,-11000
2023-05-23,DELTA,GS,-400
2023-05-23,DELTA,JPM,500
2023-05-23,DELTA,SHEL.L,2000
2023-05-23,DELTA,XOM,-5300
2023-05-23,MACRO,NVDA,1400
2023-05-23,MACRO,PG,-300
2023-05-23,MACRO,SAP.DE,6300
2023-05-23,MACRO,XOM,100
2023-05-24,ALPHA,AAPL,-9100
2023-05-24,ALPHA,KO,-1900
2023-05-24,ALPHA,MSFT,-200
2023-05-24,ALPHA,NVDA,6700
2023-05-24,ALPHA,SAP.DE,3300
2023-05-24,DELTA,AAPL,-11000
2023-05-24,DELTA,GS,-400
2023-05-24,DELTA,JPM,500
2023-05-24,DELTA,SHEL.L,2000
2023-05-24,DELTA,XOM,-5300
2023-05-24,MACRO,NVDA,1400
2023-05-24,MACRO,PG,-300
2023-05-24,MACRO,SAP.DE,6300
2023-05-24,MACRO,XOM,100
2023-05-25,ALPHA,AAPL,-9100
2023-05-25,ALPHA,KO,-1900
2023-05-25,ALPHA,MSFT,-200
2023-05-25,ALPHA,NVDA,6700
2023-05-25,ALPHA,SAP.DE,3300
2023-05-25,DELTA,AAPL,-11000
2023-05-25,DELTA,GS,-400
2023-05-25,DELTA,JPM,500
2023-05-25,DELTA,SHEL.L,2000
2023-05-25,DELTA,XOM,-5300
2023-05-25,MACRO,NVDA,1400
2023-05-25,MACRO,PG,-300
2023-05-25,MACRO,SAP.DE,6300
2023-05-25,MACRO,XOM,100
2023-05-26,ALPHA,AAPL,-9100
2023-05-26,ALPHA,KO,-1900
2023-05-26,ALPHA,MSFT,-200
2023-05-26,ALPHA,NVDA,6700
2023-05-26,ALPHA,SAP.DE,3300
2023-05-26,DELTA,AAPL,-11000
2023-05-26,DELTA,GS,-400
2023-05-26,DELTA,JPM,500
2023-05-26,DELTA,SHEL.L,2000
2023-05-26,DELTA,XOM,-5300
2023-05-26,MACRO,NVDA,1400
2023-05-26,MACRO,PG,-300
2023-05-26,MACRO,SAP.DE,6300
2023-05-26,MACRO,XOM,100
2023-05-30,ALPHA,AAPL,-9100
2023-05-30,ALPHA,KO,-1900
2023-05-30,ALPHA,MSFT,-200
2023-05-30,ALPHA,NVDA,6700
2023-05-30,ALPHA,SAP.DE,3300
2023-05-30,DELTA,AAPL,-11000
2023-05-30,DELTA,GS,-400
2023-05-30,DELTA,JPM,500
2023-05-30,DELTA,SHEL.L,2000
2023-05-30,DELTA,XOM,-5300
2023-05-30,MACRO,NVDA,1400
2023-05-30,MACRO,PG,-300
2023-05-30,MACRO,SAP.DE,6300
2023-05-30,MACRO,XOM,100
2023-05-31,ALPHA,AAPL,-9100
2023-05-31,ALPHA,KO,-1900
2023-05-31,ALPHA,MSFT,-200
2023-05-31,ALPHA,NVDA,6700
2023-05-31,ALPHA,SAP.DE,3300
2023-05-31,DELTA,AAPL,-11000
2023-05-31,DELTA,GS,-400
2023-05-31,DELTA,JPM,500
2023-05-31,DELTA,SHEL.L,2000
2023-05-31,DELTA,XOM,-5300
2023-05-31,MACRO,NVDA,1400
2023-05-31,MACRO,PG,-300
2023-05-31,MACRO,SAP.DE,6300
2023-05-31,MACRO,XOM,100
2023-06-01,ALPHA,AAPL,-7300
2023-06-01,ALPHA,KO,-2900
2023-06-01,ALPHA,MSFT,-600
2023-06-01,ALPHA,NVDA,7300
2023-06-01,ALPHA,SAP.DE,3900
2023-06-01,DELTA,AAPL,-11500
2023-06-01,DELTA,GS,-1200
2023-06-01,DELTA,JPM,700
2023-06-01,DELTA,SHEL.L,3900
2023-06-01,DELTA,XOM,-6100
2023-06-01,MACRO,NVDA,1500
2023-06-01,MACRO,PG,900
2023-06-01,MACRO,SAP.DE,5600
2023-06-01,MACRO,XOM,2200
2023-06-02,ALPHA,AAPL,-7300
2023-06-02,ALPHA,KO,-2900
2023-06-02,ALPHA,MSFT,-600
2023-06-02,ALPHA,NVDA,7300
2023-06-02,ALPHA,SAP.DE,3900
2023-06-02,DELTA,AAPL,-11500
2023-06-02,DELTA,GS,-1200
2023-06-02,DELTA,JPM,700
2023-06-02,DELTA,SHEL.L,3900
2023-06-02,DELTA,XOM,-6100
2023-06-02,MACRO,NVDA,1500
2023-06-02,MACRO,PG,900
2023-06-02,MACRO,SAP.DE,5600
2023-06-02,MACRO,XOM,2200
2023-06-05,ALPHA,AAPL,-7300
2023-06-05,ALPHA,KO,-2900
2023-06-05,ALPHA,MSFT,-600
2023-06-05,ALPHA,NVDA,7300
2023-06-05,ALPHA,SAP.DE,3900
2023-06-05,DELTA,AAPL,-11500
2023-06-05,DELTA,GS,-1200
2023-06-05,DELTA,JPM,700
2023-06-05,DELTA,SHEL.L,3900
2023-06-05,DELTA,XOM,-6100
2023-06-05,MACRO,NVDA,1500
2023-06-05,MACRO,PG,900
2023-06-05,MACRO,SAP.DE,5600
2023-06-05,MACRO,XOM,2200
2023-06-06,ALPHA,AAPL,-7300
2023-06-06,ALPHA,KO,-2900
2023-06-06,ALPHA,MSFT,-600
2023-06-06,ALPHA,NVDA,7300
2023-06-06,ALPHA,SAP.DE,3900
2023-06-06,DELTA,AAPL,-11500
2023-06-06,DELTA,GS,-1200
2023-06-06,DELTA,JPM,700
2023-06-06,DELTA,SHEL.L,3900
2023-06-06,DELTA,XOM,-6100
2023-06-06,MACRO,NVDA,1500
2023-06-06,MACRO,PG,900
2023-06-06,MACRO,SAP.DE,5600
2023-06-06,MACRO,XOM,2200
2023-06-07,ALPHA,AAPL,-7300
2023-06-07,ALPHA,KO,-2900
2023-06-07,ALPHA,MSFT,-600
2023-06-07,ALPHA,NVDA,7300
2023-06-07,ALPHA,SAP.DE,3900
2023-06-07,DELTA,AAPL,-11500
2023-06-07,DELTA,GS,-1200
2023-06-07,DELTA,JPM,700
2023-06-07,DELTA,SHEL.L,3900
2023-06-07,DELTA,XOM,-6100
2023-06-07,MACRO,NVDA,1500
2023-06-07,MACRO,PG,900
2023-06-07,MACRO,SAP.DE,5600
2023-06-07,MACRO,XOM,2200
2023-06-08,ALPHA,AAPL,-7300
2023-06-08,ALPHA,KO,-2900
2023-06-08,ALPHA,MSFT,-600
2023-06-08,ALPHA,NVDA,7300
2023-06-08,ALPHA,SAP.DE,3900
2023-06-08,DELTA,AAPL,-11500
2023-06-08,DELTA,GS,-1200
2023-06-08,DELTA,JPM,700
2023-06-08,DELTA,SHEL.L,3900
2023-06-08,DELTA,XOM,-6100
2023-06-08,MACRO,NVDA,1500
2023-06-08,MACRO,PG,900
2023-06-08,MACRO,SAP.DE,5600
2023-06-08,MACRO,XOM,2200
2023-06-09,ALPHA,AAPL,-7300
2023-06-09,ALPHA,KO,-2900
2023-06-09,ALPHA,MSFT,-600
2023-06-09,ALPHA,NVDA,7300
2023-06-09,ALPHA,SAP.DE,3900
2023-06-09,DELTA,AAPL,-11500
2023-06-09,DELTA,GS,-1200
2023-06-09,DELTA,JPM,700
2023-06-09,DELTA,SHEL.L,3900
2023-06-09,DELTA,XOM,-6100
2023-06-09,MACRO,NVDA,1500
2023-06-09,MACRO,PG,900
2023-06-09,MACRO,SAP.DE,5600
2023-06-09,MACRO,XOM,2200
2023-06-12,ALPHA,AAPL,-7300
2023-06-12,ALPHA,KO,-2900
2023-06-12,ALPHA,MSFT,-600
2023-06-12,ALPHA,NVDA,7300
2023-06-12,ALPHA,SAP.DE,3900
2023-06-12,DELTA,AAPL,-11500
2023-06-12,DELTA,GS,-1200
2023-06-12,DELTA,JPM,700
2023-06-12,DELTA,SHEL.L,3900
2023-06-12,DELTA,XOM,-6100
2023-06-12,MACRO,NVDA,1500
2023-06-12,MACRO,PG,900
2023-06-12,MACRO,SAP.DE,5600
2023-06-12,MACRO,XOM,2200
2023-06-13,ALPHA,AAPL,-7300
2023-06-13,ALPHA,KO,-2900
2023-06-13,ALPHA,MSFT,-600
2023-06-13,ALPHA,NVDA,7300
2023-06-13,ALPHA,SAP.DE,3900
2023-06-13,DELTA,AAPL,-11500
2023-06-13,DELTA,GS,-1200
2023-06-13,DELTA,JPM,700
2023-06-13,DELTA,SHEL.L,3900
2023-06-13,DELTA,XOM,-6100
2023-06-13,MACRO,NVDA,1500
2023-06-13,MACRO,PG,900
2023-06-13,MACRO,SAP.DE,5600
2023-06-13,MACRO,XOM,2200
2023-06-14,ALPHA,AAPL,-7300
2023-06-14,ALPHA,KO,-2900
2023-06-14,ALPHA,MSFT,-600
2023-06-14,ALPHA,NVDA,7300
2023-06-14,ALPHA,SAP.DE,3900
2023-06-14,DELTA,AAPL,-11500
2023-06-14,DELTA,GS,-1200
2023-06-14,DELTA,JPM,700
2023-06-14,DELTA,SHEL.L,3900
2023-06-14,DELTA,XOM,-6100
2023-06-14,MACRO,NVDA,1500
2023-06-14,MACRO,PG,900
2023-06-14,MACRO,SAP.DE,5600
2023-06-14,MACRO,XOM,2200
2023-06-15,ALPHA,AAPL,-7300
2023-06-15,ALPHA,KO,-2900
2023-06-15,ALPHA,MSFT,-600
2023-06-15,ALPHA,NVDA,7300
2023-06-15,ALPHA,SAP.DE,3900
2023-06-15,DELTA,AAPL,-11500
2023-06-15,DELTA,GS,-1200
2023-06-15,DELTA,JPM,700
2023-06-15,DELTA,SHEL.L,3900
2023-06-15,DELTA,XOM,-6100
2023-06-15,MACRO,NVDA,1500
2023-06-15,MACRO,PG,900
2023-06-15,MACRO,SAP.DE,5600
2023-06-15,MACRO,XOM,2200
2023-06-16,ALPHA,AAPL,-7300
2023-06-16,ALPHA,KO,-2900
2023-06-16,ALPHA,MSFT,-600
2023-06-16,ALPHA,NVDA,7300
2023-06-16,ALPHA,SAP.DE,3900
2023-06-16,DELTA,AAPL,-11500
2023-06-16,DELTA,GS,-1200
2023-06-16,DELTA,JPM,700
2023-06-16,DELTA,SHEL.L,3900
2023-06-16,DELTA,XOM,-6100
2023-06-16,MACRO,NVDA,1500
2023-06-16,MACRO,PG,900
2023-06-16,MACRO,SAP.DE,5600
2023-06-16,MACRO,XOM,2200
2023-06-20,ALPHA,AAPL,-7300
2023-06-20,ALPHA,KO,-2900
2023-06-20,ALPHA,MSFT,-600
2023-06-20,ALPHA,NVDA,7300
2023-06-20,ALPHA,SAP.DE,3900
2023-06-20,DELTA,AAPL,-11500
2023-06-20,DELTA,GS,-1200
2023-06-20,DELTA,JPM,700
2023-06-20,DELTA,SHEL.L,3900
2023-06-20,DELTA,XOM,-6100
2023-06-20,MACRO,NVDA,1500
2023-06-20,MACRO,PG,900
2023-06-20,MACRO,SAP.DE,5600
2023-06-20,MACRO,XOM,2200
2023-06-21,ALPHA,AAPL,-7300
2023-06-21,ALPHA,KO,-2900
2023-06-21,ALPHA,MSFT,-600
2023-06-21,ALPHA,NVDA,7300
2023-06-21,ALPHA,SAP.DE,3900
2023-06-21,DELTA,AAPL,-11500
2023-06-21,DELTA,GS,-1200
2023-06-21,DELTA,JPM,700
2023-06-21,DELTA,SHEL.L,3900
2023-06-21,DELTA,XOM,-6100
2023-06-21,MACRO,NVDA,1500
2023-06-21,MACRO,PG,900
2023-06-21,MACRO,SAP.DE,5600
2023-06-21,MACRO,XOM,2200
2023-06-22,ALPHA,AAPL,-7300
2023-06-22,ALPHA,KO,-2900
2023-06-22,ALPHA,MSFT,-600
2023-06-22,ALPHA,NVDA,7300
2023-06-22,ALPHA,SAP.DE,3900
2023-06-22,DELTA,AAPL,-11500
2023-06-22,DELTA,GS,-1200
2023-06-22,DELTA,JPM,700
2023-06-22,DELTA,SHEL.L,3900
2023-06-22,DELTA,XOM,-6100
2023-06-22,MACRO,NVDA,1500
2023-06-22,MACRO,PG,900
2023-06-22,MACRO,SAP.DE,5600
2023-06-22,MACRO,XOM,2200
2023-06-23,ALPHA,AAPL,-7300
2023-06-23,ALPHA,KO,-2900
2023-06-23,ALPHA,MSFT,-600
2023-06-23,ALPHA,NVDA,7300
2023-06-23,ALPHA,SAP.DE,3900
2023-06-23,DELTA,AAPL,-11500
2023-06-23,DELTA,GS,-1200
2023-06-23,DELTA,JPM,700
2023-06-23,DELTA,SHEL.L,3900
2023-06-23,DELTA,XOM,-6100
2023-06-23,MACRO,NVDA,1500
2023-06-23,MACRO,PG,900
2023-06-23,MACRO,SAP.DE,5600
2023-06-23,MACRO,XOM,2200
2023-06-26,ALPHA,AAPL,-7300
2023-06-26,ALPHA,KO,-2900
2023-06-26,ALPHA,MSFT,-600
2023-06-26,ALPHA,NVDA,7300
2023-06-26,ALPHA,SAP.DE,3900
2023-06-26,DELTA,AAPL,-11500
2023-06-26,DELTA,GS,-1200
2023-06-26,DELTA,JPM,700
2023-06-26,DELTA,SHEL.L,3900
2023-06-26,DELTA,XOM,-6100
2023-06-26,MACRO,NVDA,1500
2023-06-26,MACRO,PG,900
2023-06-26,MACRO,SAP.DE,5600
2023-06-26,MACRO,XOM,2200
2023-06-27,ALPHA,AAPL,-7300
2023-06-27,ALPHA,KO,-2900
2023-06-27,ALPHA,MSFT,-600
2023-06-27,ALPHA,NVDA,7300
2023-06-27,ALPHA,SAP.DE,3900
2023-06-27,DELTA,AAPL,-11500
2023-06-27,DELTA,GS,-1200
2023-06-27,DELTA,JPM,700
2023-06-27,DELTA,SHEL.L,3900
2023-06-27,DELTA,XOM,-6100
2023-06-27,MACRO,NVDA,1500
2023-06-27,MACRO,PG,900
2023-06-27,MACRO,SAP.DE,5600
2023-06-27,MACRO,XOM,2200
2023-06-28,ALPHA,AAPL,-7300
2023-06-28,ALPHA,KO,-2900
2023-06-28,ALPHA,MSFT,-600
2023-06-28,ALPHA,NVDA,7300
2023-06-28,ALPHA,SAP.DE,3900
2023-06-28,DELTA,AAPL,-11500
2023-06-28,DELTA,GS,-1200
2023-06-28,DELTA,JPM,700
2023-06-28,DELTA,SHEL.L,3900
2023-06-28,DELTA,XOM,-6100
2023-06-28,MACRO,NVDA,1500
2023-06-28,MACRO,PG,900
2023-06-28,MACRO,SAP.DE,5600
2023-06-28,MACRO,XOM,2200
2023-06-29,ALPHA,AAPL,-7300
2023-06-29,ALPHA,KO,-2900
2023-06-29,ALPHA,MSFT,-600
2023-06-29,ALPHA,NVDA,7300
2023-06-29,ALPHA,SAP.DE,3900
2023-06-29,DELTA,AAPL,-11500
2023-06-29,DELTA,GS,-1200
2023-06-29,DELTA,JPM,700
2023-06-29,DELTA,SHEL.L,3900
2023-06-29,DELTA,XOM,-6100
2023-06-29,MACRO,NVDA,1500
2023-06-29,MACRO,PG,900
2023-06-29,MACRO,SAP.DE,5600
2023-06-29,MACRO,XOM,2200
2023-06-30,ALPHA,AAPL,-7300
2023-06-30,ALPHA,KO,-2900
2023-06-30,ALPHA,MSFT,-600
2023-06-30,ALPHA,NVDA,7300
2023-06-30,ALPHA,SAP.DE,3900
2023-06-30,DELTA,AAPL,-11500
2023-06-30,DELTA,GS,-1200
2023-06-30,DELTA,JPM,700
2023-06-30,DELTA,SHEL.L,3900
2023-06-30,DELTA,XOM,-6100
2023-06-30,MACRO,NVDA,1500
2023-06-30,MACRO,PG,900
2023-06-30,MACRO,SAP.DE,5600
2023-06-30,MACRO,XOM,2200
2023-07-03,ALPHA,AAPL,-5100
2023-07-03,ALPHA,KO,-2000
2023-07-03,ALPHA,MSFT,-2000
2023-07-03,ALPHA,NVDA,5600
2023-07-03,ALPHA,SAP.DE,5800
2023-07-03,DELTA,AAPL,-12500
2023-07-03,DELTA,GS,-5300
2023-07-03,DELTA,JPM,-500
2023-07-03,DELTA,SHEL.L,5400
2023-07-03,DELTA,XOM,-7100
2023-07-03,MACRO,NVDA,2000
2023-07-03,MACRO,PG,-100
2023-07-03,MACRO,SAP.DE,6300
2023-07-03,MACRO,XOM,1300
2023-07-05,ALPHA,AAPL,-5100
2023-07-05,ALPHA,KO,-2000
2023-07-05,ALPHA,MSFT,-2000
2023-07-05,ALPHA,NVDA,5600
2023-07-05,ALPHA,SAP.DE,5800
2023-07-05,DELTA,AAPL,-12500
2023-07-05,DELTA,GS,-5300
2023-07-05,DELTA,JPM,-500
2023-07-05,DELTA,SHEL.L,5400
2023-07-05,DELTA,XOM,-7100
2023-07-05,MACRO,NVDA,2000
2023-07-05,MACRO,PG,-100
2023-07-05,MACRO,SAP.DE,6300
2023-07-05,MACRO,XOM,1300
2023-07-06,ALPHA,AAPL,-5100
2023-07-06,ALPHA,KO,-2000
2023-07-06,ALPHA,MSFT,-2000
2023-07-06,ALPHA,NVDA,5600
2023-07-06,ALPHA,SAP.DE,5800
2023-07-06,DELTA,AAPL,-12500
2023-07-06,DELTA,GS,-5300
2023-07-06,DELTA,JPM,-500
2023-07-06,DELTA,SHEL.L,5400
2023-07-06,DELTA,XOM,-7100
2023-07-06,MACRO,NVDA,2000
2023-07-06,MACRO,PG,-100
2023-07-06,MACRO,SAP.DE,6300
2023-07-06,MACRO,XOM,1300
2023-07-07,ALPHA,AAPL,-5100
2023-07-07,ALPHA,KO,-2000
2023-07-07,ALPHA,MSFT,-2000
2023-07-07,ALPHA,NVDA,5600
2023-07-07,ALPHA,SAP.DE,5800
2023-07-07,DELTA,AAPL,-12500
2023-07-07,DELTA,GS,-5300
2023-07-07,DELTA,JPM,-500
2023-07-07,DELTA,SHEL.L,5400
2023-07-07,DELTA,XOM,-7100
2023-07-07,MACRO,NVDA,2000
2023-07-07,MACRO,PG,-100
2023-07-07,MACRO,SAP.DE,6300
2023-07-07,MACRO,XOM,1300
2023-07-10,ALPHA,AAPL,-5100
2023-07-10,ALPHA,KO,-2000
2023-07-10,ALPHA,MSFT,-2000
2023-07-10,ALPHA,NVDA,5600
2023-07-10,ALPHA,SAP.DE,5800
2023-07-10,DELTA,AAPL,-12500
2023-07-10,DELTA,GS,-5300
2023-07-10,DELTA,JPM,-500
2023-07-10,DELTA,SHEL.L,5400
2023-07-10,DELTA,XOM,-7100
2023-07-10,MACRO,NVDA,2000
2023-07-10,MACRO,PG,-100
2023-07-10,MACRO,SAP.DE,6300
2023-07-10,MACRO,XOM,1300
2023-07-11,ALPHA,AAPL,-5100
2023-07-11,ALPHA,KO,-2000
2023-07-11,ALPHA,MSFT,-2000
2023-07-11,ALPHA,NVDA,5600
2023-07-11,ALPHA,SAP.DE,5800
2023-07-11,DELTA,AAPL,-12500
2023-07-11,DELTA,GS,-5300
2023-07-11,DELTA,JPM,-500
2023-07-11,DELTA,SHEL.L,5400
2023-07-11,DELTA,XOM,-7100
2023-07-11,MACRO,NVDA,2000
2023-07-11,MACRO,PG,-100
2023-07-11,MACRO,SAP.DE,6300
2023-07-11,MACRO,XOM,1300
2023-07-12,ALPHA,AAPL,-5100
2023-07-12,ALPHA,KO,-2000
2023-07-12,ALPHA,MSFT,-2000
2023-07-12,ALPHA,NVDA,5600
2023-07-12,ALPHA,SAP.DE,5800
2023-07-12,DELTA,AAPL,-12500
2023-07-12,DELTA,GS,-5300
2023-07-12,DELTA,JPM,-500
2023-07-12,DELTA,SHEL.L,5400
2023-07-12,DELTA,XOM,-7100
2023-07-12,MACRO,NVDA,2000
2023-07-12,MACRO,PG,-100
2023-07-12,MACRO,SAP.DE,6300
2023-07-12,MACRO,XOM,1300
2023-07-13,ALPHA,AAPL,-5100
2023-07-13,ALPHA,KO,-2000
2023-07-13,ALPHA,MSFT,-2000
2023-07-13,ALPHA,NVDA,5600
2023-07-13,ALPHA,SAP.DE,5800
2023-07-13,DELTA,AAPL,-12500
2023-07-13,DELTA,GS,-5300
2023-07-13,DELTA,JPM,-500
2023-07-13,DELTA,SHEL.L,5400
2023-07-13,DELTA,XOM,-7100
2023-07-13,MACRO,NVDA,2000
2023-07-13,MACRO,PG,-100
2023-07-13,MACRO,SAP.DE,6300
2023-07-13,MACRO,XOM,1300
2023-07-14,ALPHA,AAPL,-5100
2023-07-14,ALPHA,KO,-2000
2023-07-14,ALPHA,MSFT,-2000
2023-07-14,ALPHA,NVDA,5600
2023-07-14,ALPHA,SAP.DE,5800
2023-07-14,DELTA,AAPL,-12500
2023-07-14,DELTA,GS,-5300
2023-07-14,DELTA,JPM,-500
2023-07-14,DELTA,SHEL.L,5400
2023-07-14,DELTA,XOM,-7100
2023-07-14,MACRO,NVDA,2000
2023-07-14,MACRO,PG,-100
2023-07-14,MACRO,SAP.DE,6300
2023-07-14,MACRO,XOM,1300
2023-07-17,ALPHA,AAPL,-5100
2023-07-17,ALPHA,KO,-2000
2023-07-17,ALPHA,MSFT,-2000
2023-07-17,ALPHA,NVDA,5600
2023-07-17,ALPHA,SAP.DE,5800
2023-07-17,DELTA,AAPL,-12500
2023-07-17,DELTA,GS,-5300
2023-07-17,DELTA,JPM,-500
2023-07-17,DELTA,SHEL.L,5400
2023-07-17,DELTA,XOM,-7100
2023-07-17,MACRO,NVDA,2000
2023-07-17,MACRO,PG,-100
2023-07-17,MACRO,SAP.DE,6300
2023-07-17,MACRO,XOM,1300
2023-07-18,ALPHA,AAPL,-5100
2023-07-18,ALPHA,KO,-2000
2023-07-18,ALPHA,MSFT,-2000
2023-07-18,ALPHA,NVDA,5600
2023-07-18,ALPHA,SAP.DE,5800
2023-07-18,DELTA,AAPL,-12500
2023-07-18,DELTA,GS,-5300
2023-07-18,DELTA,JPM,-500
2023-07-18,DELTA,SHEL.L,5400
2023-07-18,DELTA,XOM,-7100
2023-07-18,MACRO,NVDA,2000
2023-07-18,MACRO,PG,-100
2023-07-18,MACRO,SAP.DE,6300
2023-07-18,MACRO,XOM,1300
2023-07-19,ALPHA,AAPL,-5100
2023-07-19,ALPHA,KO,-2000
2023-07-19,ALPHA,MSFT,-2000
2023-07-19,ALPHA,NVDA,5600
2023-07-19,ALPHA,SAP.DE,5800
2023-07-19,DELTA,AAPL,-12500
2023-07-19,DELTA,GS,-5300
2023-07-19,DELTA,JPM,-500
2023-07-19,DELTA,SHEL.L,5400
2023-07-19,DELTA,XOM,-7100
2023-07-19,MACRO,NVDA,2000
2023-07-19,MACRO,PG,-100
2023-07-19,MACRO,SAP.DE,6300
2023-07-19,MACRO,XOM,1300
2023-07-20,ALPHA,AAPL,-5100
2023-07-20,ALPHA,KO,-2000
2023-07-20,ALPHA,MSFT,-2000
2023-07-20,ALPHA,NVDA,5600
2023-07-20,ALPHA,SAP.DE,5800
2023-07-20,DELTA,AAPL,-12500
2023-07-20,DELTA,GS,-5300
2023-07-20,DELTA,JPM,-500
2023-07-20,DELTA,SHEL.L,5400
2023-07-20,DELTA,XOM,-7100
2023-07-20,MACRO,NVDA,2000
2023-07-20,MACRO,PG,-100
2023-07-20,MACRO,SAP.DE,6300
2023-07-20,MACRO,XOM,1300
2023-07-21,ALPHA,AAPL,-5100
2023-07-21,ALPHA,KO,-2000
2023-07-21,ALPHA,MSFT,-2000
2023-07-21,ALPHA,NVDA,5600
2023-07-21,ALPHA,SAP.DE,5800
2023-07-21,DELTA,AAPL,-12500
2023-07-21,DELTA,GS,-5300
2023-07-21,DELTA,JPM,-500
2023-07-21,DELTA,SHEL.L,5400
2023-07-21,DELTA,XOM,-7100
2023-07-21,MACRO,NVDA,2000
2023-07-21,MACRO,PG,-100
2023-07-21,MACRO,SAP.DE,6300
2023-07-21,MACRO,XOM,1300
2023-07-24,ALPHA,AAPL,-5100
2023-07-24,ALPHA,KO,-2000
2023-07-24,ALPHA,MSFT,-2000
2023-07-24,ALPHA,NVDA,5600
2023-07-24,ALPHA,SAP.DE,5800
2023-07-24,DELTA,AAPL,-12500
2023-07-24,DELTA,GS,-5300
2023-07-24,DELTA,JPM,-500
2023-07-24,DELTA,SHEL.L,5400
2023-07-24,DELTA,XOM,-7100
2023-07-24,MACRO,NVDA,2000
2023-07-24,MACRO,PG,-100
2023-07-24,MACRO,SAP.DE,6300
2023-07-24,MACRO,XOM,1300
2023-07-25,ALPHA,AAPL,-5100
2023-07-25,ALPHA,KO,-2000
2023-07-25,ALPHA,MSFT,-2000
2023-07-25,ALPHA,NVDA,5600
2023-07-25,ALPHA,SAP.DE,5800
2023-07-25,DELTA,AAPL,-12500
2023-07-25,DELTA,GS,-5300
2023-07-25,DELTA,JPM,-500
2023-07-25,DELTA,SHEL.L,5400
2023-07-25,DELTA,XOM,-7100
2023-07-25,MACRO,NVDA,2000
2023-07-25,MACRO,PG,-100
2023-07-25,MACRO,SAP.DE,6300
2023-07-25,MACRO,XOM,1300
2023-07-26,ALPHA,AAPL,-5100
2023-07-26,ALPHA,KO,-2000
2023-07-26,ALPHA,MSFT,-2000
2023-07-26,ALPHA,NVDA,5600
2023-07-26,ALPHA,SAP.DE,5800
2023-07-26,DELTA,AAPL,-12500
2023-07-26,DELTA,GS,-5300
2023-07-26,DELTA,JPM,-500
2023-07-26,DELTA,SHEL.L,5400
2023-07-26,DELTA,XOM,-7100
2023-07-26,MACRO,NVDA,2000
2023-07-26,MACRO,PG,-100
2023-07-26,MACRO,SAP.DE,6300
2023-07-26,MACRO,XOM,1300
2023-07-27,ALPHA,AAPL,-5100
2023-07-27,ALPHA,KO,-2000
2023-07-27,ALPHA,MSFT,-2000
2023-07-27,ALPHA,NVDA,5600
2023-07-27,ALPHA,SAP.DE,5800
2023-07-27,DELTA,AAPL,-12500
2023-07-27,DELTA,GS,-5300
2023-07-27,DELTA,JPM,-500
2023-07-27,DELTA,SHEL.L,5400
2023-07-27,DELTA,XOM,-7100
2023-07-27,MACRO,NVDA,2000
2023-07-27,MACRO,PG,-100
2023-07-27,MACRO,SAP.DE,6300
2023-07-27,MACRO,XOM,1300
2023-07-28,ALPHA,AAPL,-5100
2023-07-28,ALPHA,KO,-2000
2023-07-28,ALPHA,MSFT,-2000
2023-07-28,ALPHA,NVDA,5600
2023-07-28,ALPHA,SAP.DE,5800
2023-07-28,DELTA,AAPL,-12500
2023-07-28,DELTA,GS,-5300
2023-07-28,DELTA,JPM,-500
2023-07-28,DELTA,SHEL.L,5400
2023-07-28,DELTA,XOM,-7100
2023-07-28,MACRO,NVDA,2000
2023-07-28,MACRO,PG,-100
2023-07-28,MACRO,SAP.DE,6300
2023-07-28,MACRO,XOM,1300
2023-07-31,ALPHA,AAPL,-5100
2023-07-31,ALPHA,KO,-2000
2023-07-31,ALPHA,MSFT,-2000
2023-07-31,ALPHA,NVDA,5600
2023-07-31,ALPHA,SAP.DE,5800
2023-07-31,DELTA,AAPL,-12500
2023-07-31,DELTA,GS,-5300
2023-07-31,DELTA,JPM,-500
2023-07-31,DELTA,SHEL.L,5400
2023-07-31,DELTA,XOM,-7100
2023-07-31,MACRO,NVDA,2000
2023-07-31,MACRO,PG,-100
2023-07-31,MACRO,SAP.DE,6300
2023-07-31,MACRO,XOM,1300
2023-08-01,ALPHA,AAPL,-10500
2023-08-01,ALPHA,KO,-3600
2023-08-01,ALPHA,MSFT,-2500
2023-08-01,ALPHA,NVDA,8600
2023-08-01,ALPHA,SAP.DE,7200
2023-08-01,DELTA,AAPL,-7000
2023-08-01,DELTA,GS,-4900
2023-08-01,DELTA,JPM,1400
2023-08-01,DELTA,SHEL.L,4500
2023-08-01,DELTA,XOM,-6700
2023-08-01,MACRO,NVDA,-1200
2023-08-01,MACRO,PG,-2000
2023-08-01,MACRO,SAP.DE,6300
2023-08-01,MACRO,XOM,2200
2023-08-02,ALPHA,AAPL,-10500
2023-08-02,ALPHA,KO,-3600
2023-08-02,ALPHA,MSFT,-2500
2023-08-02,ALPHA,NVDA,8600
2023-08-02,ALPHA,SAP.DE,7200
2023-08-02,DELTA,AAPL,-7000
2023-08-02,DELTA,GS,-4900
2023-08-02,DELTA,JPM,1400
2023-08-02,DELTA,SHEL.L,4500
2023-08-02,DELTA,XOM,-6700
2023-08-02,MACRO,NVDA,-1200
2023-08-02,MACRO,PG,-2000
2023-08-02,MACRO,SAP.DE,6300
2023-08-02,MACRO,XOM,2200
2023-08-03,ALPHA,AAPL,-10500
2023-08-03,ALPHA,KO,-3600
2023-08-03,ALPHA,MSFT,-2500
2023-08-03,ALPHA,NVDA,8600
2023-08-03,ALPHA,SAP.DE,7200
2023-08-03,DELTA,AAPL,-7000
2023-08-03,DELTA,GS,-4900
2023-08-03,DELTA,JPM,1400
2023-08-03,DELTA,SHEL.L,4500
2023-08-03,DELTA,XOM,-6700
2023-08-03,MACRO,NVDA,-1200
2023-08-03,MACRO,PG,-2000
2023-08-03,MACRO,SAP.DE,6300
2023-08-03,MACRO,XOM,2200
2023-08-04,ALPHA,AAPL,-10500
2023-08-04,ALPHA,KO,-3600
2023-08-04,ALPHA,MSFT,-2500
2023-08-04,ALPHA,NVDA,8600
2023-08-04,ALPHA,SAP.DE,7200
2023-08-04,DELTA,AAPL,-7000
2023-08-04,DELTA,GS,-4900
2023-08-04,DELTA,JPM,1400
2023-08-04,DELTA,SHEL.L,4500
2023-08-04,DELTA,XOM,-6700
2023-08-04,MACRO,NVDA,-1200
2023-08-04,MACRO,PG,-2000
2023-08-04,MACRO,SAP.DE,6300
2023-08-04,MACRO,XOM,2200
2023-08-07,ALPHA,AAPL,-10500
2023-08-07,ALPHA,KO,-3600
2023-08-07,ALPHA,MSFT,-2500
2023-08-07,ALPHA,NVDA,8600
2023-08-07,ALPHA,SAP.DE,7200
2023-08-07,DELTA,AAPL,-7000
2023-08-07,DELTA,GS,-4900
2023-08-07,DELTA,JPM,1400
2023-08-07,DELTA,SHEL.L,4500
2023-08-07,DELTA,XOM,-6700
2023-08-07,MACRO,NVDA,-1200
2023-08-07,MACRO,PG,-2000
2023-08-07,MACRO,SAP.DE,6300
2023-08-07,MACRO,XOM,2200
2023-08-08,ALPHA,AAPL,-10500
2023-08-08,ALPHA,KO,-3600
2023-08-08,ALPHA,MSFT,-2500
2023-08-08,ALPHA,NVDA,8600
2023-08-08,ALPHA,SAP.DE,7200
2023-08-08,DELTA,AAPL,-7000
2023-08-08,DELTA,GS,-4900
2023-08-08,DELTA,JPM,1400
2023-08-08,DELTA,SHEL.L,4500
2023-08-08,DELTA,XOM,-6700
2023-08-08,MACRO,NVDA,-1200
2023-08-08,MACRO,PG,-2000
2023-08-08,MACRO,SAP.DE,6300
2023-08-08,MACRO,XOM,2200
2023-08-09,ALPHA,AAPL,-10500
2023-08-09,ALPHA,KO,-3600
2023-08-09,ALPHA,MSFT,-2500
2023-08-09,ALPHA,NVDA,8600
2023-08-09,ALPHA,SAP.DE,7200
2023-08-09,DELTA,AAPL,-7000
2023-08-09,DELTA,GS,-4900
2023-08-09,DELTA,JPM,1400
2023-08-09,DELTA,SHEL.L,4500
2023-08-09,DELTA,XOM,-6700
2023-08-09,MACRO,NVDA,-1200
2023-08-09,MACRO,PG,-2000
2023-08-09,MACRO,SAP.DE,6300
2023-08-09,MACRO,XOM,2200
2023-08-10,ALPHA,AAPL,-10500
2023-08-10,ALPHA,KO,-3600
2023-08-10,ALPHA,MSFT,-2500
2023-08-10,ALPHA,NVDA,8600
2023-08-10,ALPHA,SAP.DE,7200
2023-08-10,DELTA,AAPL,-7000
2023-08-10,DELTA,GS,-4900
2023-08-10,DELTA,JPM,1400
2023-08-10,DELTA,SHEL.L,4500
2023-08-10,DELTA,XOM,-6700
2023-08-10,MACRO,NVDA,-1200
2023-08-10,MACRO,PG,-2000
2023-08-10,MACRO,SAP.DE,6300
2023-08-10,MACRO,XOM,2200
2023-08-11,ALPHA,AAPL,-10500
2023-08-11,ALPHA,KO,-3600
2023-08-11,ALPHA,MSFT,-2500
2023-08-11,ALPHA,NVDA,8600
2023-08-11,ALPHA,SAP.DE,7200
2023-08-11,DELTA,AAPL,-7000
2023-08-11,DELTA,GS,-4900
2023-08-11,DELTA,JPM,1400
2023-08-11,DELTA,SHEL.L,4500
2023-08-11,DELTA,XOM,-6700
2023-08-11,MACRO,NVDA,-1200
2023-08-11,MACRO,PG,-2000
2023-08-11,MACRO,SAP.DE,6300
2023-08-11,MACRO,XOM,2200
2023-08-14,ALPHA,AAPL,-10500
2023-08-14,ALPHA,KO,-3600
2023-08-14,ALPHA,MSFT,-2500
2023-08-14,ALPHA,NVDA,8600
2023-08-14,ALPHA,SAP.DE,7200
2023-08-14,DELTA,AAPL,-7000
2023-08-14,DELTA,GS,-4900
2023-08-14,DELTA,JPM,1400
2023-08-14,DELTA,SHEL.L,4500
2023-08-14,DELTA,XOM,-6700
2023-08-14,MACRO,NVDA,-1200
2023-08-14,MACRO,PG,-2000
2023-08-14,MACRO,SAP.DE,6300
2023-08-14,MACRO,XOM,2200
2023-08-15,ALPHA,AAPL,-10500
2023-08-15,ALPHA,KO,-3600
2023-08-15,ALPHA,MSFT,-2500
2023-08-15,ALPHA,NVDA,8600
2023-08-15,ALPHA,SAP.DE,7200
2023-08-15,DELTA,AAPL,-7000
2023-08-15,DELTA,GS,-4900
2023-08-15,DELTA,JPM,1400
2023-08-15,DELTA,SHEL.L,4500
2023-08-15,DELTA,XOM,-6700
2023-08-15,MACRO,NVDA,-1200
2023-08-15,MACRO,PG,-2000
2023-08-15,MACRO,SAP.DE,6300
2023-08-15,MACRO,XOM,2200
2023-08-16,ALPHA,AAPL,-10500
2023-08-16,ALPHA,KO,-3600
2023-08-16,ALPHA,MSFT,-2500
2023-08-16,ALPHA,NVDA,8600
2023-08-16,ALPHA,SAP.DE,7200
2023-08-16,DELTA,AAPL,-7000
2023-08-16,DELTA,GS,-4900
2023-08-16,DELTA,JPM,1400
2023-08-16,DELTA,SHEL.L,4500
2023-08-16,DELTA,XOM,-6700
2023-08-16,MACRO,NVDA,-1200
2023-08-16,MACRO,PG,-2000
2023-08-16,MACRO,SAP.DE,6300
2023-08-16,MACRO,XOM,2200
2023-08-17,ALPHA,AAPL,-10500
2023-08-17,ALPHA,KO,-3600
2023-08-17,ALPHA,MSFT,-2500
2023-08-17,ALPHA,NVDA,8600
2023-08-17,ALPHA,SAP.DE,7200
2023-08-17,DELTA,AAPL,-7000
2023-08-17,DELTA,GS,-4900
2023-08-17,DELTA,JPM,1400
2023-08-17,DELTA,SHEL.L,4500
2023-08-17,DELTA,XOM,-6700
2023-08-17,MACRO,NVDA,-1200
2023-08-17,MACRO,PG,-2000
2023-08-17,MACRO,SAP.DE,6300
2023-08-17,MACRO,XOM,2200
2023-08-18,ALPHA,AAPL,-10500
2023-08-18,ALPHA,KO,-3600
2023-08-18,ALPHA,MSFT,-2500
2023-08-18,ALPHA,NVDA,8600
2023-08-18,ALPHA,SAP.DE,7200
2023-08-18,DELTA,AAPL,-7000
2023-08-18,DELTA,GS,-4900
2023-08-18,DELTA,JPM,1400
2023-08-18,DELTA,SHEL.L,4500
2023-08-18,DELTA,XOM,-6700
2023-08-18,MACRO,NVDA,-1200
2023-08-18,MACRO,PG,-2000
2023-08-18,MACRO,SAP.DE,6300
2023-08-18,MACRO,XOM,2200
2023-08-21,ALPHA,AAPL,-10500
2023-08-21,ALPHA,KO,-3600
2023-08-21,ALPHA,MSFT,-2500
2023-08-21,ALPHA,NVDA,8600
2023-08-21,ALPHA,SAP.DE,7200
2023-08-21,DELTA,AAPL,-7000
2023-08-21,DELTA,GS,-4900
2023-08-21,DELTA,JPM,1400
2023-08-21,DELTA,SHEL.L,4500
2023-08-21,DELTA,XOM,-6700
2023-08-21,MACRO,NVDA,-1200
2023-08-21,MACRO,PG,-2000
2023-08-21,MACRO,SAP.DE,6300
2023-08-21,MACRO,XOM,2200
2023-08-22,ALPHA,AAPL,-10500
2023-08-22,ALPHA,KO,-3600
2023-08-22,ALPHA,MSFT,-2500
2023-08-22,ALPHA,NVDA,8600
2023-08-22,ALPHA,SAP.DE,7200
2023-08-22,DELTA,AAPL,-7000
2023-08-22,DELTA,GS,-4900
2023-08-22,DELTA,JPM,1400
2023-08-22,DELTA,SHEL.L,4500
2023-08-22,DELTA,XOM,-6700
2023-08-22,MACRO,NVDA,-1200
2023-08-22,MACRO,PG,-2000
2023-08-22,MACRO,SAP.DE,6300
2023-08-22,MACRO,XOM,2200
2023-08-23,ALPHA,AAPL,-10500
2023-08-23,ALPHA,KO,-3600
2023-08-23,ALPHA,MSFT,-2500
2023-08-23,ALPHA,NVDA,8600
2023-08-23,ALPHA,SAP.DE,7200
2023-08-23,DELTA,AAPL,-7000
2023-08-23,DELTA,GS,-4900
2023-08-23,DELTA,JPM,1400
2023-08-23,DELTA,SHEL.L,4500
2023-08-23,DELTA,XOM,-6700
2023-08-23,MACRO,NVDA,-1200
2023-08-23,MACRO,PG,-2000
2023-08-23,MACRO,SAP.DE,6300
2023-08-23,MACRO,XOM,2200
2023-08-24,ALPHA,AAPL,-10500
2023-08-24,ALPHA,KO,-3600
2023-08-24,ALPHA,MSFT,-2500
2023-08-24,ALPHA,NVDA,8600
2023-08-24,ALPHA,SAP.DE,7200
2023-08-24,DELTA,AAPL,-7000
2023-08-24,DELTA,GS,-4900
2023-08-24,DELTA,JPM,1400
2023-08-24,DELTA,SHEL.L,4500
2023-08-24,DELTA,XOM,-6700
2023-08-24,MACRO,NVDA,-1200
2023-08-24,MACRO,PG,-2000
2023-08-24,MACRO,SAP.DE,6300
2023-08-24,MACRO,XOM,2200
2023-08-25,ALPHA,AAPL,-10500
2023-08-25,ALPHA,KO,-3600
2023-08-25,ALPHA,MSFT,-2500
2023-08-25,ALPHA,NVDA,8600
2023-08-25,ALPHA,SAP.DE,7200
2023-08-25,DELTA,AAPL,-7000
2023-08-25,DELTA,GS,-4900
2023-08-25,DELTA,JPM,1400
2023-08-25,DELTA,SHEL.L,4500
2023-08-25,DELTA,XOM,-6700
2023-08-25,MACRO,NVDA,-1200
2023-08-25,MACRO,PG,-2000
2023-08-25,MACRO,SAP.DE,6300
2023-08-25,MACRO,XOM,2200
2023-08-28,ALPHA,AAPL,-10500
2023-08-28,ALPHA,KO,-3600
2023-08-28,ALPHA,MSFT,-2500
2023-08-28,ALPHA,NVDA,8600
2023-08-28,ALPHA,SAP.DE,7200
2023-08-28,DELTA,AAPL,-7000
2023-08-28,DELTA,GS,-4900
2023-08-28,DELTA,JPM,1400
2023-08-28,DELTA,SHEL.L,4500
2023-08-28,DELTA,XOM,-6700
2023-08-28,MACRO,NVDA,-1200
2023-08-28,MACRO,PG,-2000
2023-08-28,MACRO,SAP.DE,6300
2023-08-28,MACRO,XOM,2200
2023-08-29,ALPHA,AAPL,-10500
2023-08-29,ALPHA,KO,-3600
2023-08-29,ALPHA,MSFT,-2500
2023-08-29,ALPHA,NVDA,8600
2023-08-29,ALPHA,SAP.DE,7200
2023-08-29,DELTA,AAPL,-7000
2023-08-29,DELTA,GS,-4900
2023-08-29,DELTA,JPM,1400
2023-08-29,DELTA,SHEL.L,4500
2023-08-29,DELTA,XOM,-6700
2023-08-29,MACRO,NVDA,-1200
2023-08-29,MACRO,PG,-2000
2023-08-29,MACRO,SAP.DE,6300
2023-08-29,MACRO,XOM,2200
2023-08-30,ALPHA,AAPL,-10500
2023-08-30,ALPHA,KO,-3600
2023-08-30,ALPHA,MSFT,-2500
2023-08-30,ALPHA,NVDA,8600
2023-08-30,ALPHA,SAP.DE,7200
2023-08-30,DELTA,AAPL,-7000
2023-08-30,DELTA,GS,-4900
2023-08-30,DELTA,JPM,1400
2023-08-30,DELTA,SHEL.L,4500
2023-08-30,DELTA,XOM,-6700
2023-08-30,MACRO,NVDA,-1200
2023-08-30,MACRO,PG,-2000
2023-08-30,MACRO,SAP.DE,6300
2023-08-30,MACRO,XOM,2200
2023-08-31,ALPHA,AAPL,-10500
2023-08-31,ALPHA,KO,-3600
2023-08-31,ALPHA,MSFT,-2500
2023-08-31,ALPHA,NVDA,8600
2023-08-31,ALPHA,SAP.DE,7200
2023-08-31,DELTA,AAPL,-7000
2023-08-31,DELTA,GS,-4900
2023-08-31,DELTA,JPM,1400
2023-08-31,DELTA,SHEL.L,4500
2023-08-31,DELTA,XOM,-6700
2023-08-31,MACRO,NVDA,-1200
2023-08-31,MACRO,PG,-2000
2023-08-31,MACRO,SAP.DE,6300
2023-08-31,MACRO,XOM,2200
2023-09-01,ALPHA,AAPL,-8400
2023-09-01,ALPHA,KO,-200
2023-09-01,ALPHA,MSFT,-1500
2023-09-01,ALPHA,NVDA,5800
2023-09-01,ALPHA,SAP.DE,7000
2023-09-01,DELTA,AAPL,-8200
2023-09-01,DELTA,GS,-1600
2023-09-01,DELTA,JPM,3100
2023-09-01,DELTA,SHEL.L,7000
2023-09-01,DELTA,XOM,-2700
2023-09-01,MACRO,NVDA,-3300
2023-09-01,MACRO,PG,-200
2023-09-01,MACRO,SAP.DE,11200
2023-09-01,MACRO,XOM,5500
2023-09-05,ALPHA,AAPL,-8400
2023-09-05,ALPHA,KO,-200
2023-09-05,ALPHA,MSFT,-1500
2023-09-05,ALPHA,NVDA,5800
2023-09-05,ALPHA,SAP.DE,7000
2023-09-05,DELTA,AAPL,-8200
2023-09-05,DELTA,GS,-1600
2023-09-05,DELTA,JPM,3100
2023-09-05,DELTA,SHEL.L,7000
2023-09-05,DELTA,XOM,-2700
2023-09-05,MACRO,NVDA,-3300
2023-09-05,MACRO,PG,-200
2023-09-05,MACRO,SAP.DE,11200
2023-09-05,MACRO,XOM,5500
2023-09-06,ALPHA,AAPL,-8400
2023-09-06,ALPHA,KO,-200
2023-09-06,ALPHA,MSFT,-1500
2023-09-06,ALPHA,NVDA,5800
2023-09-06,ALPHA,SAP.DE,7000
2023-09-06,DELTA,AAPL,-8200
2023-09-06,DELTA,GS,-1600
2023-09-06,DELTA,JPM,3100
2023-09-06,DELTA,SHEL.L,7000
2023-09-06,DELTA,XOM,-2700
2023-09-06,MACRO,NVDA,-3300
2023-09-06,MACRO,PG,-200
2023-09-06,MACRO,SAP.DE,11200
2023-09-06,MACRO,XOM,5500
2023-09-07,ALPHA,AAPL,-8400
2023-09-07,ALPHA,KO,-200
2023-09-07,ALPHA,MSFT,-1500
2023-09-07,ALPHA,NVDA,5800
2023-09-07,ALPHA,SAP.DE,7000
2023-09-07,DELTA,AAPL,-8200
2023-09-07,DELTA,GS,-1600
2023-09-07,DELTA,JPM,3100
2023-09-07,DELTA,SHEL.L,7000
2023-09-07,DELTA,XOM,-2700
2023-09-07,MACRO,NVDA,-3300
2023-09-07,MACRO,PG,-200
2023-09-07,MACRO,SAP.DE,11200
2023-09-07,MACRO,XOM,5500
2023-09-08,ALPHA,AAPL,-8400
2023-09-08,ALPHA,KO,-200
2023-09-08,ALPHA,MSFT,-1500
2023-09-08,ALPHA,NVDA,5800
2023-09-08,ALPHA,SAP.DE,7000
2023-09-08,DELTA,AAPL,-8200
2023-09-08,DELTA,GS,-1600
2023-09-08,DELTA,JPM,3100
2023-09-08,DELTA,SHEL.L,7000
2023-09-08,DELTA,XOM,-2700
2023-09-08,MACRO,NVDA,-3300
2023-09-08,MACRO,PG,-200
2023-09-08,MACRO,SAP.DE,11200
2023-09-08,MACRO,XOM,5500
2023-09-11,ALPHA,AAPL,-8400
2023-09-11,ALPHA,KO,-200
2023-09-11,ALPHA,MSFT,-1500
2023-09-11,ALPHA,NVDA,5800
2023-09-11,ALPHA,SAP.DE,7000
2023-09-11,DELTA,AAPL,-8200
2023-09-11,DELTA,GS,-1600
2023-09-11,DELTA,JPM,3100
2023-09-11,DELTA,SHEL.L,7000
2023-09-11,DELTA,XOM,-2700
2023-09-11,MACRO,NVDA,-3300
2023-09-11,MACRO,PG,-200
2023-09-11,MACRO,SAP.DE,11200
2023-09-11,MACRO,XOM,5500
2023-09-12,ALPHA,AAPL,-8400
2023-09-12,ALPHA,KO,-200
2023-09-12,ALPHA,MSFT,-1500
2023-09-12,ALPHA,NVDA,5800
2023-09-12,ALPHA,SAP.DE,7000
2023-09-12,DELTA,AAPL,-8200
2023-09-12,DELTA,GS,-1600
2023-09-12,DELTA,JPM,3100
2023-09-12,DELTA,SHEL.L,7000
2023-09-12,DELTA,XOM,-2700
2023-09-12,MACRO,NVDA,-3300
2023-09-12,MACRO,PG,-200
2023-09-12,MACRO,SAP.DE,11200
2023-09-12,MACRO,XOM,5500
2023-09-13,ALPHA,AAPL,-8400
2023-09-13,ALPHA,KO,-200
2023-09-13,ALPHA,MSFT,-1500
2023-09-13,ALPHA,NVDA,5800
2023-09-13,ALPHA,SAP.DE,7000
2023-09-13,DELTA,AAPL,-8200
2023-09-13,DELTA,GS,-1600
2023-09-13,DELTA,JPM,3100
2023-09-13,DELTA,SHEL.L,7000
2023-09-13,DELTA,XOM,-2700
2023-09-13,MACRO,NVDA,-3300
2023-09-13,MACRO,PG,-200
2023-09-13,MACRO,SAP.DE,11200
2023-09-13,MACRO,XOM,5500
2023-09-14,ALPHA,AAPL,-8400
2023-09-14,ALPHA,KO,-200
2023-09-14,ALPHA,MSFT,-1500
2023-09-14,ALPHA,NVDA,5800
2023-09-14,ALPHA,SAP.DE,7000
2023-09-14,DELTA,AAPL,-8200
2023-09-14,DELTA,GS,-1600
2023-09-14,DELTA,JPM,3100
2023-09-14,DELTA,SHEL.L,7000
2023-09-14,DELTA,XOM,-2700
2023-09-14,MACRO,NVDA,-3300
2023-09-14,MACRO,PG,-200
2023-09-14,MACRO,SAP.DE,11200
2023-09-14,MACRO,XOM,5500
2023-09-15,ALPHA,AAPL,-8400
2023-09-15,ALPHA,KO,-200
2023-09-15,ALPHA,MSFT,-1500
2023-09-15,ALPHA,NVDA,5800
2023-09-15,ALPHA,SAP.DE,7000
2023-09-15,DELTA,AAPL,-8200
2023-09-15,DELTA,GS,-1600
2023-09-15,DELTA,JPM,3100
2023-09-15,DELTA,SHEL.L,7000
2023-09-15,DELTA,XOM,-2700
2023-09-15,MACRO,NVDA,-3300
2023-09-15,MACRO,PG,-200
2023-09-15,MACRO,SAP.DE,11200
2023-09-15,MACRO,XOM,5500
2023-09-18,ALPHA,AAPL,-8400
2023-09-18,ALPHA,KO,-200
2023-09-18,ALPHA,MSFT,-1500
2023-09-18,ALPHA,NVDA,5800
2023-09-18,ALPHA,SAP.DE,7000
2023-09-18,DELTA,AAPL,-8200
2023-09-18,DELTA,GS,-1600
2023-09-18,DELTA,JPM,3100
2023-09-18,DELTA,SHEL.L,7000
2023-09-18,DELTA,XOM,-2700
2023-09-18,MACRO,NVDA,-3300
2023-09-18,MACRO,PG,-200
2023-09-18,MACRO,SAP.DE,11200
2023-09-18,MACRO,XOM,5500
2023-09-19,ALPHA,AAPL,-8400
2023-09-19,ALPHA,KO,-200
2023-09-19,ALPHA,MSFT,-1500
2023-09-19,ALPHA,NVDA,5800
2023-09-19,ALPHA,SAP.DE,7000
2023-09-19,DELTA,AAPL,-8200
2023-09-19,DELTA,GS,-1600
2023-09-19,DELTA,JPM,3100
2023-09-19,DELTA,SHEL.L,7000
2023-09-19,DELTA,XOM,-2700
2023-09-19,MACRO,NVDA,-3300
2023-09-19,MACRO,PG,-200
2023-09-19,MACRO,SAP.DE,11200
2023-09-19,MACRO,XOM,5500
2023-09-20,ALPHA,AAPL,-8400
2023-09-20,ALPHA,KO,-200
2023-09-20,ALPHA,MSFT,-1500
2023-09-20,ALPHA,NVDA,5800
2023-09-20,ALPHA,SAP.DE,7000
2023-09-20,DELTA,AAPL,-8200
2023-09-20,DELTA,GS,-1600
2023-09-20,DELTA,JPM,3100
2023-09-20,DELTA,SHEL.L,7000
2023-09-20,DELTA,XOM,-2700
2023-09-20,MACRO,NVDA,-3300
2023-09-20,MACRO,PG,-200
2023-09-20,MACRO,SAP.DE,11200
2023-09-20,MACRO,XOM,5500
2023-09-21,ALPHA,AAPL,-8400
2023-09-21,ALPHA,KO,-200
2023-09-21,ALPHA,MSFT,-1500
2023-09-21,ALPHA,NVDA,5800
2023-09-21,ALPHA,SAP.DE,7000
2023-09-21,DELTA,AAPL,-8200
2023-09-21,DELTA,GS,-1600
2023-09-21,DELTA,JPM,3100
2023-09-21,DELTA,SHEL.L,7000
2023-09-21,DELTA,XOM,-2700
2023-09-21,MACRO,NVDA,-3300
2023-09-21,MACRO,PG,-200
2023-09-21,MACRO,SAP.DE,11200
2023-09-21,MACRO,XOM,5500
2023-09-22,ALPHA,AAPL,-8400
2023-09-22,ALPHA,KO,-200
2023-09-22,ALPHA,MSFT,-1500
2023-09-22,ALPHA,NVDA,5800
2023-09-22,ALPHA,SAP.DE,7000
2023-09-22,DELTA,AAPL,-8200
2023-09-22,DELTA,GS,-1600
2023-09-22,DELTA,JPM,3100
2023-09-22,DELTA,SHEL.L,7000
2023-09-22,DELTA,XOM,-2700
2023-09-22,MACRO,NVDA,-3300
2023-09-22,MACRO,PG,-200
2023-09-22,MACRO,SAP.DE,11200
2023-09-22,MACRO,XOM,5500
2023-09-25,ALPHA,AAPL,-8400
2023-09-25,ALPHA,KO,-200
2023-09-25,ALPHA,MSFT,-1500
2023-09-25,ALPHA,NVDA,5800
2023-09-25,ALPHA,SAP.DE,7000
2023-09-25,DELTA,AAPL,-8200
2023-09-25,DELTA,GS,-1600
2023-09-25,DELTA,JPM,3100
2023-09-25,DELTA,SHEL.L,7000
2023-09-25,DELTA,XOM,-2700
2023-09-25,MACRO,NVDA,-3300
2023-09-25,MACRO,PG,-200
2023-09-25,MACRO,SAP.DE,11200
2023-09-25,MACRO,XOM,5500
2023-09-26,ALPHA,AAPL,-8400
2023-09-26,ALPHA,KO,-200
2023-09-26,ALPHA,MSFT,-1500
2023-09-26,ALPHA,NVDA,5800
2023-09-26,ALPHA,SAP.DE,7000
2023-09-26,DELTA,AAPL,-8200
2023-09-26,DELTA,GS,-1600
2023-09-26,DELTA,JPM,3100
2023-09-26,DELTA,SHEL.L,7000
2023-09-26,DELTA,XOM,-2700
2023-09-26,MACRO,NVDA,-3300
2023-09-26,MACRO,PG,-200
2023-09-26,MACRO,SAP.DE,11200
2023-09-26,MACRO,XOM,5500
2023-09-27,ALPHA,AAPL,-8400
2023-09-27,ALPHA,KO,-200
2023-09-27,ALPHA,MSFT,-1500
2023-09-27,ALPHA,NVDA,5800
2023-09-27,ALPHA,SAP.DE,7000
2023-09-27,DELTA,AAPL,-8200
2023-09-27,DELTA,GS,-1600
2023-09-27,DELTA,JPM,3100
2023-09-27,DELTA,SHEL.L,7000
2023-09-27,DELTA,XOM,-2700
2023-09-27,MACRO,NVDA,-3300
2023-09-27,MACRO,PG,-200
2023-09-27,MACRO,SAP.DE,11200
2023-09-27,MACRO,XOM,5500
2023-09-28,ALPHA,AAPL,-8400
2023-09-28,ALPHA,KO,-200
2023-09-28,ALPHA,MSFT,-1500
2023-09-28,ALPHA,NVDA,5800
2023-09-28,ALPHA,SAP.DE,7000
2023-09-28,DELTA,AAPL,-8200
2023-09-28,DELTA,GS,-1600
2023-09-28,DELTA,JPM,3100
2023-09-28,DELTA,SHEL.L,7000
2023-09-28,DELTA,XOM,-2700
2023-09-28,MACRO,NVDA,-3300
2023-09-28,MACRO,PG,-200
2023-09-28,MACRO,SAP.DE,11200
2023-09-28,MACRO,XOM,5500
2023-09-29,ALPHA,AAPL,-8400
2023-09-29,ALPHA,KO,-200
2023-09-29,ALPHA,MSFT,-1500
2023-09-29,ALPHA,NVDA,5800
2023-09-29,ALPHA,SAP.DE,7000
2023-09-29,DELTA,AAPL,-8200
2023-09-29,DELTA,GS,-1600
2023-09-29,DELTA,JPM,3100
2023-09-29,DELTA,SHEL.L,7000
2023-09-29,DELTA,XOM,-2700
2023-09-29,MACRO,NVDA,-3300
2023-09-29,MACRO,PG,-200
2023-09-29,MACRO,SAP.DE,11200
2023-09-29,MACRO,XOM,5500
2023-10-02,ALPHA,AAPL,-6800
2023-10-02,ALPHA,KO,900
2023-10-02,ALPHA,MSFT,-4500
2023-10-02,ALPHA,NVDA,1100
2023-10-02,ALPHA,SAP.DE,8400
2023-10-02,DELTA,AAPL,-11000
2023-10-02,DELTA,GS,-900
2023-10-02,DELTA,JPM,100
2023-10-02,DELTA,SHEL.L,8000
2023-10-02,DELTA,XOM,-3900
2023-10-02,MACRO,NVDA,-100
2023-10-02,MACRO,PG,3300
2023-10-02,MACRO,SAP.DE,17100
2023-10-02,MACRO,XOM,5900
2023-10-03,ALPHA,AAPL,-6800
2023-10-03,ALPHA,KO,900
2023-10-03,ALPHA,MSFT,-4500
2023-10-03,ALPHA,NVDA,1100
2023-10-03,ALPHA,SAP.DE,8400
2023-10-03,DELTA,AAPL,-11000
2023-10-03,DELTA,GS,-900
2023-10-03,DELTA,JPM,100
2023-10-03,DELTA,SHEL.L,8000
2023-10-03,DELTA,XOM,-3900
2023-10-03,MACRO,NVDA,-100
2023-10-03,MACRO,PG,3300
2023-10-03,MACRO,SAP.DE,17100
2023-10-03,MACRO,XOM,5900
2023-10-04,ALPHA,AAPL,-6800
2023-10-04,ALPHA,KO,900
2023-10-04,ALPHA,MSFT,-4500
2023-10-04,ALPHA,NVDA,1100
2023-10-04,ALPHA,SAP.DE,8400
2023-10-04,DELTA,AAPL,-11000
2023-10-04,DELTA,GS,-900
2023-10-04,DELTA,JPM,100
2023-10-04,DELTA,SHEL.L,8000
2023-10-04,DELTA,XOM,-3900
2023-10-04,MACRO,NVDA,-100
2023-10-04,MACRO,PG,3300
2023-10-04,MACRO,SAP.DE,17100
2023-10-04,MACRO,XOM,5900
2023-10-05,ALPHA,AAPL,-6800
2023-10-05,ALPHA,KO,900
2023-10-05,ALPHA,MSFT,-4500
2023-10-05,ALPHA,NVDA,1100
2023-10-05,ALPHA,SAP.DE,8400
2023-10-05,DELTA,AAPL,-11000
2023-10-05,DELTA,GS,-900
2023-10-05,DELTA,JPM,100
2023-10-05,DELTA,SHEL.L,8000
2023-10-05,DELTA,XOM,-3900
2023-10-05,MACRO,NVDA,-100
2023-10-05,MACRO,PG,3300
2023-10-05,MACRO,SAP.DE,17100
2023-10-05,MACRO,XOM,5900
2023-10-06,ALPHA,AAPL,-6800
2023-10-06,ALPHA,KO,900
2023-10-06,ALPHA,MSFT,-4500
2023-10-06,ALPHA,NVDA,1100
2023-10-06,ALPHA,SAP.DE,8400
2023-10-06,DELTA,AAPL,-11000
2023-10-06,DELTA,GS,-900
2023-10-06,DELTA,JPM,100
2023-10-06,DELTA,SHEL.L,8000
2023-10-06,DELTA,XOM,-3900
2023-10-06,MACRO,NVDA,-100
2023-10-06,MACRO,PG,3300
2023-10-06,MACRO,SAP.DE,17100
2023-10-06,MACRO,XOM,5900
2023-10-09,ALPHA,AAPL,-6800
2023-10-09,ALPHA,KO,900
2023-10-09,ALPHA,MSFT,-4500
2023-10-09,ALPHA,NVDA,1100
2023-10-09,ALPHA,SAP.DE,8400
2023-10-09,DELTA,AAPL,-11000
2023-10-09,DELTA,GS,-900
2023-10-09,DELTA,JPM,100
2023-10-09,DELTA,SHEL.L,8000
2023-10-09,DELTA,XOM,-3900
2023-10-09,MACRO,NVDA,-100
2023-10-09,MACRO,PG,3300
2023-10-09,MACRO,SAP.DE,17100
2023-10-09,MACRO,XOM,5900
2023-10-10,ALPHA,AAPL,-6800
2023-10-10,ALPHA,KO,900
2023-10-10,ALPHA,MSFT,-4500
2023-10-10,ALPHA,NVDA,1100
2023-10-10,ALPHA,SAP.DE,8400
2023-10-10,DELTA,AAPL,-11000
2023-10-10,DELTA,GS,-900
2023-10-10,DELTA,JPM,100
2023-10-10,DELTA,SHEL.L,8000
2023-10-10,DELTA,XOM,-3900
2023-10-10,MACRO,NVDA,-100
2023-10-10,MACRO,PG,3300
2023-10-10,MACRO,SAP.DE,17100
2023-10-10,MACRO,XOM,5900
2023-10-11,ALPHA,AAPL,-6800
2023-10-11,ALPHA,KO,900
2023-10-11,ALPHA,MSFT,-4500
2023-10-11,ALPHA,NVDA,1100
2023-10-11,ALPHA,SAP.DE,8400
2023-10-11,DELTA,AAPL,-11000
2023-10-11,DELTA,GS,-900
2023-10-11,DELTA,JPM,100
2023-10-11,DELTA,SHEL.L,8000
2023-10-11,DELTA,XOM,-3900
2023-10-11,MACRO,NVDA,-100
2023-10-11,MACRO,PG,3300
2023-10-11,MACRO,SAP.DE,17100
2023-10-11,MACRO,XOM,5900
2023-10-12,ALPHA,AAPL,-6800
2023-10-12,ALPHA,KO,900
2023-10-12,ALPHA,MSFT,-4500
2023-10-12,ALPHA,NVDA,1100
2023-10-12,ALPHA,SAP.DE,8400
2023-10-12,DELTA,AAPL,-11000
2023-10-12,DELTA,GS,-900
2023-10-12,DELTA,JPM,100
2023-10-12,DELTA,SHEL.L,8000
2023-10-12,DELTA,XOM,-3900
2023-10-12,MACRO,NVDA,-100
2023-10-12,MACRO,PG,3300
2023-10-12,MACRO,SAP.DE,17100
2023-10-12,MACRO,XOM,5900
2023-10-13,ALPHA,AAPL,-6800
2023-10-13,ALPHA,KO,900
2023-10-13,ALPHA,MSFT,-4500
2023-10-13,ALPHA,NVDA,1100
2023-10-13,ALPHA,SAP.DE,8400
2023-10-13,DELTA,AAPL,-11000
2023-10-13,DELTA,GS,-900
2023-10-13,DELTA,JPM,100
2023-10-13,DELTA,SHEL.L,8000
2023-10-13,DELTA,XOM,-3900
2023-10-13,MACRO,NVDA,-100
2023-10-13,MACRO,PG,3300
2023-10-13,MACRO,SAP.DE,17100
2023-10-13,MACRO,XOM,5900
2023-10-16,ALPHA,AAPL,-6800
2023-10-16,ALPHA,KO,900
2023-10-16,ALPHA,MSFT,-4500
2023-10-16,ALPHA,NVDA,1100
2023-10-16,ALPHA,SAP.DE,8400
2023-10-16,DELTA,AAPL,-11000
2023-10-16,DELTA,GS,-900
2023-10-16,DELTA,JPM,100
2023-10-16,DELTA,SHEL.L,8000
2023-10-16,DELTA,XOM,-3900
2023-10-16,MACRO,NVDA,-100
2023-10-16,MACRO,PG,3300
2023-10-16,MACRO,SAP.DE,17100
2023-10-16,MACRO,XOM,5900
2023-10-17,ALPHA,AAPL,-6800
2023-10-17,ALPHA,KO,900
2023-10-17,ALPHA,MSFT,-4500
2023-10-17,ALPHA,NVDA,1100
2023-10-17,ALPHA,SAP.DE,8400
2023-10-17,DELTA,AAPL,-11000
2023-10-17,DELTA,GS,-900
2023-10-17,DELTA,JPM,100
2023-10-17,DELTA,SHEL.L,8000
2023-10-17,DELTA,XOM,-3900
2023-10-17,MACRO,NVDA,-100
2023-10-17,MACRO,PG,3300
2023-10-17,MACRO,SAP.DE,17100
2023-10-17,MACRO,XOM,5900
2023-10-18,ALPHA,AAPL,-6800
2023-10-18,ALPHA,KO,900
2023-10-18,ALPHA,MSFT,-4500
2023-10-18,ALPHA,NVDA,1100
2023-10-18,ALPHA,SAP.DE,8400
2023-10-18,DELTA,AAPL,-11000
2023-10-18,DELTA,GS,-900
2023-10-18,DELTA,JPM,100
2023-10-18,DELTA,SHEL.L,8000
2023-10-18,DELTA,XOM,-3900
2023-10-18,MACRO,NVDA,-100
2023-10-18,MACRO,PG,3300
2023-10-18,MACRO,SAP.DE,17100
2023-10-18,MACRO,XOM,5900
2023-10-19,ALPHA,AAPL,-6800
2023-10-19,ALPHA,KO,900
2023-10-19,ALPHA,MSFT,-4500
2023-10-19,ALPHA,NVDA,1100
2023-10-19,ALPHA,SAP.DE,8400
2023-10-19,DELTA,AAPL,-11000
2023-10-19,DELTA,GS,-900
2023-10-19,DELTA,JPM,100
2023-10-19,DELTA,SHEL.L,8000
2023-10-19,DELTA,XOM,-3900
2023-10-19,MACRO,NVDA,-100
2023-10-19,MACRO,PG,3300
2023-10-19,MACRO,SAP.DE,17100
2023-10-19,MACRO,XOM,5900
2023-10-20,ALPHA,AAPL,-6800
2023-10-20,ALPHA,KO,900
2023-10-20,ALPHA,MSFT,-4500
2023-10-20,ALPHA,NVDA,1100
2023-10-20,ALPHA,SAP.DE,8400
2023-10-20,DELTA,AAPL,-11000
2023-10-20,DELTA,GS,-900
2023-10-20,DELTA,JPM,100
2023-10-20,DELTA,SHEL.L,8000
2023-10-20,DELTA,XOM,-3900
2023-10-20,MACRO,NVDA,-100
2023-10-20,MACRO,PG,3300
2023-10-20,MACRO,SAP.DE,17100
2023-10-20,MACRO,XOM,5900
2023-10-23,ALPHA,AAPL,-6800
2023-10-23,ALPHA,KO,900
2023-10-23,ALPHA,MSFT,-4500
2023-10-23,ALPHA,NVDA,1100
2023-10-23,ALPHA,SAP.DE,8400
2023-10-23,DELTA,AAPL,-11000
2023-10-23,DELTA,GS,-900
2023-10-23,DELTA,JPM,100
2023-10-23,DELTA,SHEL.L,8000
2023-10-23,DELTA,XOM,-3900
2023-10-23,MACRO,NVDA,-100
2023-10-23,MACRO,PG,3300
2023-10-23,MACRO,SAP.DE,17100
2023-10-23,MACRO,XOM,5900
2023-10-24,ALPHA,AAPL,-6800
2023-10-24,ALPHA,KO,900
2023-10-24,ALPHA,MSFT,-4500
2023-10-24,ALPHA,NVDA,1100
2023-10-24,ALPHA,SAP.DE,8400
2023-10-24,DELTA,AAPL,-11000
2023-10-24,DELTA,GS,-900
2023-10-24,DELTA,JPM,100
2023-10-24,DELTA,SHEL.L,8000
2023-10-24,DELTA,XOM,-3900
2023-10-24,MACRO,NVDA,-100
2023-10-24,MACRO,PG,3300
2023-10-24,MACRO,SAP.DE,17100
2023-10-24,MACRO,XOM,5900
2023-10-25,ALPHA,AAPL,-6800
2023-10-25,ALPHA,KO,900
2023-10-25,ALPHA,MSFT,-4500
2023-10-25,ALPHA,NVDA,1100
2023-10-25,ALPHA,SAP.DE,8400
2023-10-25,DELTA,AAPL,-11000
2023-10-25,DELTA,GS,-900
2023-10-25,DELTA,JPM,100
2023-10-25,DELTA,SHEL.L,8000
2023-10-25,DELTA,XOM,-3900
2023-10-25,MACRO,NVDA,-100
2023-10-25,MACRO,PG,3300
2023-10-25,MACRO,SAP.DE,17100
2023-10-25,MACRO,XOM,5900
2023-10-26,ALPHA,AAPL,-6800
2023-10-26,ALPHA,KO,900
2023-10-26,ALPHA,MSFT,-4500
2023-10-26,ALPHA,NVDA,1100
2023-10-26,ALPHA,SAP.DE,8400
2023-10-26,DELTA,AAPL,-11000
2023-10-26,DELTA,GS,-900
2023-10-26,DELTA,JPM,100
2023-10-26,DELTA,SHEL.L,8000
2023-10-26,DELTA,XOM,-3900
2023-10-26,MACRO,NVDA,-100
2023-10-26,MACRO,PG,3300
2023-10-26,MACRO,SAP.DE,17100
2023-10-26,MACRO,XOM,5900
2023-10-27,ALPHA,AAPL,-6800
2023-10-27,ALPHA,KO,900
2023-10-27,ALPHA,MSFT,-4500
2023-10-27,ALPHA,NVDA,1100
2023-10-27,ALPHA,SAP.DE,8400
2023-10-27,DELTA,AAPL,-11000
2023-10-27,DELTA,GS,-900
2023-10-27,DELTA,JPM,100
2023-10-27,DELTA,SHEL.L,8000
2023-10-27,DELTA,XOM,-3900
2023-10-27,MACRO,NVDA,-100
2023-10-27,MACRO,PG,3300
2023-10-27,MACRO,SAP.DE,17100
2023-10-27,MACRO,XOM,5900
2023-10-30,ALPHA,AAPL,-6800
2023-10-30,ALPHA,KO,900
2023-10-30,ALPHA,MSFT,-4500
2023-10-30,ALPHA,NVDA,1100
2023-10-30,ALPHA,SAP.DE,8400
2023-10-30,DELTA,AAPL,-11000
2023-10-30,DELTA,GS,-900
2023-10-30,DELTA,JPM,100
2023-10-30,DELTA,SHEL.L,8000
2023-10-30,DELTA,XOM,-3900
2023-10-30,MACRO,NVDA,-100
2023-10-30,MACRO,PG,3300
2023-10-30,MACRO,SAP.DE,17100
2023-10-30,MACRO,XOM,5900
2023-10-31,ALPHA,AAPL,-6800
2023-10-31,ALPHA,KO,900
2023-10-31,ALPHA,MSFT,-4500
2023-10-31,ALPHA,NVDA,1100
2023-10-31,ALPHA,SAP.DE,8400
2023-10-31,DELTA,AAPL,-11000
2023-10-31,DELTA,GS,-900
2023-10-31,DELTA,JPM,100
2023-10-31,DELTA,SHEL.L,8000
2023-10-31,DELTA,XOM,-3900
2023-10-31,MACRO,NVDA,-100
2023-10-31,MACRO,PG,3300
2023-10-31,MACRO,SAP.DE,17100
2023-10-31,MACRO,XOM,5900
2023-11-01,ALPHA,AAPL,-6000
2023-11-01,ALPHA,KO,-100
2023-11-01,ALPHA,MSFT,-5000
2023-11-01,ALPHA,NVDA,2000
2023-11-01,ALPHA,SAP.DE,10600
2023-11-01,DELTA,AAPL,-13000
2023-11-01,DELTA,GS,1300
2023-11-01,DELTA,JPM,5300
2023-11-01,DELTA,SHEL.L,7600
2023-11-01,DELTA,XOM,-2900
2023-11-01,MACRO,NVDA,7300
2023-11-01,MACRO,PG,3600
2023-11-01,MACRO,SAP.DE,16400
2023-11-01,MACRO,XOM,2900
2023-11-02,ALPHA,AAPL,-6000
2023-11-02,ALPHA,KO,-100
2023-11-02,ALPHA,MSFT,-5000
2023-11-02,ALPHA,NVDA,2000
2023-11-02,ALPHA,SAP.DE,10600
2023-11-02,DELTA,AAPL,-13000
2023-11-02,DELTA,GS,1300
2023-11-02,DELTA,JPM,5300
2023-11-02,DELTA,SHEL.L,7600
2023-11-02,DELTA,XOM,-2900
2023-11-02,MACRO,NVDA,7300
2023-11-02,MACRO,PG,3600
2023-11-02,MACRO,SAP.DE,16400
2023-11-02,MACRO,XOM,2900
2023-11-03,ALPHA,AAPL,-6000
2023-11-03,ALPHA,KO,-100
2023-11-03,ALPHA,MSFT,-5000
2023-11-03,ALPHA,NVDA,2000
2023-11-03,ALPHA,SAP.DE,10600
2023-11-03,DELTA,AAPL,-13000
2023-11-03,DELTA,GS,1300
2023-11-03,DELTA,JPM,5300
2023-11-03,DELTA,SHEL.L,7600
2023-11-03,DELTA,XOM,-2900
2023-11-03,MACRO,NVDA,7300
2023-11-03,MACRO,PG,3600
2023-11-03,MACRO,SAP.DE,16400
2023-11-03,MACRO,XOM,2900
2023-11-06,ALPHA,AAPL,-6000
2023-11-06,ALPHA,KO,-100
2023-11-06,ALPHA,MSFT,-5000
2023-11-06,ALPHA,NVDA,2000
2023-11-06,ALPHA,SAP.DE,10600
2023-11-06,DELTA,AAPL,-13000
2023-11-06,DELTA,GS,1300
2023-11-06,DELTA,JPM,5300
2023-11-06,DELTA,SHEL.L,7600
2023-11-06,DELTA,XOM,-2900
2023-11-06,MACRO,NVDA,7300
2023-11-06,MACRO,PG,3600
2023-11-06,MACRO,SAP.DE,16400
2023-11-06,MACRO,XOM,2900
2023-11-07,ALPHA,AAPL,-6000
2023-11-07,ALPHA,KO,-100
2023-11-07,ALPHA,MSFT,-5000
2023-11-07,ALPHA,NVDA,2000
2023-11-07,ALPHA,SAP.DE,10600
2023-11-07,DELTA,AAPL,-13000
2023-11-07,DELTA,GS,1300
2023-11-07,DELTA,JPM,5300
2023-11-07,DELTA,SHEL.L,7600
2023-11-07,DELTA,XOM,-2900
2023-11-07,MACRO,NVDA,7300
2023-11-07,MACRO,PG,3600
2023-11-07,MACRO,SAP.DE,16400
2023-11-07,MACRO,XOM,2900
2023-11-08,ALPHA,AAPL,-6000
2023-11-08,ALPHA,KO,-100
2023-11-08,ALPHA,MSFT,-5000
2023-11-08,ALPHA,NVDA,2000
2023-11-08,ALPHA,SAP.DE,10600
2023-11-08,DELTA,AAPL,-13000
2023-11-08,DELTA,GS,1300
2023-11-08,DELTA,JPM,5300
2023-11-08,DELTA,SHEL.L,7600
2023-11-08,DELTA,XOM,-2900
2023-11-08,MACRO,NVDA,7300
2023-11-08,MACRO,PG,3600
2023-11-08,MACRO,SAP.DE,16400
2023-11-08,MACRO,XOM,2900
2023-11-09,ALPHA,AAPL,-6000
2023-11-09,ALPHA,KO,-100
2023-11-09,ALPHA,MSFT,-5000
2023-11-09,ALPHA,NVDA,2000
2023-11-09,ALPHA,SAP.DE,10600
2023-11-09,DELTA,AAPL,-13000
2023-11-09,DELTA,GS,1300
2023-11-09,DELTA,JPM,5300
2023-11-09,DELTA,SHEL.L,7600
2023-11-09,DELTA,XOM,-2900
2023-11-09,MACRO,NVDA,7300
2023-11-09,MACRO,PG,3600
2023-11-09,MACRO,SAP.DE,16400
2023-11-09,MACRO,XOM,2900
2023-11-10,ALPHA,AAPL,-6000
2023-11-10,ALPHA,KO,-100
2023-11-10,ALPHA,MSFT,-5000
2023-11-10,ALPHA,NVDA,2000
2023-11-10,ALPHA,SAP.DE,10600
2023-11-10,DELTA,AAPL,-13000
2023-11-10,DELTA,GS,1300
2023-11-10,DELTA,JPM,5300
2023-11-10,DELTA,SHEL.L,7600
2023-11-10,DELTA,XOM,-2900
2023-11-10,MACRO,NVDA,7300
2023-11-10,MACRO,PG,3600
2023-11-10,MACRO,SAP.DE,16400
2023-11-10,MACRO,XOM,2900
2023-11-13,ALPHA,AAPL,-6000
2023-11-13,ALPHA,KO,-100
2023-11-13,ALPHA,MSFT,-5000
2023-11-13,ALPHA,NVDA,2000
2023-11-13,ALPHA,SAP.DE,10600
2023-11-13,DELTA,AAPL,-13000
2023-11-13,DELTA,GS,1300
2023-11-13,DELTA,JPM,5300
2023-11-13,DELTA,SHEL.L,7600
2023-11-13,DELTA,XOM,-2900
2023-11-13,MACRO,NVDA,7300
2023-11-13,MACRO,PG,3600
2023-11-13,MACRO,SAP.DE,16400
2023-11-13,MACRO,XOM,2900
2023-11-14,ALPHA,AAPL,-6000
2023-11-14,ALPHA,KO,-100
2023-11-14,ALPHA,MSFT,-5000
2023-11-14,ALPHA,NVDA,2000
2023-11-14,ALPHA,SAP.DE,10600
2023-11-14,DELTA,AAPL,-13000
2023-11-14,DELTA,GS,1300
2023-11-14,DELTA,JPM,5300
2023-11-14,DELTA,SHEL.L,7600
2023-11-14,DELTA,XOM,-2900
2023-11-14,MACRO,NVDA,7300
2023-11-14,MACRO,PG,3600
2023-11-14,MACRO,SAP.DE,16400
2023-11-14,MACRO,XOM,2900
2023-11-15,ALPHA,AAPL,-6000
2023-11-15,ALPHA,KO,-100
2023-11-15,ALPHA,MSFT,-5000
2023-11-15,ALPHA,NVDA,2000
2023-11-15,ALPHA,SAP.DE,10600
2023-11-15,DELTA,AAPL,-13000
2023-11-15,DELTA,GS,1300
2023-11-15,DELTA,JPM,5300
2023-11-15,DELTA,SHEL.L,7600
2023-11-15,DELTA,XOM,-2900
2023-11-15,MACRO,NVDA,7300
2023-11-15,MACRO,PG,3600
2023-11-15,MACRO,SAP.DE,16400
2023-11-15,MACRO,XOM,2900
2023-11-16,ALPHA,AAPL,-6000
2023-11-16,ALPHA,KO,-100
2023-11-16,ALPHA,MSFT,-5000
2023-11-16,ALPHA,NVDA,2000
2023-11-16,ALPHA,SAP.DE,10600
2023-11-16,DELTA,AAPL,-13000
2023-11-16,DELTA,GS,1300
2023-11-16,DELTA,JPM,5300
2023-11-16,DELTA,SHEL.L,7600
2023-11-16,DELTA,XOM,-2900
2023-11-16,MACRO,NVDA,7300
2023-11-16,MACRO,PG,3600
2023-11-16,MACRO,SAP.DE,16400
2023-11-16,MACRO,XOM,2900
2023-11-17,ALPHA,AAPL,-6000
2023-11-17,ALPHA,KO,-100
2023-11-17,ALPHA,MSFT,-5000
2023-11-17,ALPHA,NVDA,2000
2023-11-17,ALPHA,SAP.DE,10600
2023-11-17,DELTA,AAPL,-13000
2023-11-17,DELTA,GS,1300
2023-11-17,DELTA,JPM,5300
2023-11-17,DELTA,SHEL.L,7600
2023-11-17,DELTA,XOM,-2900
2023-11-17,MACRO,NVDA,7300
2023-11-17,MACRO,PG,3600
2023-11-17,MACRO,SAP.DE,16400
2023-11-17,MACRO,XOM,2900
2023-11-20,ALPHA,AAPL,-6000
2023-11-20,ALPHA,KO,-100
2023-11-20,ALPHA,MSFT,-5000
2023-11-20,ALPHA,NVDA,2000
2023-11-20,ALPHA,SAP.DE,10600
2023-11-20,DELTA,AAPL,-13000
2023-11-20,DELTA,GS,1300
2023-11-20,DELTA,JPM,5300
2023-11-20,DELTA,SHEL.L,7600
2023-11-20,DELTA,XOM,-2900
2023-11-20,MACRO,NVDA,7300
2023-11-20,MACRO,PG,3600
2023-11-20,MACRO,SAP.DE,16400
2023-11-20,MACRO,XOM,2900
2023-11-21,ALPHA,AAPL,-6000
2023-11-21,ALPHA,KO,-100
2023-11-21,ALPHA,MSFT,-5000
2023-11-21,ALPHA,NVDA,2000
2023-11-21,ALPHA,SAP.DE,10600
2023-11-21,DELTA,AAPL,-13000
2023-11-21,DELTA,GS,1300
2023-11-21,DELTA,JPM,5300
2023-11-21,DELTA,SHEL.L,7600
2023-11-21,DELTA,XOM,-2900
2023-11-21,MACRO,NVDA,7300
2023-11-21,MACRO,PG,3600
2023-11-21,MACRO,SAP.DE,16400
2023-11-21,MACRO,XOM,2900
2023-11-22,ALPHA,AAPL,-6000
2023-11-22,ALPHA,KO,-100
2023-11-22,ALPHA,MSFT,-5000
2023-11-22,ALPHA,NVDA,2000
2023-11-22,ALPHA,SAP.DE,10600
2023-11-22,DELTA,AAPL,-13000
2023-11-22,DELTA,GS,1300
2023-11-22,DELTA,JPM,5300
2023-11-22,DELTA,SHEL.L,7600
2023-11-22,DELTA,XOM,-2900
2023-11-22,MACRO,NVDA,7300
2023-11-22,MACRO,PG,3600
2023-11-22,MACRO,SAP.DE,16400
2023-11-22,MACRO,XOM,2900
2023-11-24,ALPHA,AAPL,-6000
2023-11-24,ALPHA,KO,-100
2023-11-24,ALPHA,MSFT,-5000
2023-11-24,ALPHA,NVDA,2000
2023-11-24,ALPHA,SAP.DE,10600
2023-11-24,DELTA,AAPL,-13000
2023-11-24,DELTA,GS,1300
2023-11-24,DELTA,JPM,5300
2023-11-24,DELTA,SHEL.L,7600
2023-11-24,DELTA,XOM,-2900
2023-11-24,MACRO,NVDA,7300
2023-11-24,MACRO,PG,3600
2023-11-24,MACRO,SAP.DE,16400
2023-11-24,MACRO,XOM,2900
2023-11-27,ALPHA,AAPL,-6000
2023-11-27,ALPHA,KO,-100
2023-11-27,ALPHA,MSFT,-5000
2023-11-27,ALPHA,NVDA,2000
2023-11-27,ALPHA,SAP.DE,10600
2023-11-27,DELTA,AAPL,-13000
2023-11-27,DELTA,GS,1300
2023-11-27,DELTA,JPM,5300
2023-11-27,DELTA,SHEL.L,7600
2023-11-27,DELTA,XOM,-2900
2023-11-27,MACRO,NVDA,7300
2023-11-27,MACRO,PG,3600
2023-11-27,MACRO,SAP.DE,16400
2023-11-27,MACRO,XOM,2900
2023-11-28,ALPHA,AAPL,-6000
2023-11-28,ALPHA,KO,-100
2023-11-28,ALPHA,MSFT,-5000
2023-11-28,ALPHA,NVDA,2000
2023-11-28,ALPHA,SAP.DE,10600
2023-11-28,DELTA,AAPL,-13000
2023-11-28,DELTA,GS,1300
2023-11-28,DELTA,JPM,5300
2023-11-28,DELTA,SHEL.L,7600
2023-11-28,DELTA,XOM,-2900
2023-11-28,MACRO,NVDA,7300
2023-11-28,MACRO,PG,3600
2023-11-28,MACRO,SAP.DE,16400
2023-11-28,MACRO,XOM,2900
2023-11-29,ALPHA,AAPL,-6000
2023-11-29,ALPHA,KO,-100
2023-11-29,ALPHA,MSFT,-5000
2023-11-29,ALPHA,NVDA,2000
2023-11-29,ALPHA,SAP.DE,10600
2023-11-29,DELTA,AAPL,-13000
2023-11-29,DELTA,GS,1300
2023-11-29,DELTA,JPM,5300
2023-11-29,DELTA,SHEL.L,7600
2023-11-29,DELTA,XOM,-2900
2023-11-29,MACRO,NVDA,7300
2023-11-29,MACRO,PG,3600
2023-11-29,MACRO,SAP.DE,16400
2023-11-29,MACRO,XOM,2900
2023-11-30,ALPHA,AAPL,-6000
2023-11-30,ALPHA,KO,-100
2023-11-30,ALPHA,MSFT,-5000
2023-11-30,ALPHA,NVDA,2000
2023-11-30,ALPHA,SAP.DE,10600
2023-11-30,DELTA,AAPL,-13000
2023-11-30,DELTA,GS,1300
2023-11-30,DELTA,JPM,5300
2023-11-30,DELTA,SHEL.L,7600
2023-11-30,DELTA,XOM,-2900
2023-11-30,MACRO,NVDA,7300
2023-11-30,MACRO,PG,3600
2023-11-30,MACRO,SAP.DE,16400
2023-11-30,MACRO,XOM,2900
2023-12-01,ALPHA,AAPL,-2800
2023-12-01,ALPHA,KO,-1900
2023-12-01,ALPHA,MSFT,-2900
2023-12-01,ALPHA,NVDA,1800
2023-12-01,ALPHA,SAP.DE,14800
2023-12-01,DELTA,AAPL,-15000
2023-12-01,DELTA,GS,1000
2023-12-01,DELTA,JPM,6100
2023-12-01,DELTA,SHEL.L,11100
2023-12-01,DELTA,XOM,-7300
2023-12-01,MACRO,NVDA,8600
2023-12-01,MACRO,PG,2800
2023-12-01,MACRO,SAP.DE,15200
2023-12-01,MACRO,XOM,3200
2023-12-04,ALPHA,AAPL,-2800
2023-12-04,ALPHA,KO,-1900
2023-12-04,ALPHA,MSFT,-2900
2023-12-04,ALPHA,NVDA,1800
2023-12-04,ALPHA,SAP.DE,14800
2023-12-04,DELTA,AAPL,-15000
2023-12-04,DELTA,GS,1000
2023-12-04,DELTA,JPM,6100
2023-12-04,DELTA,SHEL.L,11100
2023-12-04,DELTA,XOM,-7300
2023-12-04,MACRO,NVDA,8600
2023-12-04,MACRO,PG,2800
2023-12-04,MACRO,SAP.DE,15200
2023-12-04,MACRO,XOM,3200
2023-12-05,ALPHA,AAPL,-2800
2023-12-05,ALPHA,KO,-1900
2023-12-05,ALPHA,MSFT,-2900
2023-12-05,ALPHA,NVDA,1800
2023-12-05,ALPHA,SAP.DE,14800
2023-12-05,DELTA,AAPL,-15000
2023-12-05,DELTA,GS,1000
2023-12-05,DELTA,JPM,6100
2023-12-05,DELTA,SHEL.L,11100
2023-12-05,DELTA,XOM,-7300
2023-12-05,MACRO,NVDA,8600
2023-12-05,MACRO,PG,2800
2023-12-05,MACRO,SAP.DE,15200
2023-12-05,MACRO,XOM,3200
2023-12-06,ALPHA,AAPL,-2800
2023-12-06,ALPHA,KO,-1900
2023-12-06,ALPHA,MSFT,-2900
2023-12-06,ALPHA,NVDA,1800
2023-12-06,ALPHA,SAP.DE,14800
2023-12-06,DELTA,AAPL,-15000
2023-12-06,DELTA,GS,1000
2023-12-06,DELTA,JPM,6100
2023-12-06,DELTA,SHEL.L,11100
2023-12-06,DELTA,XOM,-7300
2023-12-06,MACRO,NVDA,8600
2023-12-06,MACRO,PG,2800
2023-12-06,MACRO,SAP.DE,15200
2023-12-06,MACRO,XOM,3200
2023-12-07,ALPHA,AAPL,-2800
2023-12-07,ALPHA,KO,-1900
2023-12-07,ALPHA,MSFT,-2900
2023-12-07,ALPHA,NVDA,1800
2023-12-07,ALPHA,SAP.DE,14800
2023-12-07,DELTA,AAPL,-15000
2023-12-07,DELTA,GS,1000
2023-12-07,DELTA,JPM,6100
2023-12-07,DELTA,SHEL.L,11100
2023-12-07,DELTA,XOM,-7300
2023-12-07,MACRO,NVDA,8600
2023-12-07,MACRO,PG,2800
2023-12-07,MACRO,SAP.DE,15200
2023-12-07,MACRO,XOM,3200
2023-12-08,ALPHA,AAPL,-2800
2023-12-08,ALPHA,KO,-1900
2023-12-08,ALPHA,MSFT,-2900
2023-12-08,ALPHA,NVDA,1800
2023-12-08,ALPHA,SAP.DE,14800
2023-12-08,DELTA,AAPL,-15000
2023-12-08,DELTA,GS,1000
2023-12-08,DELTA,JPM,6100
2023-12-08,DELTA,SHEL.L,11100
2023-12-08,DELTA,XOM,-7300
2023-12-08,MACRO,NVDA,8600
2023-12-08,MACRO,PG,2800
2023-12-08,MACRO,SAP.DE,15200
2023-12-08,MACRO,XOM,3200
2023-12-11,ALPHA,AAPL,-2800
2023-12-11,ALPHA,KO,-1900
2023-12-11,ALPHA,MSFT,-2900
2023-12-11,ALPHA,NVDA,1800
2023-12-11,ALPHA,SAP.DE,14800
2023-12-11,DELTA,AAPL,-15000
2023-12-11,DELTA,GS,1000
2023-12-11,DELTA,JPM,6100
2023-12-11,DELTA,SHEL.L,11100
2023-12-11,DELTA,XOM,-7300
2023-12-11,MACRO,NVDA,8600
2023-12-11,MACRO,PG,2800
2023-12-11,MACRO,SAP.DE,15200
2023-12-11,MACRO,XOM,3200
2023-12-12,ALPHA,AAPL,-2800
2023-12-12,ALPHA,KO,-1900
2023-12-12,ALPHA,MSFT,-2900
2023-12-12,ALPHA,NVDA,1800
2023-12-12,ALPHA,SAP.DE,14800
2023-12-12,DELTA,AAPL,-15000
2023-12-12,DELTA,GS,1000
2023-12-12,DELTA,JPM,6100
2023-12-12,DELTA,SHEL.L,11100
2023-12-12,DELTA,XOM,-7300
2023-12-12,MACRO,NVDA,8600
2023-12-12,MACRO,PG,2800
2023-12-12,MACRO,SAP.DE,15200
2023-12-12,MACRO,XOM,3200
2023-12-13,ALPHA,AAPL,-2800
2023-12-13,ALPHA,KO,-1900
2023-12-13,ALPHA,MSFT,-2900
2023-12-13,ALPHA,NVDA,1800
2023-12-13,ALPHA,SAP.DE,14800
2023-12-13,DELTA,AAPL,-15000
2023-12-13,DELTA,GS,1000
2023-12-13,DELTA,JPM,6100
2023-12-13,DELTA,SHEL.L,11100
2023-12-13,DELTA,XOM,-7300
2023-12-13,MACRO,NVDA,8600
2023-12-13,MACRO,PG,2800
2023-12-13,MACRO,SAP.DE,15200
2023-12-13,MACRO,XOM,3200
2023-12-14,ALPHA,AAPL,-2800
2023-12-14,ALPHA,KO,-1900
2023-12-14,ALPHA,MSFT,-2900
2023-12-14,ALPHA,NVDA,1800
2023-12-14,ALPHA,SAP.DE,14800
2023-12-14,DELTA,AAPL,-15000
2023-12-14,DELTA,GS,1000
2023-12-14,DELTA,JPM,6100
2023-12-14,DELTA,SHEL.L,11100
2023-12-14,DELTA,XOM,-7300
2023-12-14,MACRO,NVDA,8600
2023-12-14,MACRO,PG,2800
2023-12-14,MACRO,SAP.DE,15200
2023-12-14,MACRO,XOM,3200
2023-12-15,ALPHA,AAPL,-2800
2023-12-15,ALPHA,KO,-1900
2023-12-15,ALPHA,MSFT,-2900
2023-12-15,ALPHA,NVDA,1800
2023-12-15,ALPHA,SAP.DE,14800
2023-12-15,DELTA,AAPL,-15000
2023-12-15,DELTA,GS,1000
2023-12-15,DELTA,JPM,6100
2023-12-15,DELTA,SHEL.L,11100
2023-12-15,DELTA,XOM,-7300
2023-12-15,MACRO,NVDA,8600
2023-12-15,MACRO,PG,2800
2023-12-15,MACRO,SAP.DE,15200
2023-12-15,MACRO,XOM,3200
2023-12-18,ALPHA,AAPL,-2800
2023-12-18,ALPHA,KO,-1900
2023-12-18,ALPHA,MSFT,-2900
2023-12-18,ALPHA,NVDA,1800
2023-12-18,ALPHA,SAP.DE,14800
2023-12-18,DELTA,AAPL,-15000
2023-12-18,DELTA,GS,1000
2023-12-18,DELTA,JPM,6100
2023-12-18,DELTA,SHEL.L,11100
2023-12-18,DELTA,XOM,-7300
2023-12-18,MACRO,NVDA,8600
2023-12-18,MACRO,PG,2800
2023-12-18,MACRO,SAP.DE,15200
2023-12-18,MACRO,XOM,3200
2023-12-19,ALPHA,AAPL,-2800
2023-12-19,ALPHA,KO,-1900
2023-12-19,ALPHA,MSFT,-2900
2023-12-19,ALPHA,NVDA,1800
2023-12-19,ALPHA,SAP.DE,14800
2023-12-19,DELTA,AAPL,-15000
2023-12-19,DELTA,GS,1000
2023-12-19,DELTA,JPM,6100
2023-12-19,DELTA,SHEL.L,11100
2023-12-19,DELTA,XOM,-7300
2023-12-19,MACRO,NVDA,8600
2023-12-19,MACRO,PG,2800
2023-12-19,MACRO,SAP.DE,15200
2023-12-19,MACRO,XOM,3200
2023-12-20,ALPHA,AAPL,-2800
2023-12-20,ALPHA,KO,-1900
2023-12-20,ALPHA,MSFT,-2900
2023-12-20,ALPHA,NVDA,1800
2023-12-20,ALPHA,SAP.DE,14800
2023-12-20,DELTA,AAPL,-15000
2023-12-20,DELTA,GS,1000
2023-12-20,DELTA,JPM,6100
2023-12-20,DELTA,SHEL.L,11100
2023-12-20,DELTA,XOM,-7300
2023-12-20,MACRO,NVDA,8600
2023-12-20,MACRO,PG,2800
2023-12-20,MACRO,SAP.DE,15200
2023-12-20,MACRO,XOM,3200
2023-12-21,ALPHA,AAPL,-2800
2023-12-21,ALPHA,KO,-1900
2023-12-21,ALPHA,MSFT,-2900
2023-12-21,ALPHA,NVDA,1800
2023-12-21,ALPHA,SAP.DE,14800
2023-12-21,DELTA,AAPL,-15000
2023-12-21,DELTA,GS,1000
2023-12-21,DELTA,JPM,6100
2023-12-21,DELTA,SHEL.L,11100
2023-12-21,DELTA,XOM,-7300
2023-12-21,MACRO,NVDA,8600
2023-12-21,MACRO,PG,2800
2023-12-21,MACRO,SAP.DE,15200
2023-12-21,MACRO,XOM,3200
2023-12-22,ALPHA,AAPL,-2800
2023-12-22,ALPHA,KO,-1900
2023-12-22,ALPHA,MSFT,-2900
2023-12-22,ALPHA,NVDA,1800
2023-12-22,ALPHA,SAP.DE,14800
2023-12-22,DELTA,AAPL,-15000
2023-12-22,DELTA,GS,1000
2023-12-22,DELTA,JPM,6100
2023-12-22,DELTA,SHEL.L,11100
2023-12-22,DELTA,XOM,-7300
2023-12-22,MACRO,NVDA,8600
2023-12-22,MACRO,PG,2800
2023-12-22,MACRO,SAP.DE,15200
2023-12-22,MACRO,XOM,3200
2023-12-26,ALPHA,AAPL,-2800
2023-12-26,ALPHA,KO,-1900
2023-12-26,ALPHA,MSFT,-2900
2023-12-26,ALPHA,NVDA,1800
2023-12-26,ALPHA,SAP.DE,14800
2023-12-26,DELTA,AAPL,-15000
2023-12-26,DELTA,GS,1000
2023-12-26,DELTA,JPM,6100
2023-12-26,DELTA,SHEL.L,11100
2023-12-26,DELTA,XOM,-7300
2023-12-26,MACRO,NVDA,8600
2023-12-26,MACRO,PG,2800
2023-12-26,MACRO,SAP.DE,15200
2023-12-26,MACRO,XOM,3200
2023-12-27,ALPHA,AAPL,-2800
2023-12-27,ALPHA,KO,-1900
2023-12-27,ALPHA,MSFT,-2900
2023-12-27,ALPHA,NVDA,1800
2023-12-27,ALPHA,SAP.DE,14800
2023-12-27,DELTA,AAPL,-15000
2023-12-27,DELTA,GS,1000
2023-12-27,DELTA,JPM,6100
2023-12-27,DELTA,SHEL.L,11100
2023-12-27,DELTA,XOM,-7300
2023-12-27,MACRO,NVDA,8600
2023-12-27,MACRO,PG,2800
2023-12-27,MACRO,SAP.DE,15200
2023-12-27,MACRO,XOM,3200
2023-12-28,ALPHA,AAPL,-2800
2023-12-28,ALPHA,KO,-1900
2023-12-28,ALPHA,MSFT,-2900
2023-12-28,ALPHA,NVDA,1800
2023-12-28,ALPHA,SAP.DE,14800
2023-12-28,DELTA,AAPL,-15000
2023-12-28,DELTA,GS,1000
2023-12-28,DELTA,JPM,6100
2023-12-28,DELTA,SHEL.L,11100
2023-12-28,DELTA,XOM,-7300
2023-12-28,MACRO,NVDA,8600
2023-12-28,MACRO,PG,2800
2023-12-28,MACRO,SAP.DE,15200
2023-12-28,MACRO,XOM,3200
2023-12-29,ALPHA,AAPL,-2800
2023-12-29,ALPHA,KO,-1900
2023-12-29,ALPHA,MSFT,-2900
2023-12-29,ALPHA,NVDA,1800
2023-12-29,ALPHA,SAP.DE,14800
2023-12-29,DELTA,AAPL,-15000
2023-12-29,DELTA,GS,1000
2023-12-29,DELTA,JPM,6100
2023-12-29,DELTA,SHEL.L,11100
2023-12-29,DELTA,XOM,-7300
2023-12-29,MACRO,NVDA,8600
2023-12-29,MACRO,PG,2800
2023-12-29,MACRO,SAP.DE,15200
2023-12-29,MACRO,XOM,3200
2024-01-02,ALPHA,AAPL,-1700
2024-01-02,ALPHA,KO,-600
2024-01-02,ALPHA,MSFT,1000
2024-01-02,ALPHA,NVDA,600
2024-01-02,ALPHA,SAP.DE,14000
2024-01-02,DELTA,AAPL,-15600
2024-01-02,DELTA,GS,2700
2024-01-02,DELTA,JPM,5400
2024-01-02,DELTA,SHEL.L,14700
2024-01-02,DELTA,XOM,-5700
2024-01-02,MACRO,NVDA,11800
2024-01-02,MACRO,PG,0
2024-01-02,MACRO,SAP.DE,12900
2024-01-02,MACRO,XOM,0
2024-01-03,ALPHA,AAPL,-1700
2024-01-03,ALPHA,KO,-600
2024-01-03,ALPHA,MSFT,1000
2024-01-03,ALPHA,NVDA,600
2024-01-03,ALPHA,SAP.DE,14000
2024-01-03,DELTA,AAPL,-15600
2024-01-03,DELTA,GS,2700
2024-01-03,DELTA,JPM,5400
2024-01-03,DELTA,SHEL.L,14700
2024-01-03,DELTA,XOM,-5700
2024-01-03,MACRO,NVDA,11800
2024-01-03,MACRO,PG,0
2024-01-03,MACRO,SAP.DE,12900
2024-01-03,MACRO,XOM,0
2024-01-04,ALPHA,AAPL,-1700
2024-01-04,ALPHA,KO,-600
2024-01-04,ALPHA,MSFT,1000
2024-01-04,ALPHA,NVDA,600
2024-01-04,ALPHA,SAP.DE,14000
2024-01-04,DELTA,AAPL,-15600
2024-01-04,DELTA,GS,2700
2024-01-04,DELTA,JPM,5400
2024-01-04,DELTA,SHEL.L,14700
2024-01-04,DELTA,XOM,-5700
2024-01-04,MACRO,NVDA,11800
2024-01-04,MACRO,PG,0
2024-01-04,MACRO,SAP.DE,12900
2024-01-04,MACRO,XOM,0
2024-01-05,ALPHA,AAPL,-1700
2024-01-05,ALPHA,KO,-600
2024-01-05,ALPHA,MSFT,1000
2024-01-05,ALPHA,NVDA,600
2024-01-05,ALPHA,SAP.DE,14000
2024-01-05,DELTA,AAPL,-15600
2024-01-05,DELTA,GS,2700
2024-01-05,DELTA,JPM,5400
2024-01-05,DELTA,SHEL.L,14700
2024-01-05,DELTA,XOM,-5700
2024-01-05,MACRO,NVDA,11800
2024-01-05,MACRO,PG,0
2024-01-05,MACRO,SAP.DE,12900
2024-01-05,MACRO,XOM,0
2024-01-08,ALPHA,AAPL,-1700
2024-01-08,ALPHA,KO,-600
2024-01-08,ALPHA,MSFT,1000
2024-01-08,ALPHA,NVDA,600
2024-01-08,ALPHA,SAP.DE,14000
2024-01-08,DELTA,AAPL,-15600
2024-01-08,DELTA,GS,2700
2024-01-08,DELTA,JPM,5400
2024-01-08,DELTA,SHEL.L,14700
2024-01-08,DELTA,XOM,-5700
2024-01-08,MACRO,NVDA,11800
2024-01-08,MACRO,PG,0
2024-01-08,MACRO,SAP.DE,12900
2024-01-08,MACRO,XOM,0
2024-01-09,ALPHA,AAPL,-1700
2024-01-09,ALPHA,KO,-600
2024-01-09,ALPHA,MSFT,1000
2024-01-09,ALPHA,NVDA,600
2024-01-09,ALPHA,SAP.DE,14000
2024-01-09,DELTA,AAPL,-15600
2024-01-09,DELTA,GS,2700
2024-01-09,DELTA,JPM,5400
2024-01-09,DELTA,SHEL.L,14700
2024-01-09,DELTA,XOM,-5700
2024-01-09,MACRO,NVDA,11800
2024-01-09,MACRO,PG,0
2024-01-09,MACRO,SAP.DE,12900
2024-01-09,MACRO,XOM,0
2024-01-10,ALPHA,AAPL,-1700
2024-01-10,ALPHA,KO,-600
2024-01-10,ALPHA,MSFT,1000
2024-01-10,ALPHA,NVDA,600
2024-01-10,ALPHA,SAP.DE,14000
2024-01-10,DELTA,AAPL,-15600
2024-01-10,DELTA,GS,2700
2024-01-10,DELTA,JPM,5400
2024-01-10,DELTA,SHEL.L,14700
2024-01-10,DELTA,XOM,-5700
2024-01-10,MACRO,NVDA,11800
2024-01-10,MACRO,PG,0
2024-01-10,MACRO,SAP.DE,12900
2024-01-10,MACRO,XOM,0
2024-01-11,ALPHA,AAPL,-1700
2024-01-11,ALPHA,KO,-600
2024-01-11,ALPHA,MSFT,1000
2024-01-11,ALPHA,NVDA,600
2024-01-11,ALPHA,SAP.DE,14000
2024-01-11,DELTA,AAPL,-15600
2024-01-11,DELTA,GS,2700
2024-01-11,DELTA,JPM,5400
2024-01-11,DELTA,SHEL.L,14700
2024-01-11,DELTA,XOM,-5700
2024-01-11,MACRO,NVDA,11800
2024-01-11,MACRO,PG,0
2024-01-11,MACRO,SAP.DE,12900
2024-01-11,MACRO,XOM,0
2024-01-12,ALPHA,AAPL,-1700
2024-01-12,ALPHA,KO,-600
2024-01-12,ALPHA,MSFT,1000
2024-01-12,ALPHA,NVDA,600
2024-01-12,ALPHA,SAP.DE,14000
2024-01-12,DELTA,AAPL,-15600
2024-01-12,DELTA,GS,2700
2024-01-12,DELTA,JPM,5400
2024-01-12,DELTA,SHEL.L,14700
2024-01-12,DELTA,XOM,-5700
2024-01-12,MACRO,NVDA,11800
2024-01-12,MACRO,PG,0
2024-01-12,MACRO,SAP.DE,12900
2024-01-12,MACRO,XOM,0
2024-01-16,ALPHA,AAPL,-1700
2024-01-16,ALPHA,KO,-600
2024-01-16,ALPHA,MSFT,1000
2024-01-16,ALPHA,NVDA,600
2024-01-16,ALPHA,SAP.DE,14000
2024-01-16,DELTA,AAPL,-15600
2024-01-16,DELTA,GS,2700
2024-01-16,DELTA,JPM,5400
2024-01-16,DELTA,SHEL.L,14700
2024-01-16,DELTA,XOM,-5700
2024-01-16,MACRO,NVDA,11800
2024-01-16,MACRO,PG,0
2024-01-16,MACRO,SAP.DE,12900
2024-01-16,MACRO,XOM,0
2024-01-17,ALPHA,AAPL,-1700
2024-01-17,ALPHA,KO,-600
2024-01-17,ALPHA,MSFT,1000
2024-01-17,ALPHA,NVDA,600
2024-01-17,ALPHA,SAP.DE,14000
2024-01-17,DELTA,AAPL,-15600
2024-01-17,DELTA,GS,2700
2024-01-17,DELTA,JPM,5400
2024-01-17,DELTA,SHEL.L,14700
2024-01-17,DELTA,XOM,-5700
2024-01-17,MACRO,NVDA,11800
2024-01-17,MACRO,PG,0
2024-01-17,MACRO,SAP.DE,12900
2024-01-17,MACRO,XOM,0
2024-01-18,ALPHA,AAPL,-1700
2024-01-18,ALPHA,KO,-600
2024-01-18,ALPHA,MSFT,1000
2024-01-18,ALPHA,NVDA,600
2024-01-18,ALPHA,SAP.DE,14000
2024-01-18,DELTA,AAPL,-15600
2024-01-18,DELTA,GS,2700
2024-01-18,DELTA,JPM,5400
2024-01-18,DELTA,SHEL.L,14700
2024-01-18,DELTA,XOM,-5700
2024-01-18,MACRO,NVDA,11800
2024-01-18,MACRO,PG,0
2024-01-18,MACRO,SAP.DE,12900
2024-01-18,MACRO,XOM,0
2024-01-19,ALPHA,AAPL,-1700
2024-01-19,ALPHA,KO,-600
2024-01-19,ALPHA,MSFT,1000
2024-01-19,ALPHA,NVDA,600
2024-01-19,ALPHA,SAP.DE,14000
2024-01-19,DELTA,AAPL,-15600
2024-01-19,DELTA,GS,2700
2024-01-19,DELTA,JPM,5400
2024-01-19,DELTA,SHEL.L,14700
2024-01-19,DELTA,XOM,-5700
2024-01-19,MACRO,NVDA,11800
2024-01-19,MACRO,PG,0
2024-01-19,MACRO,SAP.DE,12900
2024-01-19,MACRO,XOM,0
2024-01-22,ALPHA,AAPL,-1700
2024-01-22,ALPHA,KO,-600
2024-01-22,ALPHA,MSFT,1000
2024-01-22,ALPHA,NVDA,600
2024-01-22,ALPHA,SAP.DE,14000
2024-01-22,DELTA,AAPL,-15600
2024-01-22,DELTA,GS,2700
2024-01-22,DELTA,JPM,5400
2024-01-22,DELTA,SHEL.L,14700
2024-01-22,DELTA,XOM,-5700
2024-01-22,MACRO,NVDA,11800
2024-01-22,MACRO,PG,0
2024-01-22,MACRO,SAP.DE,12900
2024-01-22,MACRO,XOM,0
2024-01-23,ALPHA,AAPL,-1700
2024-01-23,ALPHA,KO,-600
2024-01-23,ALPHA,MSFT,1000
2024-01-23,ALPHA,NVDA,600
2024-01-23,ALPHA,SAP.DE,14000
2024-01-23,DELTA,AAPL,-15600
2024-01-23,DELTA,GS,2700
2024-01-23,DELTA,JPM,5400
2024-01-23,DELTA,SHEL.L,14700
2024-01-23,DELTA,XOM,-5700
2024-01-23,MACRO,NVDA,11800
2024-01-23,MACRO,PG,0
2024-01-23,MACRO,SAP.DE,12900
2024-01-23,MACRO,XOM,0
2024-01-24,ALPHA,AAPL,-1700
2024-01-24,ALPHA,KO,-600
2024-01-24,ALPHA,MSFT,1000
2024-01-24,ALPHA,NVDA,600
2024-01-24,ALPHA,SAP.DE,14000
2024-01-24,DELTA,AAPL,-15600
2024-01-24,DELTA,GS,2700
2024-01-24,DELTA,JPM,5400
2024-01-24,DELTA,SHEL.L,14700
2024-01-24,DELTA,XOM,-5700
2024-01-24,MACRO,NVDA,11800
2024-01-24,MACRO,PG,0
2024-01-24,MACRO,SAP.DE,12900
2024-01-24,MACRO,XOM,0
2024-01-25,ALPHA,AAPL,-1700
2024-01-25,ALPHA,KO,-600
2024-01-25,ALPHA,MSFT,1000
2024-01-25,ALPHA,NVDA,600
2024-01-25,ALPHA,SAP.DE,14000
2024-01-25,DELTA,AAPL,-15600
2024-01-25,DELTA,GS,2700
2024-01-25,DELTA,JPM,5400
2024-01-25,DELTA,SHEL.L,14700
2024-01-25,DELTA,XOM,-5700
2024-01-25,MACRO,NVDA,11800
2024-01-25,MACRO,PG,0
2024-01-25,MACRO,SAP.DE,12900
2024-01-25,MACRO,XOM,0
2024-01-26,ALPHA,AAPL,-1700
2024-01-26,ALPHA,KO,-600
2024-01-26,ALPHA,MSFT,1000
2024-01-26,ALPHA,NVDA,600
2024-01-26,ALPHA,SAP.DE,14000
2024-01-26,DELTA,AAPL,-15600
2024-01-26,DELTA,GS,2700
2024-01-26,DELTA,JPM,5400
2024-01-26,DELTA,SHEL.L,14700
2024-01-26,DELTA,XOM,-5700
2024-01-26,MACRO,NVDA,11800
2024-01-26,MACRO,PG,0
2024-01-26,MACRO,SAP.DE,12900
2024-01-26,MACRO,XOM,0
2024-01-29,ALPHA,AAPL,-1700
2024-01-29,ALPHA,KO,-600
2024-01-29,ALPHA,MSFT,1000
2024-01-29,ALPHA,NVDA,600
2024-01-29,ALPHA,SAP.DE,14000
2024-01-29,DELTA,AAPL,-15600
2024-01-29,DELTA,GS,2700
2024-01-29,DELTA,JPM,5400
2024-01-29,DELTA,SHEL.L,14700
2024-01-29,DELTA,XOM,-5700
2024-01-29,MACRO,NVDA,11800
2024-01-29,MACRO,PG,0
2024-01-29,MACRO,SAP.DE,12900
2024-01-29,MACRO,XOM,0
2024-01-30,ALPHA,AAPL,-1700
2024-01-30,ALPHA,KO,-600
2024-01-30,ALPHA,MSFT,1000
2024-01-30,ALPHA,NVDA,600
2024-01-30,ALPHA,SAP.DE,14000
2024-01-30,DELTA,AAPL,-15600
2024-01-30,DELTA,GS,2700
2024-01-30,DELTA,JPM,5400
2024-01-30,DELTA,SHEL.L,14700
2024-01-30,DELTA,XOM,-5700
2024-01-30,MACRO,NVDA,11800
2024-01-30,MACRO,PG,0
2024-01-30,MACRO,SAP.DE,12900
2024-01-30,MACRO,XOM,0
2024-01-31,ALPHA,AAPL,-1700
2024-01-31,ALPHA,KO,-600
2024-01-31,ALPHA,MSFT,1000
2024-01-31,ALPHA,NVDA,600
2024-01-31,ALPHA,SAP.DE,14000
2024-01-31,DELTA,AAPL,-15600
2024-01-31,DELTA,GS,2700
2024-01-31,DELTA,JPM,5400
2024-01-31,DELTA,SHEL.L,14700
2024-01-31,DELTA,XOM,-5700
2024-01-31,MACRO,NVDA,11800
2024-01-31,MACRO,PG,0
2024-01-31,MACRO,SAP.DE,12900
2024-01-31,MACRO,XOM,0
2024-02-01,ALPHA,AAPL,-2900
2024-02-01,ALPHA,KO,4400
2024-02-01,ALPHA,MSFT,-100
2024-02-01,ALPHA,NVDA,4400
2024-02-01,ALPHA,SAP.DE,13000
2024-02-01,DELTA,AAPL,-14500
2024-02-01,DELTA,GS,-1900
2024-02-01,DELTA,JPM,8400
2024-02-01,DELTA,SHEL.L,12700
2024-02-01,DELTA,XOM,-5500
2024-02-01,MACRO,NVDA,11500
2024-02-01,MACRO,PG,1000
2024-02-01,MACRO,SAP.DE,14300
2024-02-01,MACRO,XOM,-1700
2024-02-02,ALPHA,AAPL,-2900
2024-02-02,ALPHA,KO,4400
2024-02-02,ALPHA,MSFT,-100
2024-02-02,ALPHA,NVDA,4400
2024-02-02,ALPHA,SAP.DE,13000
2024-02-02,DELTA,AAPL,-14500
2024-02-02,DELTA,GS,-1900
2024-02-02,DELTA,JPM,8400
2024-02-02,DELTA,SHEL.L,12700
2024-02-02,DELTA,XOM,-5500
2024-02-02,MACRO,NVDA,11500
2024-02-02,MACRO,PG,1000
2024-02-02,MACRO,SAP.DE,14300
2024-02-02,MACRO,XOM,-1700
2024-02-05,ALPHA,AAPL,-2900
2024-02-05,ALPHA,KO,4400
2024-02-05,ALPHA,MSFT,-100
2024-02-05,ALPHA,NVDA,4400
2024-02-05,ALPHA,SAP.DE,13000
2024-02-05,DELTA,AAPL,-14500
2024-02-05,DELTA,GS,-1900
2024-02-05,DELTA,JPM,8400
2024-02-05,DELTA,SHEL.L,12700
2024-02-05,DELTA,XOM,-5500
2024-02-05,MACRO,NVDA,11500
2024-02-05,MACRO,PG,1000
2024-02-05,MACRO,SAP.DE,14300
2024-02-05,MACRO,XOM,-1700
2024-02-06,ALPHA,AAPL,-2900
2024-02-06,ALPHA,KO,4400
2024-02-06,ALPHA,MSFT,-100
2024-02-06,ALPHA,NVDA,4400
2024-02-06,ALPHA,SAP.DE,13000
2024-02-06,DELTA,AAPL,-14500
2024-02-06,DELTA,GS,-1900
2024-02-06,DELTA,JPM,8400
2024-02-06,DELTA,SHEL.L,12700
2024-02-06,DELTA,XOM,-5500
2024-02-06,MACRO,NVDA,11500
2024-02-06,MACRO,PG,1000
2024-02-06,MACRO,SAP.DE,14300
2024-02-06,MACRO,XOM,-1700
2024-02-07,ALPHA,AAPL,-2900
2024-02-07,ALPHA,KO,4400
2024-02-07,ALPHA,MSFT,-100
2024-02-07,ALPHA,NVDA,4400
2024-02-07,ALPHA,SAP.DE,13000
2024-02-07,DELTA,AAPL,-14500
2024-02-07,DELTA,GS,-1900
2024-02-07,DELTA,JPM,8400
2024-02-07,DELTA,SHEL.L,12700
2024-02-07,DELTA,XOM,-5500
2024-02-07,MACRO,NVDA,11500
2024-02-07,MACRO,PG,1000
2024-02-07,MACRO,SAP.DE,14300
2024-02-07,MACRO,XOM,-1700
2024-02-08,ALPHA,AAPL,-2900
2024-02-08,ALPHA,KO,4400
2024-02-08,ALPHA,MSFT,-100
2024-02-08,ALPHA,NVDA,4400
2024-02-08,ALPHA,SAP.DE,13000
2024-02-08,DELTA,AAPL,-14500
2024-02-08,DELTA,GS,-1900
2024-02-08,DELTA,JPM,8400
2024-02-08,DELTA,SHEL.L,12700
2024-02-08,DELTA,XOM,-5500
2024-02-08,MACRO,NVDA,11500
2024-02-08,MACRO,PG,1000
2024-02-08,MACRO,SAP.DE,14300
2024-02-08,MACRO,XOM,-1700
2024-02-09,ALPHA,AAPL,-2900
2024-02-09,ALPHA,KO,4400
2024-02-09,ALPHA,MSFT,-100
2024-02-09,ALPHA,NVDA,4400
2024-02-09,ALPHA,SAP.DE,13000
2024-02-09,DELTA,AAPL,-14500
2024-02-09,DELTA,GS,-1900
2024-02-09,DELTA,JPM,8400
2024-02-09,DELTA,SHEL.L,12700
2024-02-09,DELTA,XOM,-5500
2024-02-09,MACRO,NVDA,11500
2024-02-09,MACRO,PG,1000
2024-02-09,MACRO,SAP.DE,14300
2024-02-09,MACRO,XOM,-1700
2024-02-12,ALPHA,AAPL,-2900
2024-02-12,ALPHA,KO,4400
2024-02-12,ALPHA,MSFT,-100
2024-02-12,ALPHA,NVDA,4400
2024-02-12,ALPHA,SAP.DE,13000
2024-02-12,DELTA,AAPL,-14500
2024-02-12,DELTA,GS,-1900
2024-02-12,DELTA,JPM,8400
2024-02-12,DELTA,SHEL.L,12700
2024-02-12,DELTA,XOM,-5500
2024-02-12,MACRO,NVDA,11500
2024-02-12,MACRO,PG,1000
2024-02-12,MACRO,SAP.DE,14300
2024-02-12,MACRO,XOM,-1700
2024-02-13,ALPHA,AAPL,-2900
2024-02-13,ALPHA,KO,4400
2024-02-13,ALPHA,MSFT,-100
2024-02-13,ALPHA,NVDA,4400
2024-02-13,ALPHA,SAP.DE,13000
2024-02-13,DELTA,AAPL,-14500
2024-02-13,DELTA,GS,-1900
2024-02-13,DELTA,JPM,8400
2024-02-13,DELTA,SHEL.L,12700
2024-02-13,DELTA,XOM,-5500
2024-02-13,MACRO,NVDA,11500
2024-02-13,MACRO,PG,1000
2024-02-13,MACRO,SAP.DE,14300
2024-02-13,MACRO,XOM,-1700
2024-02-14,ALPHA,AAPL,-2900
2024-02-14,ALPHA,KO,4400
2024-02-14,ALPHA,MSFT,-100
2024-02-14,ALPHA,NVDA,4400
2024-02-14,ALPHA,SAP.DE,13000
2024-02-14,DELTA,AAPL,-14500
2024-02-14,DELTA,GS,-1900
2024-02-14,DELTA,JPM,8400
2024-02-14,DELTA,SHEL.L,12700
2024-02-14,DELTA,XOM,-5500
2024-02-14,MACRO,NVDA,11500
2024-02-14,MACRO,PG,1000
2024-02-14,MACRO,SAP.DE,14300
2024-02-14,MACRO,XOM,-1700
2024-02-15,ALPHA,AAPL,-2900
2024-02-15,ALPHA,KO,4400
2024-02-15,ALPHA,MSFT,-100
2024-02-15,ALPHA,NVDA,4400
2024-02-15,ALPHA,SAP.DE,13000
2024-02-15,DELTA,AAPL,-14500
2024-02-15,DELTA,GS,-1900
2024-02-15,DELTA,JPM,8400
2024-02-15,DELTA,SHEL.L,12700
2024-02-15,DELTA,XOM,-5500
2024-02-15,MACRO,NVDA,11500
2024-02-15,MACRO,PG,1000
2024-02-15,MACRO,SAP.DE,14300
2024-02-15,MACRO,XOM,-1700
2024-02-16,ALPHA,AAPL,-2900
2024-02-16,ALPHA,KO,4400
2024-02-16,ALPHA,MSFT,-100
2024-02-16,ALPHA,NVDA,4400
2024-02-16,ALPHA,SAP.DE,13000
2024-02-16,DELTA,AAPL,-14500
2024-02-16,DELTA,GS,-1900
2024-02-16,DELTA,JPM,8400
2024-02-16,DELTA,SHEL.L,12700
2024-02-16,DELTA,XOM,-5500
2024-02-16,MACRO,NVDA,11500
2024-02-16,MACRO,PG,1000
2024-02-16,MACRO,SAP.DE,14300
2024-02-16,MACRO,XOM,-1700
2024-02-20,ALPHA,AAPL,-2900
2024-02-20,ALPHA,KO,4400
2024-02-20,ALPHA,MSFT,-100
2024-02-20,ALPHA,NVDA,4400
2024-02-20,ALPHA,SAP.DE,13000
2024-02-20,DELTA,AAPL,-14500
2024-02-20,DELTA,GS,-1900
2024-02-20,DELTA,JPM,8400
2024-02-20,DELTA,SHEL.L,12700
2024-02-20,DELTA,XOM,-5500
2024-02-20,MACRO,NVDA,11500
2024-02-20,MACRO,PG,1000
2024-02-20,MACRO,SAP.DE,14300
2024-02-20,MACRO,XOM,-1700
2024-02-21,ALPHA,AAPL,-2900
2024-02-21,ALPHA,KO,4400
2024-02-21,ALPHA,MSFT,-100
2024-02-21,ALPHA,NVDA,4400
2024-02-21,ALPHA,SAP.DE,13000
2024-02-21,DELTA,AAPL,-14500
2024-02-21,DELTA,GS,-1900
2024-02-21,DELTA,JPM,8400
2024-02-21,DELTA,SHEL.L,12700
2024-02-21,DELTA,XOM,-5500
2024-02-21,MACRO,NVDA,11500
2024-02-21,MACRO,PG,1000
2024-02-21,MACRO,SAP.DE,14300
2024-02-21,MACRO,XOM,-1700
2024-02-22,ALPHA,AAPL,-2900
2024-02-22,ALPHA,KO,4400
2024-02-22,ALPHA,MSFT,-100
2024-02-22,ALPHA,NVDA,4400
2024-02-22,ALPHA,SAP.DE,13000
2024-02-22,DELTA,AAPL,-14500
2024-02-22,DELTA,GS,-1900
2024-02-22,DELTA,JPM,8400
2024-02-22,DELTA,SHEL.L,12700
2024-02-22,DELTA,XOM,-5500
2024-02-22,MACRO,NVDA,11500
2024-02-22,MACRO,PG,1000
2024-02-22,MACRO,SAP.DE,14300
2024-02-22,MACRO,XOM,-1700
2024-02-23,ALPHA,AAPL,-2900
2024-02-23,ALPHA,KO,4400
2024-02-23,ALPHA,MSFT,-100
2024-02-23,ALPHA,NVDA,4400
2024-02-23,ALPHA,SAP.DE,13000
2024-02-23,DELTA,AAPL,-14500
2024-02-23,DELTA,GS,-1900
2024-02-23,DELTA,JPM,8400
2024-02-23,DELTA,SHEL.L,12700
2024-02-23,DELTA,XOM,-5500
2024-02-23,MACRO,NVDA,11500
2024-02-23,MACRO,PG,1000
2024-02-23,MACRO,SAP.DE,14300
2024-02-23,MACRO,XOM,-1700
2024-02-26,ALPHA,AAPL,-2900
2024-02-26,ALPHA,KO,4400
2024-02-26,ALPHA,MSFT,-100
2024-02-26,ALPHA,NVDA,4400
2024-02-26,ALPHA,SAP.DE,13000
2024-02-26,DELTA,AAPL,-14500
2024-02-26,DELTA,GS,-1900
2024-02-26,DELTA,JPM,8400
2024-02-26,DELTA,SHEL.L,12700
2024-02-26,DELTA,XOM,-5500
2024-02-26,MACRO,NVDA,11500
2024-02-26,MACRO,PG,1000
2024-02-26,MACRO,SAP.DE,14300
2024-02-26,MACRO,XOM,-1700
2024-02-27,ALPHA,AAPL,-2900
2024-02-27,ALPHA,KO,4400
2024-02-27,ALPHA,MSFT,-100
2024-02-27,ALPHA,NVDA,4400
2024-02-27,ALPHA,SAP.DE,13000
2024-02-27,DELTA,AAPL,-14500
2024-02-27,DELTA,GS,-1900
2024-02-27,DELTA,JPM,8400
2024-02-27,DELTA,SHEL.L,12700
2024-02-27,DELTA,XOM,-5500
2024-02-27,MACRO,NVDA,11500
2024-02-27,MACRO,PG,1000
2024-02-27,MACRO,SAP.DE,14300
2024-02-27,MACRO,XOM,-1700
2024-02-28,ALPHA,AAPL,-2900
2024-02-28,ALPHA,KO,4400
2024-02-28,ALPHA,MSFT,-100
2024-02-28,ALPHA,NVDA,4400
2024-02-28,ALPHA,SAP.DE,13000
2024-02-28,DELTA,AAPL,-14500
2024-02-28,DELTA,GS,-1900
2024-02-28,DELTA,JPM,8400
2024-02-28,DELTA,SHEL.L,12700
2024-02-28,DELTA,XOM,-5500
2024-02-28,MACRO,NVDA,11500
2024-02-28,MACRO,PG,1000
2024-02-28,MACRO,SAP.DE,14300
2024-02-28,MACRO,XOM,-1700
2024-02-29,ALPHA,AAPL,-2900
2024-02-29,ALPHA,KO,4400
2024-02-29,ALPHA,MSFT,-100
2024-02-29,ALPHA,NVDA,4400
2024-02-29,ALPHA,SAP.DE,13000
2024-02-29,DELTA,AAPL,-14500
2024-02-29,DELTA,GS,-1900
2024-02-29,DELTA,JPM,8400
2024-02-29,DELTA,SHEL.L,12700
2024-02-29,DELTA,XOM,-5500
2024-02-29,MACRO,NVDA,11500
2024-02-29,MACRO,PG,1000
2024-02-29,MACRO,SAP.DE,14300
2024-02-29,MACRO,XOM,-1700
2024-03-01,ALPHA,AAPL,-4100
2024-03-01,ALPHA,KO,0
2024-03-01,ALPHA,MSFT,2000
2024-03-01,ALPHA,NVDA,5900
2024-03-01,ALPHA,SAP.DE,13800
2024-03-01,DELTA,AAPL,-15600
2024-03-01,DELTA,GS,-3500
2024-03-01,DELTA,JPM,7900
2024-03-01,DELTA,SHEL.L,15200
2024-03-01,DELTA,XOM,-5700
2024-03-01,MACRO,NVDA,12400
2024-03-01,MACRO,PG,3400
2024-03-01,MACRO,SAP.DE,12400
2024-03-01,MACRO,XOM,-4100
2024-03-04,ALPHA,AAPL,-4100
2024-03-04,ALPHA,KO,0
2024-03-04,ALPHA,MSFT,2000
2024-03-04,ALPHA,NVDA,5900
2024-03-04,ALPHA,SAP.DE,13800
2024-03-04,DELTA,AAPL,-15600
2024-03-04,DELTA,GS,-3500
2024-03-04,DELTA,JPM,7900
2024-03-04,DELTA,SHEL.L,15200
2024-03-04,DELTA,XOM,-5700
2024-03-04,MACRO,NVDA,12400
2024-03-04,MACRO,PG,3400
2024-03-04,MACRO,SAP.DE,12400
2024-03-04,MACRO,XOM,-4100
2024-03-05,ALPHA,AAPL,-4100
2024-03-05,ALPHA,KO,0
2024-03-05,ALPHA,MSFT,2000
2024-03-05,ALPHA,NVDA,5900
2024-03-05,ALPHA,SAP.DE,13800
2024-03-05,DELTA,AAPL,-15600
2024-03-05,DELTA,GS,-3500
2024-03-05,DELTA,JPM,7900
2024-03-05,DELTA,SHEL.L,15200
2024-03-05,DELTA,XOM,-5700
2024-03-05,MACRO,NVDA,12400
2024-03-05,MACRO,PG,3400
2024-03-05,MACRO,SAP.DE,12400
2024-03-05,MACRO,XOM,-4100
2024-03-06,ALPHA,AAPL,-4100
2024-03-06,ALPHA,KO,0
2024-03-06,ALPHA,MSFT,2000
2024-03-06,ALPHA,NVDA,5900
2024-03-06,ALPHA,SAP.DE,13800
2024-03-06,DELTA,AAPL,-15600
2024-03-06,DELTA,GS,-3500
2024-03-06,DELTA,JPM,7900
2024-03-06,DELTA,SHEL.L,15200
2024-03-06,DELTA,XOM,-5700
2024-03-06,MACRO,NVDA,12400
2024-03-06,MACRO,PG,3400
2024-03-06,MACRO,SAP.DE,12400
2024-03-06,MACRO,XOM,-4100
2024-03-07,ALPHA,AAPL,-4100
2024-03-07,ALPHA,KO,0
2024-03-07,ALPHA,MSFT,2000
2024-03-07,ALPHA,NVDA,5900
2024-03-07,ALPHA,SAP.DE,13800
2024-03-07,DELTA,AAPL,-15600
2024-03-07,DELTA,GS,-3500
2024-03-07,DELTA,JPM,7900
2024-03-07,DELTA,SHEL.L,15200
2024-03-07,DELTA,XOM,-5700
2024-03-07,MACRO,NVDA,12400
2024-03-07,MACRO,PG,3400
2024-03-07,MACRO,SAP.DE,12400
2024-03-07,MACRO,XOM,-4100
2024-03-08,ALPHA,AAPL,-4100
2024-03-08,ALPHA,KO,0
2024-03-08,ALPHA,MSFT,2000
2024-03-08,ALPHA,NVDA,5900
2024-03-08,ALPHA,SAP.DE,13800
2024-03-08,DELTA,AAPL,-15600
2024-03-08,DELTA,GS,-3500
2024-03-08,DELTA,JPM,7900
2024-03-08,DELTA,SHEL.L,15200
2024-03-08,DELTA,XOM,-5700
2024-03-08,MACRO,NVDA,12400
2024-03-08,MACRO,PG,3400
2024-03-08,MACRO,SAP.DE,12400
2024-03-08,MACRO,XOM,-4100
2024-03-11,ALPHA,AAPL,-4100
2024-03-11,ALPHA,KO,0
2024-03-11,ALPHA,MSFT,2000
2024-03-11,ALPHA,NVDA,5900
2024-03-11,ALPHA,SAP.DE,13800
2024-03-11,DELTA,AAPL,-15600
2024-03-11,DELTA,GS,-3500
2024-03-11,DELTA,JPM,7900
2024-03-11,DELTA,SHEL.L,15200
2024-03-11,DELTA,XOM,-5700
2024-03-11,MACRO,NVDA,12400
2024-03-11,MACRO,PG,3400
2024-03-11,MACRO,SAP.DE,12400
2024-03-11,MACRO,XOM,-4100
2024-03-12,ALPHA,AAPL,-4100
2024-03-12,ALPHA,KO,0
2024-03-12,ALPHA,MSFT,2000
2024-03-12,ALPHA,NVDA,5900
2024-03-12,ALPHA,SAP.DE,13800
2024-03-12,DELTA,AAPL,-15600
2024-03-12,DELTA,GS,-3500
2024-03-12,DELTA,JPM,7900
2024-03-12,DELTA,SHEL.L,15200
2024-03-12,DELTA,XOM,-5700
2024-03-12,MACRO,NVDA,12400
2024-03-12,MACRO,PG,3400
2024-03-12,MACRO,SAP.DE,12400
2024-03-12,MACRO,XOM,-4100
2024-03-13,ALPHA,AAPL,-4100
2024-03-13,ALPHA,KO,0
2024-03-13,ALPHA,MSFT,2000
2024-03-13,ALPHA,NVDA,5900
2024-03-13,ALPHA,SAP.DE,13800
2024-03-13,DELTA,AAPL,-15600
2024-03-13,DELTA,GS,-3500
2024-03-13,DELTA,JPM,7900
2024-03-13,DELTA,SHEL.L,15200
2024-03-13,DELTA,XOM,-5700
2024-03-13,MACRO,NVDA,12400
2024-03-13,MACRO,PG,3400
2024-03-13,MACRO,SAP.DE,12400
2024-03-13,MACRO,XOM,-4100
2024-03-14,ALPHA,AAPL,-4100
2024-03-14,ALPHA,KO,0
2024-03-14,ALPHA,MSFT,2000
2024-03-14,ALPHA,NVDA,5900
2024-03-14,ALPHA,SAP.DE,13800
2024-03-14,DELTA,AAPL,-15600
2024-03-14,DELTA,GS,-3500
2024-03-14,DELTA,JPM,7900
2024-03-14,DELTA,SHEL.L,15200
2024-03-14,DELTA,XOM,-5700
2024-03-14,MACRO,NVDA,12400
2024-03-14,MACRO,PG,3400
2024-03-14,MACRO,SAP.DE,12400
2024-03-14,MACRO,XOM,-4100
2024-03-15,ALPHA,AAPL,-4100
2024-03-15,ALPHA,KO,0
2024-03-15,ALPHA,MSFT,2000
2024-03-15,ALPHA,NVDA,5900
2024-03-15,ALPHA,SAP.DE,13800
2024-03-15,DELTA,AAPL,-15600
2024-03-15,DELTA,GS,-3500
2024-03-15,DELTA,JPM,7900
2024-03-15,DELTA,SHEL.L,15200
2024-03-15,DELTA,XOM,-5700
2024-03-15,MACRO,NVDA,12400
2024-03-15,MACRO,PG,3400
2024-03-15,MACRO,SAP.DE,12400
2024-03-15,MACRO,XOM,-4100
2024-03-18,ALPHA,AAPL,-4100
2024-03-18,ALPHA,KO,0
2024-03-18,ALPHA,MSFT,2000
2024-03-18,ALPHA,NVDA,5900
2024-03-18,ALPHA,SAP.DE,13800
2024-03-18,DELTA,AAPL,-15600
2024-03-18,DELTA,GS,-3500
2024-03-18,DELTA,JPM,7900
2024-03-18,DELTA,SHEL.L,15200
2024-03-18,DELTA,XOM,-5700
2024-03-18,MACRO,NVDA,12400
2024-03-18,MACRO,PG,3400
2024-03-18,MACRO,SAP.DE,12400
2024-03-18,MACRO,XOM,-4100
2024-03-19,ALPHA,AAPL,-4100
2024-03-19,ALPHA,KO,0
2024-03-19,ALPHA,MSFT,2000
2024-03-19,ALPHA,NVDA,5900
2024-03-19,ALPHA,SAP.DE,13800
2024-03-19,DELTA,AAPL,-15600
2024-03-19,DELTA,GS,-3500
2024-03-19,DELTA,JPM,7900
2024-03-19,DELTA,SHEL.L,15200
2024-03-19,DELTA,XOM,-5700
2024-03-19,MACRO,NVDA,12400
2024-03-19,MACRO,PG,3400
2024-03-19,MACRO,SAP.DE,12400
2024-03-19,MACRO,XOM,-4100
2024-03-20,ALPHA,AAPL,-4100
2024-03-20,ALPHA,KO,0
2024-03-20,ALPHA,MSFT,2000
2024-03-20,ALPHA,NVDA,5900
2024-03-20,ALPHA,SAP.DE,13800
2024-03-20,DELTA,AAPL,-15600
2024-03-20,DELTA,GS,-3500
2024-03-20,DELTA,JPM,7900
2024-03-20,DELTA,SHEL.L,15200
2024-03-20,DELTA,XOM,-5700
2024-03-20,MACRO,NVDA,12400
2024-03-20,MACRO,PG,3400
2024-03-20,MACRO,SAP.DE,12400
2024-03-20,MACRO,XOM,-4100
2024-03-21,ALPHA,AAPL,-4100
2024-03-21,ALPHA,KO,0
2024-03-21,ALPHA,MSFT,2000
2024-03-21,ALPHA,NVDA,5900
2024-03-21,ALPHA,SAP.DE,13800
2024-03-21,DELTA,AAPL,-15600
2024-03-21,DELTA,GS,-3500
2024-03-21,DELTA,JPM,7900
2024-03-21,DELTA,SHEL.L,15200
2024-03-21,DELTA,XOM,-5700
2024-03-21,MACRO,NVDA,12400
2024-03-21,MACRO,PG,3400
2024-03-21,MACRO,SAP.DE,12400
2024-03-21,MACRO,XOM,-4100
2024-03-22,ALPHA,AAPL,-4100
2024-03-22,ALPHA,KO,0
2024-03-22,ALPHA,MSFT,2000
2024-03-22,ALPHA,NVDA,5900
2024-03-22,ALPHA,SAP.DE,13800
2024-03-22,DELTA,AAPL,-15600
2024-03-22,DELTA,GS,-3500
2024-03-22,DELTA,JPM,7900
2024-03-22,DELTA,SHEL.L,15200
2024-03-22,DELTA,XOM,-5700
2024-03-22,MACRO,NVDA,12400
2024-03-22,MACRO,PG,3400
2024-03-22,MACRO,SAP.DE,12400
2024-03-22,MACRO,XOM,-4100
2024-03-25,ALPHA,AAPL,-4100
2024-03-25,ALPHA,KO,0
2024-03-25,ALPHA,MSFT,2000
2024-03-25,ALPHA,NVDA,5900
2024-03-25,ALPHA,SAP.DE,13800
2024-03-25,DELTA,AAPL,-15600
2024-03-25,DELTA,GS,-3500
2024-03-25,DELTA,JPM,7900
2024-03-25,DELTA,SHEL.L,15200
2024-03-25,DELTA,XOM,-5700
2024-03-25,MACRO,NVDA,12400
2024-03-25,MACRO,PG,3400
2024-03-25,MACRO,SAP.DE,12400
2024-03-25,MACRO,XOM,-4100
2024-03-26,ALPHA,AAPL,-4100
2024-03-26,ALPHA,KO,0
2024-03-26,ALPHA,MSFT,2000
2024-03-26,ALPHA,NVDA,5900
2024-03-26,ALPHA,SAP.DE,13800
2024-03-26,DELTA,AAPL,-15600
2024-03-26,DELTA,GS,-3500
2024-03-26,DELTA,JPM,7900
2024-03-26,DELTA,SHEL.L,15200
2024-03-26,DELTA,XOM,-5700
2024-03-26,MACRO,NVDA,12400
2024-03-26,MACRO,PG,3400
2024-03-26,MACRO,SAP.DE,12400
2024-03-26,MACRO,XOM,-4100
2024-03-27,ALPHA,AAPL,-4100
2024-03-27,ALPHA,KO,0
2024-03-27,ALPHA,MSFT,2000
2024-03-27,ALPHA,NVDA,5900
2024-03-27,ALPHA,SAP.DE,13800
2024-03-27,DELTA,AAPL,-15600
2024-03-27,DELTA,GS,-3500
2024-03-27,DELTA,JPM,7900
2024-03-27,DELTA,SHEL.L,15200
2024-03-27,DELTA,XOM,-5700
2024-03-27,MACRO,NVDA,12400
2024-03-27,MACRO,PG,3400
2024-03-27,MACRO,SAP.DE,12400
2024-03-27,MACRO,XOM,-4100
2024-03-28,ALPHA,AAPL,-4100
2024-03-28,ALPHA,KO,0
2024-03-28,ALPHA,MSFT,2000
2024-03-28,ALPHA,NVDA,5900
2024-03-28,ALPHA,SAP.DE,13800
2024-03-28,DELTA,AAPL,-15600
2024-03-28,DELTA,GS,-3500
2024-03-28,DELTA,JPM,7900
2024-03-28,DELTA,SHEL.L,15200
2024-03-28,DELTA,XOM,-5700
2024-03-28,MACRO,NVDA,12400
2024-03-28,MACRO,PG,3400
2024-03-28,MACRO,SAP.DE,12400
2024-03-28,MACRO,XOM,-4100
2024-04-01,ALPHA,AAPL,-5400
2024-04-01,ALPHA,KO,-200
2024-04-01,ALPHA,MSFT,1600
2024-04-01,ALPHA,NVDA,8400
2024-04-01,ALPHA,SAP.DE,16500
2024-04-01,DELTA,AAPL,-16400
2024-04-01,DELTA,GS,600
2024-04-01,DELTA,JPM,5400
2024-04-01,DELTA,SHEL.L,12300
2024-04-01,DELTA,XOM,-5300
2024-04-01,MACRO,NVDA,13900
2024-04-01,MACRO,PG,1900
2024-04-01,MACRO,SAP.DE,15700
2024-04-01,MACRO,XOM,-2000
2024-04-02,ALPHA,AAPL,-5400
2024-04-02,ALPHA,KO,-200
2024-04-02,ALPHA,MSFT,1600
2024-04-02,ALPHA,NVDA,8400
2024-04-02,ALPHA,SAP.DE,16500
2024-04-02,DELTA,AAPL,-16400
2024-04-02,DELTA,GS,600
2024-04-02,DELTA,JPM,5400
2024-04-02,DELTA,SHEL.L,12300
2024-04-02,DELTA,XOM,-5300
2024-04-02,MACRO,NVDA,13900
2024-04-02,MACRO,PG,1900
2024-04-02,MACRO,SAP.DE,15700
2024-04-02,MACRO,XOM,-2000
2024-04-03,ALPHA,AAPL,-5400
2024-04-03,ALPHA,KO,-200
2024-04-03,ALPHA,MSFT,1600
2024-04-03,ALPHA,NVDA,8400
2024-04-03,ALPHA,SAP.DE,16500
2024-04-03,DELTA,AAPL,-16400
2024-04-03,DELTA,GS,600
2024-04-03,DELTA,JPM,5400
2024-04-03,DELTA,SHEL.L,12300
2024-04-03,DELTA,XOM,-5300
2024-04-03,MACRO,NVDA,13900
2024-04-03,MACRO,PG,1900
2024-04-03,MACRO,SAP.DE,15700
2024-04-03,MACRO,XOM,-2000
2024-04-04,ALPHA,AAPL,-5400
2024-04-04,ALPHA,KO,-200
2024-04-04,ALPHA,MSFT,1600
2024-04-04,ALPHA,NVDA,8400
2024-04-04,ALPHA,SAP.DE,16500
2024-04-04,DELTA,AAPL,-16400
2024-04-04,DELTA,GS,600
2024-04-04,DELTA,JPM,5400
2024-04-04,DELTA,SHEL.L,12300
2024-04-04,DELTA,XOM,-5300
2024-04-04,MACRO,NVDA,13900
2024-04-04,MACRO,PG,1900
2024-04-04,MACRO,SAP.DE,15700
2024-04-04,MACRO,XOM,-2000
2024-04-05,ALPHA,AAPL,-5400
2024-04-05,ALPHA,KO,-200
2024-04-05,ALPHA,MSFT,1600
2024-04-05,ALPHA,NVDA,8400
2024-04-05,ALPHA,SAP.DE,16500
2024-04-05,DELTA,AAPL,-16400
2024-04-05,DELTA,GS,600
2024-04-05,DELTA,JPM,5400
2024-04-05,DELTA,SHEL.L,12300
2024-04-05,DELTA,XOM,-5300
2024-04-05,MACRO,NVDA,13900
2024-04-05,MACRO,PG,1900
2024-04-05,MACRO,SAP.DE,15700
2024-04-05,MACRO,XOM,-2000
2024-04-08,ALPHA,AAPL,-5400
2024-04-08,ALPHA,KO,-200
2024-04-08,ALPHA,MSFT,1600
2024-04-08,ALPHA,NVDA,8400
2024-04-08,ALPHA,SAP.DE,16500
2024-04-08,DELTA,AAPL,-16400
2024-04-08,DELTA,GS,600
2024-04-08,DELTA,JPM,5400
2024-04-08,DELTA,SHEL.L,12300
2024-04-08,DELTA,XOM,-5300
2024-04-08,MACRO,NVDA,13900
2024-04-08,MACRO,PG,1900
2024-04-08,MACRO,SAP.DE,15700
2024-04-08,MACRO,XOM,-2000
2024-04-09,ALPHA,AAPL,-5400
2024-04-09,ALPHA,KO,-200
2024-04-09,ALPHA,MSFT,1600
2024-04-09,ALPHA,NVDA,8400
2024-04-09,ALPHA,SAP.DE,16500
2024-04-09,DELTA,AAPL,-16400
2024-04-09,DELTA,GS,600
2024-04-09,DELTA,JPM,5400
2024-04-09,DELTA,SHEL.L,12300
2024-04-09,DELTA,XOM,-5300
2024-04-09,MACRO,NVDA,13900
2024-04-09,MACRO,PG,1900
2024-04-09,MACRO,SAP.DE,15700
2024-04-09,MACRO,XOM,-2000
2024-04-10,ALPHA,AAPL,-5400
2024-04-10,ALPHA,KO,-200
2024-04-10,ALPHA,MSFT,1600
2024-04-10,ALPHA,NVDA,8400
2024-04-10,ALPHA,SAP.DE,16500
2024-04-10,DELTA,AAPL,-16400
2024-04-10,DELTA,GS,600
2024-04-10,DELTA,JPM,5400
2024-04-10,DELTA,SHEL.L,12300
2024-04-10,DELTA,XOM,-5300
2024-04-10,MACRO,NVDA,13900
2024-04-10,MACRO,PG,1900
2024-04-10,MACRO,SAP.DE,15700
2024-04-10,MACRO,XOM,-2000
2024-04-11,ALPHA,AAPL,-5400
2024-04-11,ALPHA,KO,-200
2024-04-11,ALPHA,MSFT,1600
2024-04-11,ALPHA,NVDA,8400
2024-04-11,ALPHA,SAP.DE,16500
2024-04-11,DELTA,AAPL,-16400
2024-04-11,DELTA,GS,600
2024-04-11,DELTA,JPM,5400
2024-04-11,DELTA,SHEL.L,12300
2024-04-11,DELTA,XOM,-5300
2024-04-11,MACRO,NVDA,13900
2024-04-11,MACRO,PG,1900
2024-04-11,MACRO,SAP.DE,15700
2024-04-11,MACRO,XOM,-2000
2024-04-12,ALPHA,AAPL,-5400
2024-04-12,ALPHA,KO,-200
2024-04-12,ALPHA,MSFT,1600
2024-04-12,ALPHA,NVDA,8400
2024-04-12,ALPHA,SAP.DE,16500
2024-04-12,DELTA,AAPL,-16400
2024-04-12,DELTA,GS,600
2024-04-12,DELTA,JPM,5400
2024-04-12,DELTA,SHEL.L,12300
2024-04-12,DELTA,XOM,-5300
2024-04-12,MACRO,NVDA,13900
2024-04-12,MACRO,PG,1900
2024-04-12,MACRO,SAP.DE,15700
2024-04-12,MACRO,XOM,-2000
2024-04-15,ALPHA,AAPL,-5400
2024-04-15,ALPHA,KO,-200
2024-04-15,ALPHA,MSFT,1600
2024-04-15,ALPHA,NVDA,8400
2024-04-15,ALPHA,SAP.DE,16500
2024-04-15,DELTA,AAPL,-16400
2024-04-15,DELTA,GS,600
2024-04-15,DELTA,JPM,5400
2024-04-15,DELTA,SHEL.L,12300
2024-04-15,DELTA,XOM,-5300
2024-04-15,MACRO,NVDA,13900
2024-04-15,MACRO,PG,1900
2024-04-15,MACRO,SAP.DE,15700
2024-04-15,MACRO,XOM,-2000
2024-04-16,ALPHA,AAPL,-5400
2024-04-16,ALPHA,KO,-200
2024-04-16,ALPHA,MSFT,1600
2024-04-16,ALPHA,NVDA,8400
2024-04-16,ALPHA,SAP.DE,16500
2024-04-16,DELTA,AAPL,-16400
2024-04-16,DELTA,GS,600
2024-04-16,DELTA,JPM,5400
2024-04-16,DELTA,SHEL.L,12300
2024-04-16,DELTA,XOM,-5300
2024-04-16,MACRO,NVDA,13900
2024-04-16,MACRO,PG,1900
2024-04-16,MACRO,SAP.DE,15700
2024-04-16,MACRO,XOM,-2000
2024-04-17,ALPHA,AAPL,-5400
2024-04-17,ALPHA,KO,-200
2024-04-17,ALPHA,MSFT,1600
2024-04-17,ALPHA,NVDA,8400
2024-04-17,ALPHA,SAP.DE,16500
2024-04-17,DELTA,AAPL,-16400
2024-04-17,DELTA,GS,600
2024-04-17,DELTA,JPM,5400
2024-04-17,DELTA,SHEL.L,12300
2024-04-17,DELTA,XOM,-5300
2024-04-17,MACRO,NVDA,13900
2024-04-17,MACRO,PG,1900
2024-04-17,MACRO,SAP.DE,15700
2024-04-17,MACRO,XOM,-2000
2024-04-18,ALPHA,AAPL,-5400
2024-04-18,ALPHA,KO,-200
2024-04-18,ALPHA,MSFT,1600
2024-04-18,ALPHA,NVDA,8400
2024-04-18,ALPHA,SAP.DE,16500
2024-04-18,DELTA,AAPL,-16400
2024-04-18,DELTA,GS,600
2024-04-18,DELTA,JPM,5400
2024-04-18,DELTA,SHEL.L,12300
2024-04-18,DELTA,XOM,-5300
2024-04-18,MACRO,NVDA,13900
2024-04-18,MACRO,PG,1900
2024-04-18,MACRO,SAP.DE,15700
2024-04-18,MACRO,XOM,-2000
2024-04-19,ALPHA,AAPL,-5400
2024-04-19,ALPHA,KO,-200
2024-04-19,ALPHA,MSFT,1600
2024-04-19,ALPHA,NVDA,8400
2024-04-19,ALPHA,SAP.DE,16500
2024-04-19,DELTA,AAPL,-16400
2024-04-19,DELTA,GS,600
2024-04-19,DELTA,JPM,5400
2024-04-19,DELTA,SHEL.L,12300
2024-04-19,DELTA,XOM,-5300
2024-04-19,MACRO,NVDA,13900
2024-04-19,MACRO,PG,1900
2024-04-19,MACRO,SAP.DE,15700
2024-04-19,MACRO,XOM,-2000
2024-04-22,ALPHA,AAPL,-5400
2024-04-22,ALPHA,KO,-200
2024-04-22,ALPHA,MSFT,1600
2024-04-22,ALPHA,NVDA,8400
2024-04-22,ALPHA,SAP.DE,16500
2024-04-22,DELTA,AAPL,-16400
2024-04-22,DELTA,GS,600
2024-04-22,DELTA,JPM,5400
2024-04-22,DELTA,SHEL.L,12300
2024-04-22,DELTA,XOM,-5300
2024-04-22,MACRO,NVDA,13900
2024-04-22,MACRO,PG,1900
2024-04-22,MACRO,SAP.DE,15700
2024-04-22,MACRO,XOM,-2000
2024-04-23,ALPHA,AAPL,-5400
2024-04-23,ALPHA,KO,-200
2024-04-23,ALPHA,MSFT,1600
2024-04-23,ALPHA,NVDA,8400
2024-04-23,ALPHA,SAP.DE,16500
2024-04-23,DELTA,AAPL,-16400
2024-04-23,DELTA,GS,600
2024-04-23,DELTA,JPM,5400
2024-04-23,DELTA,SHEL.L,12300
2024-04-23,DELTA,XOM,-5300
2024-04-23,MACRO,NVDA,13900
2024-04-23,MACRO,PG,1900
2024-04-23,MACRO,SAP.DE,15700
2024-04-23,MACRO,XOM,-2000
2024-04-24,ALPHA,AAPL,-5400
2024-04-24,ALPHA,KO,-200
2024-04-24,ALPHA,MSFT,1600
2024-04-24,ALPHA,NVDA,8400
2024-04-24,ALPHA,SAP.DE,16500
2024-04-24,DELTA,AAPL,-16400
2024-04-24,DELTA,GS,600
2024-04-24,DELTA,JPM,5400
2024-04-24,DELTA,SHEL.L,12300
2024-04-24,DELTA,XOM,-5300
2024-04-24,MACRO,NVDA,13900
2024-04-24,MACRO,PG,1900
2024-04-24,MACRO,SAP.DE,15700
2024-04-24,MACRO,XOM,-2000
2024-04-25,ALPHA,AAPL,-5400
2024-04-25,ALPHA,KO,-200
2024-04-25,ALPHA,MSFT,1600
2024-04-25,ALPHA,NVDA,8400
2024-04-25,ALPHA,SAP.DE,16500
2024-04-25,DELTA,AAPL,-16400
2024-04-25,DELTA,GS,600
2024-04-25,DELTA,JPM,5400
2024-04-25,DELTA,SHEL.L,12300
2024-04-25,DELTA,XOM,-5300
2024-04-25,MACRO,NVDA,13900
2024-04-25,MACRO,PG,1900
2024-04-25,MACRO,SAP.DE,15700
2024-04-25,MACRO,XOM,-2000
2024-04-26,ALPHA,AAPL,-5400
2024-04-26,ALPHA,KO,-200
2024-04-26,ALPHA,MSFT,1600
2024-04-26,ALPHA,NVDA,8400
2024-04-26,ALPHA,SAP.DE,16500
2024-04-26,DELTA,AAPL,-16400
2024-04-26,DELTA,GS,600
2024-04-26,DELTA,JPM,5400
2024-04-26,DELTA,SHEL.L,12300
2024-04-26,DELTA,XOM,-5300
2024-04-26,MACRO,NVDA,13900
2024-04-26,MACRO,PG,1900
2024-04-26,MACRO,SAP.DE,15700
2024-04-26,MACRO,XOM,-2000
2024-04-29,ALPHA,AAPL,-5400
2024-04-29,ALPHA,KO,-200
2024-04-29,ALPHA,MSFT,1600
2024-04-29,ALPHA,NVDA,8400
2024-04-29,ALPHA,SAP.DE,16500
2024-04-29,DELTA,AAPL,-16400
2024-04-29,DELTA,GS,600
2024-04-29,DELTA,JPM,5400
2024-04-29,DELTA,SHEL.L,12300
2024-04-29,DELTA,XOM,-5300
2024-04-29,MACRO,NVDA,13900
2024-04-29,MACRO,PG,1900
2024-04-29,MACRO,SAP.DE,15700
2024-04-29,MACRO,XOM,-2000
2024-04-30,ALPHA,AAPL,-5400
2024-04-30,ALPHA,KO,-200
2024-04-30,ALPHA,MSFT,1600
2024-04-30,ALPHA,NVDA,8400
2024-04-30,ALPHA,SAP.DE,16500
2024-04-30,DELTA,AAPL,-16400
2024-04-30,DELTA,GS,600
2024-04-30,DELTA,JPM,5400
2024-04-30,DELTA,SHEL.L,12300
2024-04-30,DELTA,XOM,-5300
2024-04-30,MACRO,NVDA,13900
2024-04-30,MACRO,PG,1900
2024-04-30,MACRO,SAP.DE,15700
2024-04-30,MACRO,XOM,-2000
2024-05-01,ALPHA,AAPL,-7400
2024-05-01,ALPHA,KO,600
2024-05-01,ALPHA,MSFT,100
2024-05-01,ALPHA,NVDA,13000
2024-05-01,ALPHA,SAP.DE,16800
2024-05-01,DELTA,AAPL,-15400
2024-05-01,DELTA,GS,2200
2024-05-01,DELTA,JPM,4200
2024-05-01,DELTA,SHEL.L,9600
2024-05-01,DELTA,XOM,-10500
2024-05-01,MACRO,NVDA,15900
2024-05-01,MACRO,PG,2300
2024-05-01,MACRO,SAP.DE,13900
2024-05-01,MACRO,XOM,-700
2024-05-02,ALPHA,AAPL,-7400
2024-05-02,ALPHA,KO,600
2024-05-02,ALPHA,MSFT,100
2024-05-02,ALPHA,NVDA,13000
2024-05-02,ALPHA,SAP.DE,16800
2024-05-02,DELTA,AAPL,-15400
2024-05-02,DELTA,GS,2200
2024-05-02,DELTA,JPM,4200
2024-05-02,DELTA,SHEL.L,9600
2024-05-02,DELTA,XOM,-10500
2024-05-02,MACRO,NVDA,15900
2024-05-02,MACRO,PG,2300
2024-05-02,MACRO,SAP.DE,13900
2024-05-02,MACRO,XOM,-700
2024-05-03,ALPHA,AAPL,-7400
2024-05-03,ALPHA,KO,600
2024-05-03,ALPHA,MSFT,100
2024-05-03,ALPHA,NVDA,13000
2024-05-03,ALPHA,SAP.DE,16800
2024-05-03,DELTA,AAPL,-15400
2024-05-03,DELTA,GS,2200
2024-05-03,DELTA,JPM,4200
2024-05-03,DELTA,SHEL.L,9600
2024-05-03,DELTA,XOM,-10500
2024-05-03,MACRO,NVDA,15900
2024-05-03,MACRO,PG,2300
2024-05-03,MACRO,SAP.DE,13900
2024-05-03,MACRO,XOM,-700
2024-05-06,ALPHA,AAPL,-7400
2024-05-06,ALPHA,KO,600
2024-05-06,ALPHA,MSFT,100
2024-05-06,ALPHA,NVDA,13000
2024-05-06,ALPHA,SAP.DE,16800
2024-05-06,DELTA,AAPL,-15400
2024-05-06,DELTA,GS,2200
2024-05-06,DELTA,JPM,4200
2024-05-06,DELTA,SHEL.L,9600
2024-05-06,DELTA,XOM,-10500
2024-05-06,MACRO,NVDA,15900
2024-05-06,MACRO,PG,2300
2024-05-06,MACRO,SAP.DE,13900
2024-05-06,MACRO,XOM,-700
2024-05-07,ALPHA,AAPL,-7400
2024-05-07,ALPHA,KO,600
2024-05-07,ALPHA,MSFT,100
2024-05-07,ALPHA,NVDA,13000
2024-05-07,ALPHA,SAP.DE,16800
2024-05-07,DELTA,AAPL,-15400
2024-05-07,DELTA,GS,2200
2024-05-07,DELTA,JPM,4200
2024-05-07,DELTA,SHEL.L,9600
2024-05-07,DELTA,XOM,-10500
2024-05-07,MACRO,NVDA,15900
2024-05-07,MACRO,PG,2300
2024-05-07,MACRO,SAP.DE,13900
2024-05-07,MACRO,XOM,-700
2024-05-08,ALPHA,AAPL,-7400
2024-05-08,ALPHA,KO,600
2024-05-08,ALPHA,MSFT,100
2024-05-08,ALPHA,NVDA,13000
2024-05-08,ALPHA,SAP.DE,16800
2024-05-08,DELTA,AAPL,-15400
2024-05-08,DELTA,GS,2200
2024-05-08,DELTA,JPM,4200
2024-05-08,DELTA,SHEL.L,9600
2024-05-08,DELTA,XOM,-10500
2024-05-08,MACRO,NVDA,15900
2024-05-08,MACRO,PG,2300
2024-05-08,MACRO,SAP.DE,13900
2024-05-08,MACRO,XOM,-700
2024-05-09,ALPHA,AAPL,-7400
2024-05-09,ALPHA,KO,600
2024-05-09,ALPHA,MSFT,100
2024-05-09,ALPHA,NVDA,13000
2024-05-09,ALPHA,SAP.DE,16800
2024-05-09,DELTA,AAPL,-15400
2024-05-09,DELTA,GS,2200
2024-05-09,DELTA,JPM,4200
2024-05-09,DELTA,SHEL.L,9600
2024-05-09,DELTA,XOM,-10500
2024-05-09,MACRO,NVDA,15900
2024-05-09,MACRO,PG,2300
2024-05-09,MACRO,SAP.DE,13900
2024-05-09,MACRO,XOM,-700
2024-05-10,ALPHA,AAPL,-7400
2024-05-10,ALPHA,KO,600
2024-05-10,ALPHA,MSFT,100
2024-05-10,ALPHA,NVDA,13000
2024-05-10,ALPHA,SAP.DE,16800
2024-05-10,DELTA,AAPL,-15400
2024-05-10,DELTA,GS,2200
2024-05-10,DELTA,JPM,4200
2024-05-10,DELTA,SHEL.L,9600
2024-05-10,DELTA,XOM,-10500
2024-05-10,MACRO,NVDA,15900
2024-05-10,MACRO,PG,2300
2024-05-10,MACRO,SAP.DE,13900
2024-05-10,MACRO,XOM,-700
2024-05-13,ALPHA,AAPL,-7400
2024-05-13,ALPHA,KO,600
2024-05-13,ALPHA,MSFT,100
2024-05-13,ALPHA,NVDA,13000
2024-05-13,ALPHA,SAP.DE,16800
2024-05-13,DELTA,AAPL,-15400
2024-05-13,DELTA,GS,2200
2024-05-13,DELTA,JPM,4200
2024-05-13,DELTA,SHEL.L,9600
2024-05-13,DELTA,XOM,-10500
2024-05-13,MACRO,NVDA,15900
2024-05-13,MACRO,PG,2300
2024-05-13,MACRO,SAP.DE,13900
2024-05-13,MACRO,XOM,-700
2024-05-14,ALPHA,AAPL,-7400
2024-05-14,ALPHA,KO,600
2024-05-14,ALPHA,MSFT,100
2024-05-14,ALPHA,NVDA,13000
2024-05-14,ALPHA,SAP.DE,16800
2024-05-14,DELTA,AAPL,-15400
2024-05-14,DELTA,GS,2200
2024-05-14,DELTA,JPM,4200
2024-05-14,DELTA,SHEL.L,9600
2024-05-14,DELTA,XOM,-10500
2024-05-14,MACRO,NVDA,15900
2024-05-14,MACRO,PG,2300
2024-05-14,MACRO,SAP.DE,13900
2024-05-14,MACRO,XOM,-700
2024-05-15,ALPHA,AAPL,-7400
2024-05-15,ALPHA,KO,600
2024-05-15,ALPHA,MSFT,100
2024-05-15,ALPHA,NVDA,13000
2024-05-15,ALPHA,SAP.DE,16800
2024-05-15,DELTA,AAPL,-15400
2024-05-15,DELTA,GS,2200
2024-05-15,DELTA,JPM,4200
2024-05-15,DELTA,SHEL.L,9600
2024-05-15,DELTA,XOM,-10500
2024-05-15,MACRO,NVDA,15900
2024-05-15,MACRO,PG,2300
2024-05-15,MACRO,SAP.DE,13900
2024-05-15,MACRO,XOM,-700
2024-05-16,ALPHA,AAPL,-7400
2024-05-16,ALPHA,KO,600
2024-05-16,ALPHA,MSFT,100
2024-05-16,ALPHA,NVDA,13000
2024-05-16,ALPHA,SAP.DE,16800
2024-05-16,DELTA,AAPL,-15400
2024-05-16,DELTA,GS,2200
2024-05-16,DELTA,JPM,4200
2024-05-16,DELTA,SHEL.L,9600
2024-05-16,DELTA,XOM,-10500
2024-05-16,MACRO,NVDA,15900
2024-05-16,MACRO,PG,2300
2024-05-16,MACRO,SAP.DE,13900
2024-05-16,MACRO,XOM,-700
2024-05-17,ALPHA,AAPL,-7400
2024-05-17,ALPHA,KO,600
2024-05-17,ALPHA,MSFT,100
2024-05-17,ALPHA,NVDA,13000
2024-05-17,ALPHA,SAP.DE,16800
2024-05-17,DELTA,AAPL,-15400
2024-05-17,DELTA,GS,2200
2024-05-17,DELTA,JPM,4200
2024-05-17,DELTA,SHEL.L,9600
2024-05-17,DELTA,XOM,-10500
2024-05-17,MACRO,NVDA,15900
2024-05-17,MACRO,PG,2300
2024-05-17,MACRO,SAP.DE,13900
2024-05-17,MACRO,XOM,-700
2024-05-20,ALPHA,AAPL,-7400
2024-05-20,ALPHA,KO,600
2024-05-20,ALPHA,MSFT,100
2024-05-20,ALPHA,NVDA,13000
2024-05-20,ALPHA,SAP.DE,16800
2024-05-20,DELTA,AAPL,-15400
2024-05-20,DELTA,GS,2200
2024-05-20,DELTA,JPM,4200
2024-05-20,DELTA,SHEL.L,9600
2024-05-20,DELTA,XOM,-10500
2024-05-20,MACRO,NVDA,15900
2024-05-20,MACRO,PG,2300
2024-05-20,MACRO,SAP.DE,13900
2024-05-20,MACRO,XOM,-700
2024-05-21,ALPHA,AAPL,-7400
2024-05-21,ALPHA,KO,600
2024-05-21,ALPHA,MSFT,100
2024-05-21,ALPHA,NVDA,13000
2024-05-21,ALPHA,SAP.DE,16800
2024-05-21,DELTA,AAPL,-15400
2024-05-21,DELTA,GS,2200
2024-05-21,DELTA,JPM,4200
2024-05-21,DELTA,SHEL.L,9600
2024-05-21,DELTA,XOM,-10500
2024-05-21,MACRO,NVDA,15900
2024-05-21,MACRO,PG,2300
2024-05-21,MACRO,SAP.DE,13900
2024-05-21,MACRO,XOM,-700
2024-05-22,ALPHA,AAPL,-7400
2024-05-22,ALPHA,KO,600
2024-05-22,ALPHA,MSFT,100
2024-05-22,ALPHA,NVDA,13000
2024-05-22,ALPHA,SAP.DE,16800
2024-05-22,DELTA,AAPL,-15400
2024-05-22,DELTA,GS,2200
2024-05-22,DELTA,JPM,4200
2024-05-22,DELTA,SHEL.L,9600
2024-05-22,DELTA,XOM,-10500
2024-05-22,MACRO,NVDA,15900
2024-05-22,MACRO,PG,2300
2024-05-22,MACRO,SAP.DE,13900
2024-05-22,MACRO,XOM,-700
2024-05-23,ALPHA,AAPL,-7400
2024-05-23,ALPHA,KO,600
2024-05-23,ALPHA,MSFT,100
2024-05-23,ALPHA,NVDA,13000
2024-05-23,ALPHA,SAP.DE,16800
2024-05-23,DELTA,AAPL,-15400
2024-05-23,DELTA,GS,2200
2024-05-23,DELTA,JPM,4200
2024-05-23,DELTA,SHEL.L,9600
2024-05-23,DELTA,XOM,-10500
2024-05-23,MACRO,NVDA,15900
2024-05-23,MACRO,PG,2300
2024-05-23,MACRO,SAP.DE,13900
2024-05-23,MACRO,XOM,-700
2024-05-24,ALPHA,AAPL,-7400
2024-05-24,ALPHA,KO,600
2024-05-24,ALPHA,MSFT,100
2024-05-24,ALPHA,NVDA,13000
2024-05-24,ALPHA,SAP.DE,16800
2024-05-24,DELTA,AAPL,-15400
2024-05-24,DELTA,GS,2200
2024-05-24,DELTA,JPM,4200
2024-05-24,DELTA,SHEL.L,9600
2024-05-24,DELTA,XOM,-10500
2024-05-24,MACRO,NVDA,15900
2024-05-24,MACRO,PG,2300
2024-05-24,MACRO,SAP.DE,13900
2024-05-24,MACRO,XOM,-700
2024-05-28,ALPHA,AAPL,-7400
2024-05-28,ALPHA,KO,600
2024-05-28,ALPHA,MSFT,100
2024-05-28,ALPHA,NVDA,13000
2024-05-28,ALPHA,SAP.DE,16800
2024-05-28,DELTA,AAPL,-15400
2024-05-28,DELTA,GS,2200
2024-05-28,DELTA,JPM,4200
2024-05-28,DELTA,SHEL.L,9600
2024-05-28,DELTA,XOM,-10500
2024-05-28,MACRO,NVDA,15900
2024-05-28,MACRO,PG,2300
2024-05-28,MACRO,SAP.DE,13900
2024-05-28,MACRO,XOM,-700
2024-05-29,ALPHA,AAPL,-7400
2024-05-29,ALPHA,KO,600
2024-05-29,ALPHA,MSFT,100
2024-05-29,ALPHA,NVDA,13000
2024-05-29,ALPHA,SAP.DE,16800
2024-05-29,DELTA,AAPL,-15400
2024-05-29,DELTA,GS,2200
2024-05-29,DELTA,JPM,4200
2024-05-29,DELTA,SHEL.L,9600
2024-05-29,DELTA,XOM,-10500
2024-05-29,MACRO,NVDA,15900
2024-05-29,MACRO,PG,2300
2024-05-29,MACRO,SAP.DE,13900
2024-05-29,MACRO,XOM,-700
2024-05-30,ALPHA,AAPL,-7400
2024-05-30,ALPHA,KO,600
2024-05-30,ALPHA,MSFT,100
2024-05-30,ALPHA,NVDA,13000
2024-05-30,ALPHA,SAP.DE,16800
2024-05-30,DELTA,AAPL,-15400
2024-05-30,DELTA,GS,2200
2024-05-30,DELTA,JPM,4200
2024-05-30,DELTA,SHEL.L,9600
2024-05-30,DELTA,XOM,-10500
2024-05-30,MACRO,NVDA,15900
2024-05-30,MACRO,PG,2300
2024-05-30,MACRO,SAP.DE,13900
2024-05-30,MACRO,XOM,-700
2024-05-31,ALPHA,AAPL,-7400
2024-05-31,ALPHA,KO,600
2024-05-31,ALPHA,MSFT,100
2024-05-31,ALPHA,NVDA,13000
2024-05-31,ALPHA,SAP.DE,16800
2024-05-31,DELTA,AAPL,-15400
2024-05-31,DELTA,GS,2200
2024-05-31,DELTA,JPM,4200
2024-05-31,DELTA,SHEL.L,9600
2024-05-31,DELTA,XOM,-10500
2024-05-31,MACRO,NVDA,15900
2024-05-31,MACRO,PG,2300
2024-05-31,MACRO,SAP.DE,13900
2024-05-31,MACRO,XOM,-700
2024-06-03,ALPHA,AAPL,-7000
2024-06-03,ALPHA,KO,700
2024-06-03,ALPHA,MSFT,0
2024-06-03,ALPHA,NVDA,15200
2024-06-03,ALPHA,SAP.DE,16800
2024-06-03,DELTA,AAPL,-17300
2024-06-03,DELTA,GS,2500
2024-06-03,DELTA,JPM,5700
2024-06-03,DELTA,SHEL.L,15000
2024-06-03,DELTA,XOM,-8300
2024-06-03,MACRO,NVDA,17100
2024-06-03,MACRO,PG,2100
2024-06-03,MACRO,SAP.DE,14600
2024-06-03,MACRO,XOM,100
2024-06-04,ALPHA,AAPL,-7000
2024-06-04,ALPHA,KO,700
2024-06-04,ALPHA,MSFT,0
2024-06-04,ALPHA,NVDA,15200
2024-06-04,ALPHA,SAP.DE,16800
2024-06-04,DELTA,AAPL,-17300
2024-06-04,DELTA,GS,2500
2024-06-04,DELTA,JPM,5700
2024-06-04,DELTA,SHEL.L,15000
2024-06-04,DELTA,XOM,-8300
2024-06-04,MACRO,NVDA,17100
2024-06-04,MACRO,PG,2100
2024-06-04,MACRO,SAP.DE,14600
2024-06-04,MACRO,XOM,100
2024-06-05,ALPHA,AAPL,-7000
2024-06-05,ALPHA,KO,700
2024-06-05,ALPHA,MSFT,0
2024-06-05,ALPHA,NVDA,15200
2024-06-05,ALPHA,SAP.DE,16800
2024-06-05,DELTA,AAPL,-17300
2024-06-05,DELTA,GS,2500
2024-06-05,DELTA,JPM,5700
2024-06-05,DELTA,SHEL.L,15000
2024-06-05,DELTA,XOM,-8300
2024-06-05,MACRO,NVDA,17100
2024-06-05,MACRO,PG,2100
2024-06-05,MACRO,SAP.DE,14600
2024-06-05,MACRO,XOM,100
2024-06-06,ALPHA,AAPL,-7000
2024-06-06,ALPHA,KO,700
2024-06-06,ALPHA,MSFT,0
2024-06-06,ALPHA,NVDA,15200
2024-06-06,ALPHA,SAP.DE,16800
2024-06-06,DELTA,AAPL,-17300
2024-06-06,DELTA,GS,2500
2024-06-06,DELTA,JPM,5700
2024-06-06,DELTA,SHEL.L,15000
2024-06-06,DELTA,XOM,-8300
2024-06-06,MACRO,NVDA,17100
2024-06-06,MACRO,PG,2100
2024-06-06,MACRO,SAP.DE,14600
2024-06-06,MACRO,XOM,100
2024-06-07,ALPHA,AAPL,-7000
2024-06-07,ALPHA,KO,700
2024-06-07,ALPHA,MSFT,0
2024-06-07,ALPHA,NVDA,15200
2024-06-07,ALPHA,SAP.DE,16800
2024-06-07,DELTA,AAPL,-17300
2024-06-07,DELTA,GS,2500
2024-06-07,DELTA,JPM,5700
2024-06-07,DELTA,SHEL.L,15000
2024-06-07,DELTA,XOM,-8300
2024-06-07,MACRO,NVDA,17100
2024-06-07,MACRO,PG,2100
2024-06-07,MACRO,SAP.DE,14600
2024-06-07,MACRO,XOM,100
2024-06-10,ALPHA,AAPL,-7000
2024-06-10,ALPHA,KO,700
2024-06-10,ALPHA,MSFT,0
2024-06-10,ALPHA,NVDA,15200
2024-06-10,ALPHA,SAP.DE,16800
2024-06-10,DELTA,AAPL,-17300
2024-06-10,DELTA,GS,2500
2024-06-10,DELTA,JPM,5700
2024-06-10,DELTA,SHEL.L,15000
2024-06-10,DELTA,XOM,-8300
2024-06-10,MACRO,NVDA,17100
2024-06-10,MACRO,PG,2100
2024-06-10,MACRO,SAP.DE,14600
2024-06-10,MACRO,XOM,100
2024-06-11,ALPHA,AAPL,-7000
2024-06-11,ALPHA,KO,700
2024-06-11,ALPHA,MSFT,0
2024-06-11,ALPHA,NVDA,15200
2024-06-11,ALPHA,SAP.DE,16800
2024-06-11,DELTA,AAPL,-17300
2024-06-11,DELTA,GS,2500
2024-06-11,DELTA,JPM,5700
2024-06-11,DELTA,SHEL.L,15000
2024-06-11,DELTA,XOM,-8300
2024-06-11,MACRO,NVDA,17100
2024-06-11,MACRO,PG,2100
2024-06-11,MACRO,SAP.DE,14600
2024-06-11,MACRO,XOM,100
2024-06-12,ALPHA,AAPL,-7000
2024-06-12,ALPHA,KO,700
2024-06-12,ALPHA,MSFT,0
2024-06-12,ALPHA,NVDA,15200
2024-06-12,ALPHA,SAP.DE,16800
2024-06-12,DELTA,AAPL,-17300
2024-06-12,DELTA,GS,2500
2024-06-12,DELTA,JPM,5700
2024-06-12,DELTA,SHEL.L,15000
2024-06-12,DELTA,XOM,-8300
2024-06-12,MACRO,NVDA,17100
2024-06-12,MACRO,PG,2100
2024-06-12,MACRO,SAP.DE,14600
2024-06-12,MACRO,XOM,100
2024-06-13,ALPHA,AAPL,-7000
2024-06-13,ALPHA,KO,700
2024-06-13,ALPHA,MSFT,0
2024-06-13,ALPHA,NVDA,15200
2024-06-13,ALPHA,SAP.DE,16800
2024-06-13,DELTA,AAPL,-17300
2024-06-13,DELTA,GS,2500
2024-06-13,DELTA,JPM,5700
2024-06-13,DELTA,SHEL.L,15000
2024-06-13,DELTA,XOM,-8300
2024-06-13,MACRO,NVDA,17100
2024-06-13,MACRO,PG,2100
2024-06-13,MACRO,SAP.DE,14600
2024-06-13,MACRO,XOM,100
2024-06-14,ALPHA,AAPL,-7000
2024-06-14,ALPHA,KO,700
2024-06-14,ALPHA,MSFT,0
2024-06-14,ALPHA,NVDA,15200
2024-06-14,ALPHA,SAP.DE,16800
2024-06-14,DELTA,AAPL,-17300
2024-06-14,DELTA,GS,2500
2024-06-14,DELTA,JPM,5700
2024-06-14,DELTA,SHEL.L,15000
2024-06-14,DELTA,XOM,-8300
2024-06-14,MACRO,NVDA,17100
2024-06-14,MACRO,PG,2100
2024-06-14,MACRO,SAP.DE,14600
2024-06-14,MACRO,XOM,100
2024-06-17,ALPHA,AAPL,-7000
2024-06-17,ALPHA,KO,700
2024-06-17,ALPHA,MSFT,0
2024-06-17,ALPHA,NVDA,15200
2024-06-17,ALPHA,SAP.DE,16800
2024-06-17,DELTA,AAPL,-17300
2024-06-17,DELTA,GS,2500
2024-06-17,DELTA,JPM,5700
2024-06-17,DELTA,SHEL.L,15000
2024-06-17,DELTA,XOM,-8300
2024-06-17,MACRO,NVDA,17100
2024-06-17,MACRO,PG,2100
2024-06-17,MACRO,SAP.DE,14600
2024-06-17,MACRO,XOM,100
2024-06-18,ALPHA,AAPL,-7000
2024-06-18,ALPHA,KO,700
2024-06-18,ALPHA,MSFT,0
2024-06-18,ALPHA,NVDA,15200
2024-06-18,ALPHA,SAP.DE,16800
2024-06-18,DELTA,AAPL,-17300
2024-06-18,DELTA,GS,2500
2024-06-18,DELTA,JPM,5700
2024-06-18,DELTA,SHEL.L,15000
2024-06-18,DELTA,XOM,-8300
2024-06-18,MACRO,NVDA,17100
2024-06-18,MACRO,PG,2100
2024-06-18,MACRO,SAP.DE,14600
2024-06-18,MACRO,XOM,100
2024-06-20,ALPHA,AAPL,-7000
2024-06-20,ALPHA,KO,700
2024-06-20,ALPHA,MSFT,0
2024-06-20,ALPHA,NVDA,15200
2024-06-20,ALPHA,SAP.DE,16800
2024-06-20,DELTA,AAPL,-17300
2024-06-20,DELTA,GS,2500
2024-06-20,DELTA,JPM,5700
2024-06-20,DELTA,SHEL.L,15000
2024-06-20,DELTA,XOM,-8300
2024-06-20,MACRO,NVDA,17100
2024-06-20,MACRO,PG,2100
2024-06-20,MACRO,SAP.DE,14600
2024-06-20,MACRO,XOM,100
2024-06-21,ALPHA,AAPL,-7000
2024-06-21,ALPHA,KO,700
2024-06-21,ALPHA,MSFT,0
2024-06-21,ALPHA,NVDA,15200
2024-06-21,ALPHA,SAP.DE,16800
2024-06-21,DELTA,AAPL,-17300
2024-06-21,DELTA,GS,2500
2024-06-21,DELTA,JPM,5700
2024-06-21,DELTA,SHEL.L,15000
2024-06-21,DELTA,XOM,-8300
2024-06-21,MACRO,NVDA,17100
2024-06-21,MACRO,PG,2100
2024-06-21,MACRO,SAP.DE,14600
2024-06-21,MACRO,XOM,100
2024-06-24,ALPHA,AAPL,-7000
2024-06-24,ALPHA,KO,700
2024-06-24,ALPHA,MSFT,0
2024-06-24,ALPHA,NVDA,15200
2024-06-24,ALPHA,SAP.DE,16800
2024-06-24,DELTA,AAPL,-17300
2024-06-24,DELTA,GS,2500
2024-06-24,DELTA,JPM,5700
2024-06-24,DELTA,SHEL.L,15000
2024-06-24,DELTA,XOM,-8300
2024-06-24,MACRO,NVDA,17100
2024-06-24,MACRO,PG,2100
2024-06-24,MACRO,SAP.DE,14600
2024-06-24,MACRO,XOM,100
2024-06-25,ALPHA,AAPL,-7000
2024-06-25,ALPHA,KO,700
2024-06-25,ALPHA,MSFT,0
2024-06-25,ALPHA,NVDA,15200
2024-06-25,ALPHA,SAP.DE,16800
2024-06-25,DELTA,AAPL,-17300
2024-06-25,DELTA,GS,2500
2024-06-25,DELTA,JPM,5700
2024-06-25,DELTA,SHEL.L,15000
2024-06-25,DELTA,XOM,-8300
2024-06-25,MACRO,NVDA,17100
2024-06-25,MACRO,PG,2100
2024-06-25,MACRO,SAP.DE,14600
2024-06-25,MACRO,XOM,100
2024-06-26,ALPHA,AAPL,-7000
2024-06-26,ALPHA,KO,700
2024-06-26,ALPHA,MSFT,0
2024-06-26,ALPHA,NVDA,15200
2024-06-26,ALPHA,SAP.DE,16800
2024-06-26,DELTA,AAPL,-17300
2024-06-26,DELTA,GS,2500
2024-06-26,DELTA,JPM,5700
2024-06-26,DELTA,SHEL.L,15000
2024-06-26,DELTA,XOM,-8300
2024-06-26,MACRO,NVDA,17100
2024-06-26,MACRO,PG,2100
2024-06-26,MACRO,SAP.DE,14600
2024-06-26,MACRO,XOM,100
2024-06-27,ALPHA,AAPL,-7000
2024-06-27,ALPHA,KO,700
2024-06-27,ALPHA,MSFT,0
2024-06-27,ALPHA,NVDA,15200
2024-06-27,ALPHA,SAP.DE,16800
2024-06-27,DELTA,AAPL,-17300
2024-06-27,DELTA,GS,2500
2024-06-27,DELTA,JPM,5700
2024-06-27,DELTA,SHEL.L,15000
2024-06-27,DELTA,XOM,-8300
2024-06-27,MACRO,NVDA,17100
2024-06-27,MACRO,PG,2100
2024-06-27,MACRO,SAP.DE,14600
2024-06-27,MACRO,XOM,100
2024-06-28,ALPHA,AAPL,-7000
2024-06-28,ALPHA,KO,700
2024-06-28,ALPHA,MSFT,0
2024-06-28,ALPHA,NVDA,15200
2024-06-28,ALPHA,SAP.DE,16800
2024-06-28,DELTA,AAPL,-17300
2024-06-28,DELTA,GS,2500
2024-06-28,DELTA,JPM,5700
2024-06-28,DELTA,SHEL.L,15000
2024-06-28,DELTA,XOM,-8300
2024-06-28,MACRO,NVDA,17100
2024-06-28,MACRO,PG,2100
2024-06-28,MACRO,SAP.DE,14600
2024-06-28,MACRO,XOM,100
2024-07-01,ALPHA,AAPL,-3200
2024-07-01,ALPHA,KO,2500
2024-07-01,ALPHA,MSFT,-4100
2024-07-01,ALPHA,NVDA,14400
2024-07-01,ALPHA,SAP.DE,15800
2024-07-01,DELTA,AAPL,-16400
2024-07-01,DELTA,GS,1900
2024-07-01,DELTA,JPM,4100
2024-07-01,DELTA,SHEL.L,16700
2024-07-01,DELTA,XOM,-10100
2024-07-01,MACRO,NVDA,18400
2024-07-01,MACRO,PG,4400
2024-07-01,MACRO,SAP.DE,14900
2024-07-01,MACRO,XOM,900
2024-07-02,ALPHA,AAPL,-3200
2024-07-02,ALPHA,KO,2500
2024-07-02,ALPHA,MSFT,-4100
2024-07-02,ALPHA,NVDA,14400
2024-07-02,ALPHA,SAP.DE,15800
2024-07-02,DELTA,AAPL,-16400
2024-07-02,DELTA,GS,1900
2024-07-02,DELTA,JPM,4100
2024-07-02,DELTA,SHEL.L,16700
2024-07-02,DELTA,XOM,-10100
2024-07-02,MACRO,NVDA,18400
2024-07-02,MACRO,PG,4400
2024-07-02,MACRO,SAP.DE,14900
2024-07-02,MACRO,XOM,900
2024-07-03,ALPHA,AAPL,-3200
2024-07-03,ALPHA,KO,2500
2024-07-03,ALPHA,MSFT,-4100
2024-07-03,ALPHA,NVDA,14400
2024-07-03,ALPHA,SAP.DE,15800
2024-07-03,DELTA,AAPL,-16400
2024-07-03,DELTA,GS,1900
2024-07-03,DELTA,JPM,4100
2024-07-03,DELTA,SHEL.L,16700
2024-07-03,DELTA,XOM,-10100
2024-07-03,MACRO,NVDA,18400
2024-07-03,MACRO,PG,4400
2024-07-03,MACRO,SAP.DE,14900
2024-07-03,MACRO,XOM,900
2024-07-05,ALPHA,AAPL,-3200
2024-07-05,ALPHA,KO,2500
2024-07-05,ALPHA,MSFT,-4100
2024-07-05,ALPHA,NVDA,14400
2024-07-05,ALPHA,SAP.DE,15800
2024-07-05,DELTA,AAPL,-16400
2024-07-05,DELTA,GS,1900
2024-07-05,DELTA,JPM,4100
2024-07-05,DELTA,SHEL.L,16700
2024-07-05,DELTA,XOM,-10100
2024-07-05,MACRO,NVDA,18400
2024-07-05,MACRO,PG,4400
2024-07-05,MACRO,SAP.DE,14900
2024-07-05,MACRO,XOM,900
2024-07-08,ALPHA,AAPL,-3200
2024-07-08,ALPHA,KO,2500
2024-07-08,ALPHA,MSFT,-4100
2024-07-08,ALPHA,NVDA,14400
2024-07-08,ALPHA,SAP.DE,15800
2024-07-08,DELTA,AAPL,-16400
2024-07-08,DELTA,GS,1900
2024-07-08,DELTA,JPM,4100
2024-07-08,DELTA,SHEL.L,16700
2024-07-08,DELTA,XOM,-10100
2024-07-08,MACRO,NVDA,18400
2024-07-08,MACRO,PG,4400
2024-07-08,MACRO,SAP.DE,14900
2024-07-08,MACRO,XOM,900
2024-07-09,ALPHA,AAPL,-3200
2024-07-09,ALPHA,KO,2500
2024-07-09,ALPHA,MSFT,-4100
2024-07-09,ALPHA,NVDA,14400
2024-07-09,ALPHA,SAP.DE,15800
2024-07-09,DELTA,AAPL,-16400
2024-07-09,DELTA,GS,1900
2024-07-09,DELTA,JPM,4100
2024-07-09,DELTA,SHEL.L,16700
2024-07-09,DELTA,XOM,-10100
2024-07-09,MACRO,NVDA,18400
2024-07-09,MACRO,PG,4400
2024-07-09,MACRO,SAP.DE,14900
2024-07-09,MACRO,XOM,900
2024-07-10,ALPHA,AAPL,-3200
2024-07-10,ALPHA,KO,2500
2024-07-10,ALPHA,MSFT,-4100
2024-07-10,ALPHA,NVDA,14400
2024-07-10,ALPHA,SAP.DE,15800
2024-07-10,DELTA,AAPL,-16400
2024-07-10,DELTA,GS,1900
2024-07-10,DELTA,JPM,4100
2024-07-10,DELTA,SHEL.L,16700
2024-07-10,DELTA,XOM,-10100
2024-07-10,MACRO,NVDA,18400
2024-07-10,MACRO,PG,4400
2024-07-10,MACRO,SAP.DE,14900
2024-07-10,MACRO,XOM,900
2024-07-11,ALPHA,AAPL,-3200
2024-07-11,ALPHA,KO,2500
2024-07-11,ALPHA,MSFT,-4100
2024-07-11,ALPHA,NVDA,14400
2024-07-11,ALPHA,SAP.DE,15800
2024-07-11,DELTA,AAPL,-16400
2024-07-11,DELTA,GS,1900
2024-07-11,DELTA,JPM,4100
2024-07-11,DELTA,SHEL.L,16700
2024-07-11,DELTA,XOM,-10100
2024-07-11,MACRO,NVDA,18400
2024-07-11,MACRO,PG,4400
2024-07-11,MACRO,SAP.DE,14900
2024-07-11,MACRO,XOM,900
2024-07-12,ALPHA,AAPL,-3200
2024-07-12,ALPHA,KO,2500
2024-07-12,ALPHA,MSFT,-4100
2024-07-12,ALPHA,NVDA,14400
2024-07-12,ALPHA,SAP.DE,15800
2024-07-12,DELTA,AAPL,-16400
2024-07-12,DELTA,GS,1900
2024-07-12,DELTA,JPM,4100
2024-07-12,DELTA,SHEL.L,16700
2024-07-12,DELTA,XOM,-10100
2024-07-12,MACRO,NVDA,18400
2024-07-12,MACRO,PG,4400
2024-07-12,MACRO,SAP.DE,14900
2024-07-12,MACRO,XOM,900
2024-07-15,ALPHA,AAPL,-3200
2024-07-15,ALPHA,KO,2500
2024-07-15,ALPHA,MSFT,-4100
2024-07-15,ALPHA,NVDA,14400
2024-07-15,ALPHA,SAP.DE,15800
2024-07-15,DELTA,AAPL,-16400
2024-07-15,DELTA,GS,1900
2024-07-15,DELTA,JPM,4100
2024-07-15,DELTA,SHEL.L,16700
2024-07-15,DELTA,XOM,-10100
2024-07-15,MACRO,NVDA,18400
2024-07-15,MACRO,PG,4400
2024-07-15,MACRO,SAP.DE,14900
2024-07-15,MACRO,XOM,900
2024-07-16,ALPHA,AAPL,-3200
2024-07-16,ALPHA,KO,2500
2024-07-16,ALPHA,MSFT,-4100
2024-07-16,ALPHA,NVDA,14400
2024-07-16,ALPHA,SAP.DE,15800
2024-07-16,DELTA,AAPL,-16400
2024-07-16,DELTA,GS,1900
2024-07-16,DELTA,JPM,4100
2024-07-16,DELTA,SHEL.L,16700
2024-07-16,DELTA,XOM,-10100
2024-07-16,MACRO,NVDA,18400
2024-07-16,MACRO,PG,4400
2024-07-16,MACRO,SAP.DE,14900
2024-07-16,MACRO,XOM,900
2024-07-17,ALPHA,AAPL,-3200
2024-07-17,ALPHA,KO,2500
2024-07-17,ALPHA,MSFT,-4100
2024-07-17,ALPHA,NVDA,14400
2024-07-17,ALPHA,SAP.DE,15800
2024-07-17,DELTA,AAPL,-16400
2024-07-17,DELTA,GS,1900
2024-07-17,DELTA,JPM,4100
2024-07-17,DELTA,SHEL.L,16700
2024-07-17,DELTA,XOM,-10100
2024-07-17,MACRO,NVDA,18400
2024-07-17,MACRO,PG,4400
2024-07-17,MACRO,SAP.DE,14900
2024-07-17,MACRO,XOM,900
2024-07-18,ALPHA,AAPL,-3200
2024-07-18,ALPHA,KO,2500
2024-07-18,ALPHA,MSFT,-4100
2024-07-18,ALPHA,NVDA,14400
2024-07-18,ALPHA,SAP.DE,15800
2024-07-18,DELTA,AAPL,-16400
2024-07-18,DELTA,GS,1900
2024-07-18,DELTA,JPM,4100
2024-07-18,DELTA,SHEL.L,16700
2024-07-18,DELTA,XOM,-10100
2024-07-18,MACRO,NVDA,18400
2024-07-18,MACRO,PG,4400
2024-07-18,MACRO,SAP.DE,14900
2024-07-18,MACRO,XOM,900
2024-07-19,ALPHA,AAPL,-3200
2024-07-19,ALPHA,KO,2500
2024-07-19,ALPHA,MSFT,-4100
2024-07-19,ALPHA,NVDA,14400
2024-07-19,ALPHA,SAP.DE,15800
2024-07-19,DELTA,AAPL,-16400
2024-07-19,DELTA,GS,1900
2024-07-19,DELTA,JPM,4100
2024-07-19,DELTA,SHEL.L,16700
2024-07-19,DELTA,XOM,-10100
2024-07-19,MACRO,NVDA,18400
2024-07-19,MACRO,PG,4400
2024-07-19,MACRO,SAP.DE,14900
2024-07-19,MACRO,XOM,900
2024-07-22,ALPHA,AAPL,-3200
2024-07-22,ALPHA,KO,2500
2024-07-22,ALPHA,MSFT,-4100
2024-07-22,ALPHA,NVDA,14400
2024-07-22,ALPHA,SAP.DE,15800
2024-07-22,DELTA,AAPL,-16400
2024-07-22,DELTA,GS,1900
2024-07-22,DELTA,JPM,4100
2024-07-22,DELTA,SHEL.L,16700
2024-07-22,DELTA,XOM,-10100
2024-07-22,MACRO,NVDA,18400
2024-07-22,MACRO,PG,4400
2024-07-22,MACRO,SAP.DE,14900
2024-07-22,MACRO,XOM,900
2024-07-23,ALPHA,AAPL,-3200
2024-07-23,ALPHA,KO,2500
2024-07-23,ALPHA,MSFT,-4100
2024-07-23,ALPHA,NVDA,14400
2024-07-23,ALPHA,SAP.DE,15800
2024-07-23,DELTA,AAPL,-16400
2024-07-23,DELTA,GS,1900
2024-07-23,DELTA,JPM,4100
2024-07-23,DELTA,SHEL.L,16700
2024-07-23,DELTA,XOM,-10100
2024-07-23,MACRO,NVDA,18400
2024-07-23,MACRO,PG,4400
2024-07-23,MACRO,SAP.DE,14900
2024-07-23,MACRO,XOM,900
2024-07-24,ALPHA,AAPL,-3200
2024-07-24,ALPHA,KO,2500
2024-07-24,ALPHA,MSFT,-4100
2024-07-24,ALPHA,NVDA,14400
2024-07-24,ALPHA,SAP.DE,15800
2024-07-24,DELTA,AAPL,-16400
2024-07-24,DELTA,GS,1900
2024-07-24,DELTA,JPM,4100
2024-07-24,DELTA,SHEL.L,16700
2024-07-24,DELTA,XOM,-10100
2024-07-24,MACRO,NVDA,18400
2024-07-24,MACRO,PG,4400
2024-07-24,MACRO,SAP.DE,14900
2024-07-24,MACRO,XOM,900
2024-07-25,ALPHA,AAPL,-3200
2024-07-25,ALPHA,KO,2500
2024-07-25,ALPHA,MSFT,-4100
2024-07-25,ALPHA,NVDA,14400
2024-07-25,ALPHA,SAP.DE,15800
2024-07-25,DELTA,AAPL,-16400
2024-07-25,DELTA,GS,1900
2024-07-25,DELTA,JPM,4100
2024-07-25,DELTA,SHEL.L,16700
2024-07-25,DELTA,XOM,-10100
2024-07-25,MACRO,NVDA,18400
2024-07-25,MACRO,PG,4400
2024-07-25,MACRO,SAP.DE,14900
2024-07-25,MACRO,XOM,900
2024-07-26,ALPHA,AAPL,-3200
2024-07-26,ALPHA,KO,2500
2024-07-26,ALPHA,MSFT,-4100
2024-07-26,ALPHA,NVDA,14400
2024-07-26,ALPHA,SAP.DE,15800
2024-07-26,DELTA,AAPL,-16400
2024-07-26,DELTA,GS,1900
2024-07-26,DELTA,JPM,4100
2024-07-26,DELTA,SHEL.L,16700
2024-07-26,DELTA,XOM,-10100
2024-07-26,MACRO,NVDA,18400
2024-07-26,MACRO,PG,4400
2024-07-26,MACRO,SAP.DE,14900
2024-07-26,MACRO,XOM,900
2024-07-29,ALPHA,AAPL,-3200
2024-07-29,ALPHA,KO,2500
2024-07-29,ALPHA,MSFT,-4100
2024-07-29,ALPHA,NVDA,14400
2024-07-29,ALPHA,SAP.DE,15800
2024-07-29,DELTA,AAPL,-16400
2024-07-29,DELTA,GS,1900
2024-07-29,DELTA,JPM,4100
2024-07-29,DELTA,SHEL.L,16700
2024-07-29,DELTA,XOM,-10100
2024-07-29,MACRO,NVDA,18400
2024-07-29,MACRO,PG,4400
2024-07-29,MACRO,SAP.DE,14900
2024-07-29,MACRO,XOM,900
2024-07-30,ALPHA,AAPL,-3200
2024-07-30,ALPHA,KO,2500
2024-07-30,ALPHA,MSFT,-4100
2024-07-30,ALPHA,NVDA,14400
2024-07-30,ALPHA,SAP.DE,15800
2024-07-30,DELTA,AAPL,-16400
2024-07-30,DELTA,GS,1900
2024-07-30,DELTA,JPM,4100
2024-07-30,DELTA,SHEL.L,16700
2024-07-30,DELTA,XOM,-10100
2024-07-30,MACRO,NVDA,18400
2024-07-30,MACRO,PG,4400
2024-07-30,MACRO,SAP.DE,14900
2024-07-30,MACRO,XOM,900
2024-07-31,ALPHA,AAPL,-3200
2024-07-31,ALPHA,KO,2500
2024-07-31,ALPHA,MSFT,-4100
2024-07-31,ALPHA,NVDA,14400
2024-07-31,ALPHA,SAP.DE,15800
2024-07-31,DELTA,AAPL,-16400
2024-07-31,DELTA,GS,1900
2024-07-31,DELTA,JPM,4100
2024-07-31,DELTA,SHEL.L,16700
2024-07-31,DELTA,XOM,-10100
2024-07-31,MACRO,NVDA,18400
2024-07-31,MACRO,PG,4400
2024-07-31,MACRO,SAP.DE,14900
2024-07-31,MACRO,XOM,900
2024-08-01,ALPHA,AAPL,-100
2024-08-01,ALPHA,KO,1900
2024-08-01,ALPHA,MSFT,-4900
2024-08-01,ALPHA,NVDA,13800
2024-08-01,ALPHA,SAP.DE,15000
2024-08-01,DELTA,AAPL,-15900
2024-08-01,DELTA,GS,-2000
2024-08-01,DELTA,JPM,1500
2024-08-01,DELTA,SHEL.L,15300
2024-08-01,DELTA,XOM,-10200
2024-08-01,MACRO,NVDA,19800
2024-08-01,MACRO,PG,3500
2024-08-01,MACRO,SAP.DE,13300
2024-08-01,MACRO,XOM,700
2024-08-02,ALPHA,AAPL,-100
2024-08-02,ALPHA,KO,1900
2024-08-02,ALPHA,MSFT,-4900
2024-08-02,ALPHA,NVDA,13800
2024-08-02,ALPHA,SAP.DE,15000
2024-08-02,DELTA,AAPL,-15900
2024-08-02,DELTA,GS,-2000
2024-08-02,DELTA,JPM,1500
2024-08-02,DELTA,SHEL.L,15300
2024-08-02,DELTA,XOM,-10200
2024-08-02,MACRO,NVDA,19800
2024-08-02,MACRO,PG,3500
2024-08-02,MACRO,SAP.DE,13300
2024-08-02,MACRO,XOM,700
2024-08-05,ALPHA,AAPL,-100
2024-08-05,ALPHA,KO,1900
2024-08-05,ALPHA,MSFT,-4900
2024-08-05,ALPHA,NVDA,13800
2024-08-05,ALPHA,SAP.DE,15000
2024-08-05,DELTA,AAPL,-15900
2024-08-05,DELTA,GS,-2000
2024-08-05,DELTA,JPM,1500
2024-08-05,DELTA,SHEL.L,15300
2024-08-05,DELTA,XOM,-10200
2024-08-05,MACRO,NVDA,19800
2024-08-05,MACRO,PG,3500
2024-08-05,MACRO,SAP.DE,13300
2024-08-05,MACRO,XOM,700
2024-08-06,ALPHA,AAPL,-100
2024-08-06,ALPHA,KO,1900
2024-08-06,ALPHA,MSFT,-4900
2024-08-06,ALPHA,NVDA,13800
2024-08-06,ALPHA,SAP.DE,15000
2024-08-06,DELTA,AAPL,-15900
2024-08-06,DELTA,GS,-2000
2024-08-06,DELTA,JPM,1500
2024-08-06,DELTA,SHEL.L,15300
2024-08-06,DELTA,XOM,-10200
2024-08-06,MACRO,NVDA,19800
2024-08-06,MACRO,PG,3500
2024-08-06,MACRO,SAP.DE,13300
2024-08-06,MACRO,XOM,700
2024-08-07,ALPHA,AAPL,-100
2024-08-07,ALPHA,KO,1900
2024-08-07,ALPHA,MSFT,-4900
2024-08-07,ALPHA,NVDA,13800
2024-08-07,ALPHA,SAP.DE,15000
2024-08-07,DELTA,AAPL,-15900
2024-08-07,DELTA,GS,-2000
2024-08-07,DELTA,JPM,1500
2024-08-07,DELTA,SHEL.L,15300
2024-08-07,DELTA,XOM,-10200
2024-08-07,MACRO,NVDA,19800
2024-08-07,MACRO,PG,3500
2024-08-07,MACRO,SAP.DE,13300
2024-08-07,MACRO,XOM,700
2024-08-08,ALPHA,AAPL,-100
2024-08-08,ALPHA,KO,1900
2024-08-08,ALPHA,MSFT,-4900
2024-08-08,ALPHA,NVDA,13800
2024-08-08,ALPHA,SAP.DE,15000
2024-08-08,DELTA,AAPL,-15900
2024-08-08,DELTA,GS,-2000
2024-08-08,DELTA,JPM,1500
2024-08-08,DELTA,SHEL.L,15300
2024-08-08,DELTA,XOM,-10200
2024-08-08,MACRO,NVDA,19800
2024-08-08,MACRO,PG,3500
2024-08-08,MACRO,SAP.DE,13300
2024-08-08,MACRO,XOM,700
2024-08-09,ALPHA,AAPL,-100
2024-08-09,ALPHA,KO,1900
2024-08-09,ALPHA,MSFT,-4900
2024-08-09,ALPHA,NVDA,13800
2024-08-09,ALPHA,SAP.DE,15000
2024-08-09,DELTA,AAPL,-15900
2024-08-09,DELTA,GS,-2000
2024-08-09,DELTA,JPM,1500
2024-08-09,DELTA,SHEL.L,15300
2024-08-09,DELTA,XOM,-10200
2024-08-09,MACRO,NVDA,19800
2024-08-09,MACRO,PG,3500
2024-08-09,MACRO,SAP.DE,13300
2024-08-09,MACRO,XOM,700
2024-08-12,ALPHA,AAPL,-100
2024-08-12,ALPHA,KO,1900
2024-08-12,ALPHA,MSFT,-4900
2024-08-12,ALPHA,NVDA,13800
2024-08-12,ALPHA,SAP.DE,15000
2024-08-12,DELTA,AAPL,-15900
2024-08-12,DELTA,GS,-2000
2024-08-12,DELTA,JPM,1500
2024-08-12,DELTA,SHEL.L,15300
2024-08-12,DELTA,XOM,-10200
2024-08-12,MACRO,NVDA,19800
2024-08-12,MACRO,PG,3500
2024-08-12,MACRO,SAP.DE,13300
2024-08-12,MACRO,XOM,700
2024-08-13,ALPHA,AAPL,-100
2024-08-13,ALPHA,KO,1900
2024-08-13,ALPHA,MSFT,-4900
2024-08-13,ALPHA,NVDA,13800
2024-08-13,ALPHA,SAP.DE,15000
2024-08-13,DELTA,AAPL,-15900
2024-08-13,DELTA,GS,-2000
2024-08-13,DELTA,JPM,1500
2024-08-13,DELTA,SHEL.L,15300
2024-08-13,DELTA,XOM,-10200
2024-08-13,MACRO,NVDA,19800
2024-08-13,MACRO,PG,3500
2024-08-13,MACRO,SAP.DE,13300
2024-08-13,MACRO,XOM,700
2024-08-14,ALPHA,AAPL,-100
2024-08-14,ALPHA,KO,1900
2024-08-14,ALPHA,MSFT,-4900
2024-08-14,ALPHA,NVDA,13800
2024-08-14,ALPHA,SAP.DE,15000
2024-08-14,DELTA,AAPL,-15900
2024-08-14,DELTA,GS,-2000
2024-08-14,DELTA,JPM,1500
2024-08-14,DELTA,SHEL.L,15300
2024-08-14,DELTA,XOM,-10200
2024-08-14,MACRO,NVDA,19800
2024-08-14,MACRO,PG,3500
2024-08-14,MACRO,SAP.DE,13300
2024-08-14,MACRO,XOM,700
2024-08-15,ALPHA,AAPL,-100
2024-08-15,ALPHA,KO,1900
2024-08-15,ALPHA,MSFT,-4900
2024-08-15,ALPHA,NVDA,13800
2024-08-15,ALPHA,SAP.DE,15000
2024-08-15,DELTA,AAPL,-15900
2024-08-15,DELTA,GS,-2000
2024-08-15,DELTA,JPM,1500
2024-08-15,DELTA,SHEL.L,15300
2024-08-15,DELTA,XOM,-10200
2024-08-15,MACRO,NVDA,19800
2024-08-15,MACRO,PG,3500
2024-08-15,MACRO,SAP.DE,13300
2024-08-15,MACRO,XOM,700
2024-08-16,ALPHA,AAPL,-100
2024-08-16,ALPHA,KO,1900
2024-08-16,ALPHA,MSFT,-4900
2024-08-16,ALPHA,NVDA,13800
2024-08-16,ALPHA,SAP.DE,15000
2024-08-16,DELTA,AAPL,-15900
2024-08-16,DELTA,GS,-2000
2024-08-16,DELTA,JPM,1500
2024-08-16,DELTA,SHEL.L,15300
2024-08-16,DELTA,XOM,-10200
2024-08-16,MACRO,NVDA,19800
2024-08-16,MACRO,PG,3500
2024-08-16,MACRO,SAP.DE,13300
2024-08-16,MACRO,XOM,700
2024-08-19,ALPHA,AAPL,-100
2024-08-19,ALPHA,KO,1900
2024-08-19,ALPHA,MSFT,-4900
2024-08-19,ALPHA,NVDA,13800
2024-08-19,ALPHA,SAP.DE,15000
2024-08-19,DELTA,AAPL,-15900
2024-08-19,DELTA,GS,-2000
2024-08-19,DELTA,JPM,1500
2024-08-19,DELTA,SHEL.L,15300
2024-08-19,DELTA,XOM,-10200
2024-08-19,MACRO,NVDA,19800
2024-08-19,MACRO,PG,3500
2024-08-19,MACRO,SAP.DE,13300
2024-08-19,MACRO,XOM,700
2024-08-20,ALPHA,AAPL,-100
2024-08-20,ALPHA,KO,1900
2024-08-20,ALPHA,MSFT,-4900
2024-08-20,ALPHA,NVDA,13800
2024-08-20,ALPHA,SAP.DE,15000
2024-08-20,DELTA,AAPL,-15900
2024-08-20,DELTA,GS,-2000
2024-08-20,DELTA,JPM,1500
2024-08-20,DELTA,SHEL.L,15300
2024-08-20,DELTA,XOM,-10200
2024-08-20,MACRO,NVDA,19800
2024-08-20,MACRO,PG,3500
2024-08-20,MACRO,SAP.DE,13300
2024-08-20,MACRO,XOM,700
2024-08-21,ALPHA,AAPL,-100
2024-08-21,ALPHA,KO,1900
2024-08-21,ALPHA,MSFT,-4900
2024-08-21,ALPHA,NVDA,13800
2024-08-21,ALPHA,SAP.DE,15000
2024-08-21,DELTA,AAPL,-15900
2024-08-21,DELTA,GS,-2000
2024-08-21,DELTA,JPM,1500
2024-08-21,DELTA,SHEL.L,15300
2024-08-21,DELTA,XOM,-10200
2024-08-21,MACRO,NVDA,19800
2024-08-21,MACRO,PG,3500
2024-08-21,MACRO,SAP.DE,13300
2024-08-21,MACRO,XOM,700
2024-08-22,ALPHA,AAPL,-100
2024-08-22,ALPHA,KO,1900
2024-08-22,ALPHA,MSFT,-4900
2024-08-22,ALPHA,NVDA,13800
2024-08-22,ALPHA,SAP.DE,15000
2024-08-22,DELTA,AAPL,-15900
2024-08-22,DELTA,GS,-2000
2024-08-22,DELTA,JPM,1500
2024-08-22,DELTA,SHEL.L,15300
2024-08-22,DELTA,XOM,-10200
2024-08-22,MACRO,NVDA,19800
2024-08-22,MACRO,PG,3500
2024-08-22,MACRO,SAP.DE,13300
2024-08-22,MACRO,XOM,700
2024-08-23,ALPHA,AAPL,-100
2024-08-23,ALPHA,KO,1900
2024-08-23,ALPHA,MSFT,-4900
2024-08-23,ALPHA,NVDA,13800
2024-08-23,ALPHA,SAP.DE,15000
2024-08-23,DELTA,AAPL,-15900
2024-08-23,DELTA,GS,-2000
2024-08-23,DELTA,JPM,1500
2024-08-23,DELTA,SHEL.L,15300
2024-08-23,DELTA,XOM,-10200
2024-08-23,MACRO,NVDA,19800
2024-08-23,MACRO,PG,3500
2024-08-23,MACRO,SAP.DE,13300
2024-08-23,MACRO,XOM,700
2024-08-26,ALPHA,AAPL,-100
2024-08-26,ALPHA,KO,1900
2024-08-26,ALPHA,MSFT,-4900
2024-08-26,ALPHA,NVDA,13800
2024-08-26,ALPHA,SAP.DE,15000
2024-08-26,DELTA,AAPL,-15900
2024-08-26,DELTA,GS,-2000
2024-08-26,DELTA,JPM,1500
2024-08-26,DELTA,SHEL.L,15300
2024-08-26,DELTA,XOM,-10200
2024-08-26,MACRO,NVDA,19800
2024-08-26,MACRO,PG,3500
2024-08-26,MACRO,SAP.DE,13300
2024-08-26,MACRO,XOM,700
2024-08-27,ALPHA,AAPL,-100
2024-08-27,ALPHA,KO,1900
2024-08-27,ALPHA,MSFT,-4900
2024-08-27,ALPHA,NVDA,13800
2024-08-27,ALPHA,SAP.DE,15000
2024-08-27,DELTA,AAPL,-15900
2024-08-27,DELTA,GS,-2000
2024-08-27,DELTA,JPM,1500
2024-08-27,DELTA,SHEL.L,15300
2024-08-27,DELTA,XOM,-10200
2024-08-27,MACRO,NVDA,19800
2024-08-27,MACRO,PG,3500
2024-08-27,MACRO,SAP.DE,13300
2024-08-27,MACRO,XOM,700
2024-08-28,ALPHA,AAPL,-100
2024-08-28,ALPHA,KO,1900
2024-08-28,ALPHA,MSFT,-4900
2024-08-28,ALPHA,NVDA,13800
2024-08-28,ALPHA,SAP.DE,15000
2024-08-28,DELTA,AAPL,-15900
2024-08-28,DELTA,GS,-2000
2024-08-28,DELTA,JPM,1500
2024-08-28,DELTA,SHEL.L,15300
2024-08-28,DELTA,XOM,-10200
2024-08-28,MACRO,NVDA,19800
2024-08-28,MACRO,PG,3500
2024-08-28,MACRO,SAP.DE,13300
2024-08-28,MACRO,XOM,700
2024-08-29,ALPHA,AAPL,-100
2024-08-29,ALPHA,KO,1900
2024-08-29,ALPHA,MSFT,-4900
2024-08-29,ALPHA,NVDA,13800
2024-08-29,ALPHA,SAP.DE,15000
2024-08-29,DELTA,AAPL,-15900
2024-08-29,DELTA,GS,-2000
2024-08-29,DELTA,JPM,1500
2024-08-29,DELTA,SHEL.L,15300
2024-08-29,DELTA,XOM,-10200
2024-08-29,MACRO,NVDA,19800
2024-08-29,MACRO,PG,3500
2024-08-29,MACRO,SAP.DE,13300
2024-08-29,MACRO,XOM,700
2024-08-30,ALPHA,AAPL,-100
2024-08-30,ALPHA,KO,1900
2024-08-30,ALPHA,MSFT,-4900
2024-08-30,ALPHA,NVDA,13800
2024-08-30,ALPHA,SAP.DE,15000
2024-08-30,DELTA,AAPL,-15900
2024-08-30,DELTA,GS,-2000
2024-08-30,DELTA,JPM,1500
2024-08-30,DELTA,SHEL.L,15300
2024-08-30,DELTA,XOM,-10200
2024-08-30,MACRO,NVDA,19800
2024-08-30,MACRO,PG,3500
2024-08-30,MACRO,SAP.DE,13300
2024-08-30,MACRO,XOM,700
2024-09-03,ALPHA,AAPL,-200
2024-09-03,ALPHA,KO,-1500
2024-09-03,ALPHA,MSFT,-5400
2024-09-03,ALPHA,NVDA,14600
2024-09-03,ALPHA,SAP.DE,15800
2024-09-03,DELTA,AAPL,-12800
2024-09-03,DELTA,GS,-400
2024-09-03,DELTA,JPM,2800
2024-09-03,DELTA,SHEL.L,14100
2024-09-03,DELTA,XOM,-7200
2024-09-03,MACRO,NVDA,20900
2024-09-03,MACRO,PG,5100
2024-09-03,MACRO,SAP.DE,16600
2024-09-03,MACRO,XOM,5100
2024-09-04,ALPHA,AAPL,-200
2024-09-04,ALPHA,KO,-1500
2024-09-04,ALPHA,MSFT,-5400
2024-09-04,ALPHA,NVDA,14600
2024-09-04,ALPHA,SAP.DE,15800
2024-09-04,DELTA,AAPL,-12800
2024-09-04,DELTA,GS,-400
2024-09-04,DELTA,JPM,2800
2024-09-04,DELTA,SHEL.L,14100
2024-09-04,DELTA,XOM,-7200
2024-09-04,MACRO,NVDA,20900
2024-09-04,MACRO,PG,5100
2024-09-04,MACRO,SAP.DE,16600
2024-09-04,MACRO,XOM,5100
2024-09-05,ALPHA,AAPL,-200
2024-09-05,ALPHA,KO,-1500
2024-09-05,ALPHA,MSFT,-5400
2024-09-05,ALPHA,NVDA,14600
2024-09-05,ALPHA,SAP.DE,15800
2024-09-05,DELTA,AAPL,-12800
2024-09-05,DELTA,GS,-400
2024-09-05,DELTA,JPM,2800
2024-09-05,DELTA,SHEL.L,14100
2024-09-05,DELTA,XOM,-7200
2024-09-05,MACRO,NVDA,20900
2024-09-05,MACRO,PG,5100
2024-09-05,MACRO,SAP.DE,16600
2024-09-05,MACRO,XOM,5100
2024-09-06,ALPHA,AAPL,-200
2024-09-06,ALPHA,KO,-1500
2024-09-06,ALPHA,MSFT,-5400
2024-09-06,ALPHA,NVDA,14600
2024-09-06,ALPHA,SAP.DE,15800
2024-09-06,DELTA,AAPL,-12800
2024-09-06,DELTA,GS,-400
2024-09-06,DELTA,JPM,2800
2024-09-06,DELTA,SHEL.L,14100
2024-09-06,DELTA,XOM,-7200
2024-09-06,MACRO,NVDA,20900
2024-09-06,MACRO,PG,5100
2024-09-06,MACRO,SAP.DE,16600
2024-09-06,MACRO,XOM,5100
2024-09-09,ALPHA,AAPL,-200
2024-09-09,ALPHA,KO,-1500
2024-09-09,ALPHA,MSFT,-5400
2024-09-09,ALPHA,NVDA,14600
2024-09-09,ALPHA,SAP.DE,15800
2024-09-09,DELTA,AAPL,-12800
2024-09-09,DELTA,GS,-400
2024-09-09,DELTA,JPM,2800
2024-09-09,DELTA,SHEL.L,14100
2024-09-09,DELTA,XOM,-7200
2024-09-09,MACRO,NVDA,20900
2024-09-09,MACRO,PG,5100
2024-09-09,MACRO,SAP.DE,16600
2024-09-09,MACRO,XOM,5100
2024-09-10,ALPHA,AAPL,-200
2024-09-10,ALPHA,KO,-1500
2024-09-10,ALPHA,MSFT,-5400
2024-09-10,ALPHA,NVDA,14600
2024-09-10,ALPHA,SAP.DE,15800
2024-09-10,DELTA,AAPL,-12800
2024-09-10,DELTA,GS,-400
2024-09-10,DELTA,JPM,2800
2024-09-10,DELTA,SHEL.L,14100
2024-09-10,DELTA,XOM,-7200
2024-09-10,MACRO,NVDA,20900
2024-09-10,MACRO,PG,5100
2024-09-10,MACRO,SAP.DE,16600
2024-09-10,MACRO,XOM,5100
2024-09-11,ALPHA,AAPL,-200
2024-09-11,ALPHA,KO,-1500
2024-09-11,ALPHA,MSFT,-5400
2024-09-11,ALPHA,NVDA,14600
2024-09-11,ALPHA,SAP.DE,15800
2024-09-11,DELTA,AAPL,-12800
2024-09-11,DELTA,GS,-400
2024-09-11,DELTA,JPM,2800
2024-09-11,DELTA,SHEL.L,14100
2024-09-11,DELTA,XOM,-7200
2024-09-11,MACRO,NVDA,20900
2024-09-11,MACRO,PG,5100
2024-09-11,MACRO,SAP.DE,16600
2024-09-11,MACRO,XOM,5100
2024-09-12,ALPHA,AAPL,-200
2024-09-12,ALPHA,KO,-1500
2024-09-12,ALPHA,MSFT,-5400
2024-09-12,ALPHA,NVDA,14600
2024-09-12,ALPHA,SAP.DE,15800
2024-09-12,DELTA,AAPL,-12800
2024-09-12,DELTA,GS,-400
2024-09-12,DELTA,JPM,2800
2024-09-12,DELTA,SHEL.L,14100
2024-09-12,DELTA,XOM,-7200
2024-09-12,MACRO,NVDA,20900
2024-09-12,MACRO,PG,5100
2024-09-12,MACRO,SAP.DE,16600
2024-09-12,MACRO,XOM,5100
2024-09-13,ALPHA,AAPL,-200
2024-09-13,ALPHA,KO,-1500
2024-09-13,ALPHA,MSFT,-5400
2024-09-13,ALPHA,NVDA,14600
2024-09-13,ALPHA,SAP.DE,15800
2024-09-13,DELTA,AAPL,-12800
2024-09-13,DELTA,GS,-400
2024-09-13,DELTA,JPM,2800
2024-09-13,DELTA,SHEL.L,14100
2024-09-13,DELTA,XOM,-7200
2024-09-13,MACRO,NVDA,20900
2024-09-13,MACRO,PG,5100
2024-09-13,MACRO,SAP.DE,16600
2024-09-13,MACRO,XOM,5100
2024-09-16,ALPHA,AAPL,-200
2024-09-16,ALPHA,KO,-1500
2024-09-16,ALPHA,MSFT,-5400
2024-09-16,ALPHA,NVDA,14600
2024-09-16,ALPHA,SAP.DE,15800
2024-09-16,DELTA,AAPL,-12800
2024-09-16,DELTA,GS,-400
2024-09-16,DELTA,JPM,2800
2024-09-16,DELTA,SHEL.L,14100
2024-09-16,DELTA,XOM,-7200
2024-09-16,MACRO,NVDA,20900
2024-09-16,MACRO,PG,5100
2024-09-16,MACRO,SAP.DE,16600
2024-09-16,MACRO,XOM,5100
2024-09-17,ALPHA,AAPL,-200
2024-09-17,ALPHA,KO,-1500
2024-09-17,ALPHA,MSFT,-5400
2024-09-17,ALPHA,NVDA,14600
2024-09-17,ALPHA,SAP.DE,15800
2024-09-17,DELTA,AAPL,-12800
2024-09-17,DELTA,GS,-400
2024-09-17,DELTA,JPM,2800
2024-09-17,DELTA,SHEL.L,14100
2024-09-17,DELTA,XOM,-7200
2024-09-17,MACRO,NVDA,20900
2024-09-17,MACRO,PG,5100
2024-09-17,MACRO,SAP.DE,16600
2024-09-17,MACRO,XOM,5100
2024-09-18,ALPHA,AAPL,-200
2024-09-18,ALPHA,KO,-1500
2024-09-18,ALPHA,MSFT,-5400
2024-09-18,ALPHA,NVDA,14600
2024-09-18,ALPHA,SAP.DE,15800
2024-09-18,DELTA,AAPL,-12800
2024-09-18,DELTA,GS,-400
2024-09-18,DELTA,JPM,2800
2024-09-18,DELTA,SHEL.L,14100
2024-09-18,DELTA,XOM,-7200
2024-09-18,MACRO,NVDA,20900
2024-09-18,MACRO,PG,5100
2024-09-18,MACRO,SAP.DE,16600
2024-09-18,MACRO,XOM,5100
2024-09-19,ALPHA,AAPL,-200
2024-09-19,ALPHA,KO,-1500
2024-09-19,ALPHA,MSFT,-5400
2024-09-19,ALPHA,NVDA,14600
2024-09-19,ALPHA,SAP.DE,15800
2024-09-19,DELTA,AAPL,-12800
2024-09-19,DELTA,GS,-400
2024-09-19,DELTA,JPM,2800
2024-09-19,DELTA,SHEL.L,14100
2024-09-19,DELTA,XOM,-7200
2024-09-19,MACRO,NVDA,20900
2024-09-19,MACRO,PG,5100
2024-09-19,MACRO,SAP.DE,16600
2024-09-19,MACRO,XOM,5100
2024-09-20,ALPHA,AAPL,-200
2024-09-20,ALPHA,KO,-1500
2024-09-20,ALPHA,MSFT,-5400
2024-09-20,ALPHA,NVDA,14600
2024-09-20,ALPHA,SAP.DE,15800
2024-09-20,DELTA,AAPL,-12800
2024-09-20,DELTA,GS,-400
2024-09-20,DELTA,JPM,2800
2024-09-20,DELTA,SHEL.L,14100
2024-09-20,DELTA,XOM,-7200
2024-09-20,MACRO,NVDA,20900
2024-09-20,MACRO,PG,5100
2024-09-20,MACRO,SAP.DE,16600
2024-09-20,MACRO,XOM,5100
2024-09-23,ALPHA,AAPL,-200
2024-09-23,ALPHA,KO,-1500
2024-09-23,ALPHA,MSFT,-5400
2024-09-23,ALPHA,NVDA,14600
2024-09-23,ALPHA,SAP.DE,15800
2024-09-23,DELTA,AAPL,-12800
2024-09-23,DELTA,GS,-400
2024-09-23,DELTA,JPM,2800
2024-09-23,DELTA,SHEL.L,14100
2024-09-23,DELTA,XOM,-7200
2024-09-23,MACRO,NVDA,20900
2024-09-23,MACRO,PG,5100
2024-09-23,MACRO,SAP.DE,16600
2024-09-23,MACRO,XOM,5100
2024-09-24,ALPHA,AAPL,-200
2024-09-24,ALPHA,KO,-1500
2024-09-24,ALPHA,MSFT,-5400
2024-09-24,ALPHA,NVDA,14600
2024-09-24,ALPHA,SAP.DE,15800
2024-09-24,DELTA,AAPL,-12800
2024-09-24,DELTA,GS,-400
2024-09-24,DELTA,JPM,2800
2024-09-24,DELTA,SHEL.L,14100
2024-09-24,DELTA,XOM,-7200
2024-09-24,MACRO,NVDA,20900
2024-09-24,MACRO,PG,5100
2024-09-24,MACRO,SAP.DE,16600
2024-09-24,MACRO,XOM,5100
2024-09-25,ALPHA,AAPL,-200
2024-09-25,ALPHA,KO,-1500
2024-09-25,ALPHA,MSFT,-5400
2024-09-25,ALPHA,NVDA,14600
2024-09-25,ALPHA,SAP.DE,15800
2024-09-25,DELTA,AAPL,-12800
2024-09-25,DELTA,GS,-400
2024-09-25,DELTA,JPM,2800
2024-09-25,DELTA,SHEL.L,14100
2024-09-25,DELTA,XOM,-7200
2024-09-25,MACRO,NVDA,20900
2024-09-25,MACRO,PG,5100
2024-09-25,MACRO,SAP.DE,16600
2024-09-25,MACRO,XOM,5100
2024-09-26,ALPHA,AAPL,-200
2024-09-26,ALPHA,KO,-1500
2024-09-26,ALPHA,MSFT,-5400
2024-09-26,ALPHA,NVDA,14600
2024-09-26,ALPHA,SAP.DE,15800
2024-09-26,DELTA,AAPL,-12800
2024-09-26,DELTA,GS,-400
2024-09-26,DELTA,JPM,2800
2024-09-26,DELTA,SHEL.L,14100
2024-09-26,DELTA,XOM,-7200
2024-09-26,MACRO,NVDA,20900
2024-09-26,MACRO,PG,5100
2024-09-26,MACRO,SAP.DE,16600
2024-09-26,MACRO,XOM,5100
2024-09-27,ALPHA,AAPL,-200
2024-09-27,ALPHA,KO,-1500
2024-09-27,ALPHA,MSFT,-5400
2024-09-27,ALPHA,NVDA,14600
2024-09-27,ALPHA,SAP.DE,15800
2024-09-27,DELTA,AAPL,-12800
2024-09-27,DELTA,GS,-400
2024-09-27,DELTA,JPM,2800
2024-09-27,DELTA,SHEL.L,14100
2024-09-27,DELTA,XOM,-7200
2024-09-27,MACRO,NVDA,20900
2024-09-27,MACRO,PG,5100
2024-09-27,MACRO,SAP.DE,16600
2024-09-27,MACRO,XOM,5100
2024-09-30,ALPHA,AAPL,-200
2024-09-30,ALPHA,KO,-1500
2024-09-30,ALPHA,MSFT,-5400
2024-09-30,ALPHA,NVDA,14600
2024-09-30,ALPHA,SAP.DE,15800
2024-09-30,DELTA,AAPL,-12800
2024-09-30,DELTA,GS,-400
2024-09-30,DELTA,JPM,2800
2024-09-30,DELTA,SHEL.L,14100
2024-09-30,DELTA,XOM,-7200
2024-09-30,MACRO,NVDA,20900
2024-09-30,MACRO,PG,5100
2024-09-30,MACRO,SAP.DE,16600
2024-09-30,MACRO,XOM,5100
2024-10-01,ALPHA,AAPL,400
2024-10-01,ALPHA,KO,-1300
2024-10-01,ALPHA,MSFT,-3800
2024-10-01,ALPHA,NVDA,18500
2024-10-01,ALPHA,SAP.DE,13600
2024-10-01,DELTA,AAPL,-11300
2024-10-01,DELTA,GS,-700
2024-10-01,DELTA,JPM,-1000
2024-10-01,DELTA,SHEL.L,11900
2024-10-01,DELTA,XOM,-10700
2024-10-01,MACRO,NVDA,20600
2024-10-01,MACRO,PG,1300
2024-10-01,MACRO,SAP.DE,18100
2024-10-01,MACRO,XOM,2700
2024-10-02,ALPHA,AAPL,400
2024-10-02,ALPHA,KO,-1300
2024-10-02,ALPHA,MSFT,-3800
2024-10-02,ALPHA,NVDA,18500
2024-10-02,ALPHA,SAP.DE,13600
2024-10-02,DELTA,AAPL,-11300
2024-10-02,DELTA,GS,-700
2024-10-02,DELTA,JPM,-1000
2024-10-02,DELTA,SHEL.L,11900
2024-10-02,DELTA,XOM,-10700
2024-10-02,MACRO,NVDA,20600
2024-10-02,MACRO,PG,1300
2024-10-02,MACRO,SAP.DE,18100
2024-10-02,MACRO,XOM,2700
2024-10-03,ALPHA,AAPL,400
2024-10-03,ALPHA,KO,-1300
2024-10-03,ALPHA,MSFT,-3800
2024-10-03,ALPHA,NVDA,18500
2024-10-03,ALPHA,SAP.DE,13600
2024-10-03,DELTA,AAPL,-11300
2024-10-03,DELTA,GS,-700
2024-10-03,DELTA,JPM,-1000
2024-10-03,DELTA,SHEL.L,11900
2024-10-03,DELTA,XOM,-10700
2024-10-03,MACRO,NVDA,20600
2024-10-03,MACRO,PG,1300
2024-10-03,MACRO,SAP.DE,18100
2024-10-03,MACRO,XOM,2700
2024-10-04,ALPHA,AAPL,400
2024-10-04,ALPHA,KO,-1300
2024-10-04,ALPHA,MSFT,-3800
2024-10-04,ALPHA,NVDA,18500
2024-10-04,ALPHA,SAP.DE,13600
2024-10-04,DELTA,AAPL,-11300
2024-10-04,DELTA,GS,-700
2024-10-04,DELTA,JPM,-1000
2024-10-04,DELTA,SHEL.L,11900
2024-10-04,DELTA,XOM,-10700
2024-10-04,MACRO,NVDA,20600
2024-10-04,MACRO,PG,1300
2024-10-04,MACRO,SAP.DE,18100
2024-10-04,MACRO,XOM,2700
2024-10-07,ALPHA,AAPL,400
2024-10-07,ALPHA,KO,-1300
2024-10-07,ALPHA,MSFT,-3800
2024-10-07,ALPHA,NVDA,18500
2024-10-07,ALPHA,SAP.DE,13600
2024-10-07,DELTA,AAPL,-11300
2024-10-07,DELTA,GS,-700
2024-10-07,DELTA,JPM,-1000
2024-10-07,DELTA,SHEL.L,11900
2024-10-07,DELTA,XOM,-10700
2024-10-07,MACRO,NVDA,20600
2024-10-07,MACRO,PG,1300
2024-10-07,MACRO,SAP.DE,18100
2024-10-07,MACRO,XOM,2700
2024-10-08,ALPHA,AAPL,400
2024-10-08,ALPHA,KO,-1300
2024-10-08,ALPHA,MSFT,-3800
2024-10-08,ALPHA,NVDA,18500
2024-10-08,ALPHA,SAP.DE,13600
2024-10-08,DELTA,AAPL,-11300
2024-10-08,DELTA,GS,-700
2024-10-08,DELTA,JPM,-1000
2024-10-08,DELTA,SHEL.L,11900
2024-10-08,DELTA,XOM,-10700
2024-10-08,MACRO,NVDA,20600
2024-10-08,MACRO,PG,1300
2024-10-08,MACRO,SAP.DE,18100
2024-10-08,MACRO,XOM,2700
2024-10-09,ALPHA,AAPL,400
2024-10-09,ALPHA,KO,-1300
2024-10-09,ALPHA,MSFT,-3800
2024-10-09,ALPHA,NVDA,18500
2024-10-09,ALPHA,SAP.DE,13600
2024-10-09,DELTA,AAPL,-11300
2024-10-09,DELTA,GS,-700
2024-10-09,DELTA,JPM,-1000
2024-10-09,DELTA,SHEL.L,11900
2024-10-09,DELTA,XOM,-10700
2024-10-09,MACRO,NVDA,20600
2024-10-09,MACRO,PG,1300
2024-10-09,MACRO,SAP.DE,18100
2024-10-09,MACRO,XOM,2700
2024-10-10,ALPHA,AAPL,400
2024-10-10,ALPHA,KO,-1300
2024-10-10,ALPHA,MSFT,-3800
2024-10-10,ALPHA,NVDA,18500
2024-10-10,ALPHA,SAP.DE,13600
2024-10-10,DELTA,AAPL,-11300
2024-10-10,DELTA,GS,-700
2024-10-10,DELTA,JPM,-1000
2024-10-10,DELTA,SHEL.L,11900
2024-10-10,DELTA,XOM,-10700
2024-10-10,MACRO,NVDA,20600
2024-10-10,MACRO,PG,1300
2024-10-10,MACRO,SAP.DE,18100
2024-10-10,MACRO,XOM,2700
2024-10-11,ALPHA,AAPL,400
2024-10-11,ALPHA,KO,-1300
2024-10-11,ALPHA,MSFT,-3800
2024-10-11,ALPHA,NVDA,18500
2024-10-11,ALPHA,SAP.DE,13600
2024-10-11,DELTA,AAPL,-11300
2024-10-11,DELTA,GS,-700
2024-10-11,DELTA,JPM,-1000
2024-10-11,DELTA,SHEL.L,11900
2024-10-11,DELTA,XOM,-10700
2024-10-11,MACRO,NVDA,20600
2024-10-11,MACRO,PG,1300
2024-10-11,MACRO,SAP.DE,18100
2024-10-11,MACRO,XOM,2700
2024-10-14,ALPHA,AAPL,400
2024-10-14,ALPHA,KO,-1300
2024-10-14,ALPHA,MSFT,-3800
2024-10-14,ALPHA,NVDA,18500
2024-10-14,ALPHA,SAP.DE,13600
2024-10-14,DELTA,AAPL,-11300
2024-10-14,DELTA,GS,-700
2024-10-14,DELTA,JPM,-1000
2024-10-14,DELTA,SHEL.L,11900
2024-10-14,DELTA,XOM,-10700
2024-10-14,MACRO,NVDA,20600
2024-10-14,MACRO,PG,1300
2024-10-14,MACRO,SAP.DE,18100
2024-10-14,MACRO,XOM,2700
2024-10-15,ALPHA,AAPL,400
2024-10-15,ALPHA,KO,-1300
2024-10-15,ALPHA,MSFT,-3800
2024-10-15,ALPHA,NVDA,18500
2024-10-15,ALPHA,SAP.DE,13600
2024-10-15,DELTA,AAPL,-11300
2024-10-15,DELTA,GS,-700
2024-10-15,DELTA,JPM,-1000
2024-10-15,DELTA,SHEL.L,11900
2024-10-15,DELTA,XOM,-10700
2024-10-15,MACRO,NVDA,20600
2024-10-15,MACRO,PG,1300
2024-10-15,MACRO,SAP.DE,18100
2024-10-15,MACRO,XOM,2700
2024-10-16,ALPHA,AAPL,400
2024-10-16,ALPHA,KO,-1300
2024-10-16,ALPHA,MSFT,-3800
2024-10-16,ALPHA,NVDA,18500
2024-10-16,ALPHA,SAP.DE,13600
2024-10-16,DELTA,AAPL,-11300
2024-10-16,DELTA,GS,-700
2024-10-16,DELTA,JPM,-1000
2024-10-16,DELTA,SHEL.L,11900
2024-10-16,DELTA,XOM,-10700
2024-10-16,MACRO,NVDA,20600
2024-10-16,MACRO,PG,1300
2024-10-16,MACRO,SAP.DE,18100
2024-10-16,MACRO,XOM,2700
2024-10-17,ALPHA,AAPL,400
2024-10-17,ALPHA,KO,-1300
2024-10-17,ALPHA,MSFT,-3800
2024-10-17,ALPHA,NVDA,18500
2024-10-17,ALPHA,SAP.DE,13600
2024-10-17,DELTA,AAPL,-11300
2024-10-17,DELTA,GS,-700
2024-10-17,DELTA,JPM,-1000
2024-10-17,DELTA,SHEL.L,11900
2024-10-17,DELTA,XOM,-10700
2024-10-17,MACRO,NVDA,20600
2024-10-17,MACRO,PG,1300
2024-10-17,MACRO,SAP.DE,18100
2024-10-17,MACRO,XOM,2700
2024-10-18,ALPHA,AAPL,400
2024-10-18,ALPHA,KO,-1300
2024-10-18,ALPHA,MSFT,-3800
2024-10-18,ALPHA,NVDA,18500
2024-10-18,ALPHA,SAP.DE,13600
2024-10-18,DELTA,AAPL,-11300
2024-10-18,DELTA,GS,-700
2024-10-18,DELTA,JPM,-1000
2024-10-18,DELTA,SHEL.L,11900
2024-10-18,DELTA,XOM,-10700
2024-10-18,MACRO,NVDA,20600
2024-10-18,MACRO,PG,1300
2024-10-18,MACRO,SAP.DE,18100
2024-10-18,MACRO,XOM,2700
2024-10-21,ALPHA,AAPL,400
2024-10-21,ALPHA,KO,-1300
2024-10-21,ALPHA,MSFT,-3800
2024-10-21,ALPHA,NVDA,18500
2024-10-21,ALPHA,SAP.DE,13600
2024-10-21,DELTA,AAPL,-11300
2024-10-21,DELTA,GS,-700
2024-10-21,DELTA,JPM,-1000
2024-10-21,DELTA,SHEL.L,11900
2024-10-21,DELTA,XOM,-10700
2024-10-21,MACRO,NVDA,20600
2024-10-21,MACRO,PG,1300
2024-10-21,MACRO,SAP.DE,18100
2024-10-21,MACRO,XOM,2700
2024-10-22,ALPHA,AAPL,400
2024-10-22,ALPHA,KO,-1300
2024-10-22,ALPHA,MSFT,-3800
2024-10-22,ALPHA,NVDA,18500
2024-10-22,ALPHA,SAP.DE,13600
2024-10-22,DELTA,AAPL,-11300
2024-10-22,DELTA,GS,-700
2024-10-22,DELTA,JPM,-1000
2024-10-22,DELTA,SHEL.L,11900
2024-10-22,DELTA,XOM,-10700
2024-10-22,MACRO,NVDA,20600
2024-10-22,MACRO,PG,1300
2024-10-22,MACRO,SAP.DE,18100
2024-10-22,MACRO,XOM,2700
2024-10-23,ALPHA,AAPL,400
2024-10-23,ALPHA,KO,-1300
2024-10-23,ALPHA,MSFT,-3800
2024-10-23,ALPHA,NVDA,18500
2024-10-23,ALPHA,SAP.DE,13600
2024-10-23,DELTA,AAPL,-11300
2024-10-23,DELTA,GS,-700
2024-10-23,DELTA,JPM,-1000
2024-10-23,DELTA,SHEL.L,11900
2024-10-23,DELTA,XOM,-10700
2024-10-23,MACRO,NVDA,20600
2024-10-23,MACRO,PG,1300
2024-10-23,MACRO,SAP.DE,18100
2024-10-23,MACRO,XOM,2700
2024-10-24,ALPHA,AAPL,400
2024-10-24,ALPHA,KO,-1300
2024-10-24,ALPHA,MSFT,-3800
2024-10-24,ALPHA,NVDA,18500
2024-10-24,ALPHA,SAP.DE,13600
2024-10-24,DELTA,AAPL,-11300
2024-10-24,DELTA,GS,-700
2024-10-24,DELTA,JPM,-1000
2024-10-24,DELTA,SHEL.L,11900
2024-10-24,DELTA,XOM,-10700
2024-10-24,MACRO,NVDA,20600
2024-10-24,MACRO,PG,1300
2024-10-24,MACRO,SAP.DE,18100
2024-10-24,MACRO,XOM,2700
2024-10-25,ALPHA,AAPL,400
2024-10-25,ALPHA,KO,-1300
2024-10-25,ALPHA,MSFT,-3800
2024-10-25,ALPHA,NVDA,18500
2024-10-25,ALPHA,SAP.DE,13600
2024-10-25,DELTA,AAPL,-11300
2024-10-25,DELTA,GS,-700
2024-10-25,DELTA,JPM,-1000
2024-10-25,DELTA,SHEL.L,11900
2024-10-25,DELTA,XOM,-10700
2024-10-25,MACRO,NVDA,20600
2024-10-25,MACRO,PG,1300
2024-10-25,MACRO,SAP.DE,18100
2024-10-25,MACRO,XOM,2700
2024-10-28,ALPHA,AAPL,400
2024-10-28,ALPHA,KO,-1300
2024-10-28,ALPHA,MSFT,-3800
2024-10-28,ALPHA,NVDA,18500
2024-10-28,ALPHA,SAP.DE,13600
2024-10-28,DELTA,AAPL,-11300
2024-10-28,DELTA,GS,-700
2024-10-28,DELTA,JPM,-1000
2024-10-28,DELTA,SHEL.L,11900
2024-10-28,DELTA,XOM,-10700
2024-10-28,MACRO,NVDA,20600
2024-10-28,MACRO,PG,1300
2024-10-28,MACRO,SAP.DE,18100
2024-10-28,MACRO,XOM,2700
2024-10-29,ALPHA,AAPL,400
2024-10-29,ALPHA,KO,-1300
2024-10-29,ALPHA,MSFT,-3800
2024-10-29,ALPHA,NVDA,18500
2024-10-29,ALPHA,SAP.DE,13600
2024-10-29,DELTA,AAPL,-11300
2024-10-29,DELTA,GS,-700
2024-10-29,DELTA,JPM,-1000
2024-10-29,DELTA,SHEL.L,11900
2024-10-29,DELTA,XOM,-10700
2024-10-29,MACRO,NVDA,20600
2024-10-29,MACRO,PG,1300
2024-10-29,MACRO,SAP.DE,18100
2024-10-29,MACRO,XOM,2700
2024-10-30,ALPHA,AAPL,400
2024-10-30,ALPHA,KO,-1300
2024-10-30,ALPHA,MSFT,-3800
2024-10-30,ALPHA,NVDA,18500
2024-10-30,ALPHA,SAP.DE,13600
2024-10-30,DELTA,AAPL,-11300
2024-10-30,DELTA,GS,-700
2024-10-30,DELTA,JPM,-1000
2024-10-30,DELTA,SHEL.L,11900
2024-10-30,DELTA,XOM,-10700
2024-10-30,MACRO,NVDA,20600
2024-10-30,MACRO,PG,1300
2024-10-30,MACRO,SAP.DE,18100
2024-10-30,MACRO,XOM,2700
2024-10-31,ALPHA,AAPL,400
2024-10-31,ALPHA,KO,-1300
2024-10-31,ALPHA,MSFT,-3800
2024-10-31,ALPHA,NVDA,18500
2024-10-31,ALPHA,SAP.DE,13600
2024-10-31,DELTA,AAPL,-11300
2024-10-31,DELTA,GS,-700
2024-10-31,DELTA,JPM,-1000
2024-10-31,DELTA,SHEL.L,11900
2024-10-31,DELTA,XOM,-10700
2024-10-31,MACRO,NVDA,20600
2024-10-31,MACRO,PG,1300
2024-10-31,MACRO,SAP.DE,18100
2024-10-31,MACRO,XOM,2700
2024-11-01,ALPHA,AAPL,-1500
2024-11-01,ALPHA,KO,5300
2024-11-01,ALPHA,MSFT,-3800
2024-11-01,ALPHA,NVDA,17200
2024-11-01,ALPHA,SAP.DE,15200
2024-11-01,DELTA,AAPL,-8900
2024-11-01,DELTA,GS,-200
2024-11-01,DELTA,JPM,2900
2024-11-01,DELTA,SHEL.L,12500
2024-11-01,DELTA,XOM,-13800
2024-11-01,MACRO,NVDA,18100
2024-11-01,MACRO,PG,1000
2024-11-01,MACRO,SAP.DE,13000
2024-11-01,MACRO,XOM,9300
2024-11-04,ALPHA,AAPL,-1500
2024-11-04,ALPHA,KO,5300
2024-11-04,ALPHA,MSFT,-3800
2024-11-04,ALPHA,NVDA,17200
2024-11-04,ALPHA,SAP.DE,15200
2024-11-04,DELTA,AAPL,-8900
2024-11-04,DELTA,GS,-200
2024-11-04,DELTA,JPM,2900
2024-11-04,DELTA,SHEL.L,12500
2024-11-04,DELTA,XOM,-13800
2024-11-04,MACRO,NVDA,18100
2024-11-04,MACRO,PG,1000
2024-11-04,MACRO,SAP.DE,13000
2024-11-04,MACRO,XOM,9300
2024-11-05,ALPHA,AAPL,-1500
2024-11-05,ALPHA,KO,5300
2024-11-05,ALPHA,MSFT,-3800
2024-11-05,ALPHA,NVDA,17200
2024-11-05,ALPHA,SAP.DE,15200
2024-11-05,DELTA,AAPL,-8900
2024-11-05,DELTA,GS,-200
2024-11-05,DELTA,JPM,2900
2024-11-05,DELTA,SHEL.L,12500
2024-11-05,DELTA,XOM,-13800
2024-11-05,MACRO,NVDA,18100
2024-11-05,MACRO,PG,1000
2024-11-05,MACRO,SAP.DE,13000
2024-11-05,MACRO,XOM,9300
2024-11-06,ALPHA,AAPL,-1500
2024-11-06,ALPHA,KO,5300
2024-11-06,ALPHA,MSFT,-3800
2024-11-06,ALPHA,NVDA,17200
2024-11-06,ALPHA,SAP.DE,15200
2024-11-06,DELTA,AAPL,-8900
2024-11-06,DELTA,GS,-200
2024-11-06,DELTA,JPM,2900
2024-11-06,DELTA,SHEL.L,12500
2024-11-06,DELTA,XOM,-13800
2024-11-06,MACRO,NVDA,18100
2024-11-06,MACRO,PG,1000
2024-11-06,MACRO,SAP.DE,13000
2024-11-06,MACRO,XOM,9300
2024-11-07,ALPHA,AAPL,-1500
2024-11-07,ALPHA,KO,5300
2024-11-07,ALPHA,MSFT,-3800
2024-11-07,ALPHA,NVDA,17200
2024-11-07,ALPHA,SAP.DE,15200
2024-11-07,DELTA,AAPL,-8900
2024-11-07,DELTA,GS,-200
2024-11-07,DELTA,JPM,2900
2024-11-07,DELTA,SHEL.L,12500
2024-11-07,DELTA,XOM,-13800
2024-11-07,MACRO,NVDA,18100
2024-11-07,MACRO,PG,1000
2024-11-07,MACRO,SAP.DE,13000
2024-11-07,MACRO,XOM,9300
2024-11-08,ALPHA,AAPL,-1500
2024-11-08,ALPHA,KO,5300
2024-11-08,ALPHA,MSFT,-3800
2024-11-08,ALPHA,NVDA,17200
2024-11-08,ALPHA,SAP.DE,15200
2024-11-08,DELTA,AAPL,-8900
2024-11-08,DELTA,GS,-200
2024-11-08,DELTA,JPM,2900
2024-11-08,DELTA,SHEL.L,12500
2024-11-08,DELTA,XOM,-13800
2024-11-08,MACRO,NVDA,18100
2024-11-08,MACRO,PG,1000
2024-11-08,MACRO,SAP.DE,13000
2024-11-08,MACRO,XOM,9300
2024-11-11,ALPHA,AAPL,-1500
2024-11-11,ALPHA,KO,5300
2024-11-11,ALPHA,MSFT,-3800
2024-11-11,ALPHA,NVDA,17200
2024-11-11,ALPHA,SAP.DE,15200
2024-11-11,DELTA,AAPL,-8900
2024-11-11,DELTA,GS,-200
2024-11-11,DELTA,JPM,2900
2024-11-11,DELTA,SHEL.L,12500
2024-11-11,DELTA,XOM,-13800
2024-11-11,MACRO,NVDA,18100
2024-11-11,MACRO,PG,1000
2024-11-11,MACRO,SAP.DE,13000
2024-11-11,MACRO,XOM,9300
2024-11-12,ALPHA,AAPL,-1500
2024-11-12,ALPHA,KO,5300
2024-11-12,ALPHA,MSFT,-3800
2024-11-12,ALPHA,NVDA,17200
2024-11-12,ALPHA,SAP.DE,15200
2024-11-12,DELTA,AAPL,-8900
2024-11-12,DELTA,GS,-200
2024-11-12,DELTA,JPM,2900
2024-11-12,DELTA,SHEL.L,12500
2024-11-12,DELTA,XOM,-13800
2024-11-12,MACRO,NVDA,18100
2024-11-12,MACRO,PG,1000
2024-11-12,MACRO,SAP.DE,13000
2024-11-12,MACRO,XOM,9300
2024-11-13,ALPHA,AAPL,-1500
2024-11-13,ALPHA,KO,5300
2024-11-13,ALPHA,MSFT,-3800
2024-11-13,ALPHA,NVDA,17200
2024-11-13,ALPHA,SAP.DE,15200
2024-11-13,DELTA,AAPL,-8900
2024-11-13,DELTA,GS,-200
2024-11-13,DELTA,JPM,2900
2024-11-13,DELTA,SHEL.L,12500
2024-11-13,DELTA,XOM,-13800
2024-11-13,MACRO,NVDA,18100
2024-11-13,MACRO,PG,1000
2024-11-13,MACRO,SAP.DE,13000
2024-11-13,MACRO,XOM,9300
2024-11-14,ALPHA,AAPL,-1500
2024-11-14,ALPHA,KO,5300
2024-11-14,ALPHA,MSFT,-3800
2024-11-14,ALPHA,NVDA,17200
2024-11-14,ALPHA,SAP.DE,15200
2024-11-14,DELTA,AAPL,-8900
2024-11-14,DELTA,GS,-200
2024-11-14,DELTA,JPM,2900
2024-11-14,DELTA,SHEL.L,12500
2024-11-14,DELTA,XOM,-13800
2024-11-14,MACRO,NVDA,18100
2024-11-14,MACRO,PG,1000
2024-11-14,MACRO,SAP.DE,13000
2024-11-14,MACRO,XOM,9300
2024-11-15,ALPHA,AAPL,-1500
2024-11-15,ALPHA,KO,5300
2024-11-15,ALPHA,MSFT,-3800
2024-11-15,ALPHA,NVDA,17200
2024-11-15,ALPHA,SAP.DE,15200
2024-11-15,DELTA,AAPL,-8900
2024-11-15,DELTA,GS,-200
2024-11-15,DELTA,JPM,2900
2024-11-15,DELTA,SHEL.L,12500
2024-11-15,DELTA,XOM,-13800
2024-11-15,MACRO,NVDA,18100
2024-11-15,MACRO,PG,1000
2024-11-15,MACRO,SAP.DE,13000
2024-11-15,MACRO,XOM,9300
2024-11-18,ALPHA,AAPL,-1500
2024-11-18,ALPHA,KO,5300
2024-11-18,ALPHA,MSFT,-3800
2024-11-18,ALPHA,NVDA,17200
2024-11-18,ALPHA,SAP.DE,15200
2024-11-18,DELTA,AAPL,-8900
2024-11-18,DELTA,GS,-200
2024-11-18,DELTA,JPM,2900
2024-11-18,DELTA,SHEL.L,12500
2024-11-18,DELTA,XOM,-13800
2024-11-18,MACRO,NVDA,18100
2024-11-18,MACRO,PG,1000
2024-11-18,MACRO,SAP.DE,13000
2024-11-18,MACRO,XOM,9300
2024-11-19,ALPHA,AAPL,-1500
2024-11-19,ALPHA,KO,5300
2024-11-19,ALPHA,MSFT,-3800
2024-11-19,ALPHA,NVDA,17200
2024-11-19,ALPHA,SAP.DE,15200
2024-11-19,DELTA,AAPL,-8900
2024-11-19,DELTA,GS,-200
2024-11-19,DELTA,JPM,2900
2024-11-19,DELTA,SHEL.L,12500
2024-11-19,DELTA,XOM,-13800
2024-11-19,MACRO,NVDA,18100
2024-11-19,MACRO,PG,1000
2024-11-19,MACRO,SAP.DE,13000
2024-11-19,MACRO,XOM,9300
2024-11-20,ALPHA,AAPL,-1500
2024-11-20,ALPHA,KO,5300
2024-11-20,ALPHA,MSFT,-3800
2024-11-20,ALPHA,NVDA,17200
2024-11-20,ALPHA,SAP.DE,15200
2024-11-20,DELTA,AAPL,-8900
2024-11-20,DELTA,GS,-200
2024-11-20,DELTA,JPM,2900
2024-11-20,DELTA,SHEL.L,12500
2024-11-20,DELTA,XOM,-13800
2024-11-20,MACRO,NVDA,18100
2024-11-20,MACRO,PG,1000
2024-11-20,MACRO,SAP.DE,13000
2024-11-20,MACRO,XOM,9300
2024-11-21,ALPHA,AAPL,-1500
2024-11-21,ALPHA,KO,5300
2024-11-21,ALPHA,MSFT,-3800
2024-11-21,ALPHA,NVDA,17200
2024-11-21,ALPHA,SAP.DE,15200
2024-11-21,DELTA,AAPL,-8900
2024-11-21,DELTA,GS,-200
2024-11-21,DELTA,JPM,2900
2024-11-21,DELTA,SHEL.L,12500
2024-11-21,DELTA,XOM,-13800
2024-11-21,MACRO,NVDA,18100
2024-11-21,MACRO,PG,1000
2024-11-21,MACRO,SAP.DE,13000
2024-11-21,MACRO,XOM,9300
2024-11-22,ALPHA,AAPL,-1500
2024-11-22,ALPHA,KO,5300
2024-11-22,ALPHA,MSFT,-3800
2024-11-22,ALPHA,NVDA,17200
2024-11-22,ALPHA,SAP.DE,15200
2024-11-22,DELTA,AAPL,-8900
2024-11-22,DELTA,GS,-200
2024-11-22,DELTA,JPM,2900
2024-11-22,DELTA,SHEL.L,12500
2024-11-22,DELTA,XOM,-13800
2024-11-22,MACRO,NVDA,18100
2024-11-22,MACRO,PG,1000
2024-11-22,MACRO,SAP.DE,13000
2024-11-22,MACRO,XOM,9300
2024-11-25,ALPHA,AAPL,-1500
2024-11-25,ALPHA,KO,5300
2024-11-25,ALPHA,MSFT,-3800
2024-11-25,ALPHA,NVDA,17200
2024-11-25,ALPHA,SAP.DE,15200
2024-11-25,DELTA,AAPL,-8900
2024-11-25,DELTA,GS,-200
2024-11-25,DELTA,JPM,2900
2024-11-25,DELTA,SHEL.L,12500
2024-11-25,DELTA,XOM,-13800
2024-11-25,MACRO,NVDA,18100
2024-11-25,MACRO,PG,1000
2024-11-25,MACRO,SAP.DE,13000
2024-11-25,MACRO,XOM,9300
2024-11-26,ALPHA,AAPL,-1500
2024-11-26,ALPHA,KO,5300
2024-11-26,ALPHA,MSFT,-3800
2024-11-26,ALPHA,NVDA,17200
2024-11-26,ALPHA,SAP.DE,15200
2024-11-26,DELTA,AAPL,-8900
2024-11-26,DELTA,GS,-200
2024-11-26,DELTA,JPM,2900
2024-11-26,DELTA,SHEL.L,12500
2024-11-26,DELTA,XOM,-13800
2024-11-26,MACRO,NVDA,18100
2024-11-26,MACRO,PG,1000
2024-11-26,MACRO,SAP.DE,13000
2024-11-26,MACRO,XOM,9300
2024-11-27,ALPHA,AAPL,-1500
2024-11-27,ALPHA,KO,5300
2024-11-27,ALPHA,MSFT,-3800
2024-11-27,ALPHA,NVDA,17200
2024-11-27,ALPHA,SAP.DE,15200
2024-11-27,DELTA,AAPL,-8900
2024-11-27,DELTA,GS,-200
2024-11-27,DELTA,JPM,2900
2024-11-27,DELTA,SHEL.L,12500
2024-11-27,DELTA,XOM,-13800
2024-11-27,MACRO,NVDA,18100
2024-11-27,MACRO,PG,1000
2024-11-27,MACRO,SAP.DE,13000
2024-11-27,MACRO,XOM,9300
2024-11-29,ALPHA,AAPL,-1500
2024-11-29,ALPHA,KO,5300
2024-11-29,ALPHA,MSFT,-3800
2024-11-29,ALPHA,NVDA,17200
2024-11-29,ALPHA,SAP.DE,15200
2024-11-29,DELTA,AAPL,-8900
2024-11-29,DELTA,GS,-200
2024-11-29,DELTA,JPM,2900
2024-11-29,DELTA,SHEL.L,12500
2024-11-29,DELTA,XOM,-13800
2024-11-29,MACRO,NVDA,18100
2024-11-29,MACRO,PG,1000
2024-11-29,MACRO,SAP.DE,13000
2024-11-29,MACRO,XOM,9300
2024-12-02,ALPHA,AAPL,-4100
2024-12-02,ALPHA,KO,7000
2024-12-02,ALPHA,MSFT,-1700
2024-12-02,ALPHA,NVDA,16000
2024-12-02,ALPHA,SAP.DE,14600
2024-12-02,DELTA,AAPL,-9800
2024-12-02,DELTA,GS,100
2024-12-02,DELTA,JPM,800
2024-12-02,DELTA,SHEL.L,14800
2024-12-02,DELTA,XOM,-14400
2024-12-02,MACRO,NVDA,20300
2024-12-02,MACRO,PG,2000
2024-12-02,MACRO,SAP.DE,13700
2024-12-02,MACRO,XOM,7300
2024-12-03,ALPHA,AAPL,-4100
2024-12-03,ALPHA,KO,7000
2024-12-03,ALPHA,MSFT,-1700
2024-12-03,ALPHA,NVDA,16000
2024-12-03,ALPHA,SAP.DE,14600
2024-12-03,DELTA,AAPL,-9800
2024-12-03,DELTA,GS,100
2024-12-03,DELTA,JPM,800
2024-12-03,DELTA,SHEL.L,14800
2024-12-03,DELTA,XOM,-14400
2024-12-03,MACRO,NVDA,20300
2024-12-03,MACRO,PG,2000
2024-12-03,MACRO,SAP.DE,13700
2024-12-03,MACRO,XOM,7300
2024-12-04,ALPHA,AAPL,-4100
2024-12-04,ALPHA,KO,7000
2024-12-04,ALPHA,MSFT,-1700
2024-12-04,ALPHA,NVDA,16000
2024-12-04,ALPHA,SAP.DE,14600
2024-12-04,DELTA,AAPL,-9800
2024-12-04,DELTA,GS,100
2024-12-04,DELTA,JPM,800
2024-12-04,DELTA,SHEL.L,14800
2024-12-04,DELTA,XOM,-14400
2024-12-04,MACRO,NVDA,20300
2024-12-04,MACRO,PG,2000
2024-12-04,MACRO,SAP.DE,13700
2024-12-04,MACRO,XOM,7300
2024-12-05,ALPHA,AAPL,-4100
2024-12-05,ALPHA,KO,7000
2024-12-05,ALPHA,MSFT,-1700
2024-12-05,ALPHA,NVDA,16000
2024-12-05,ALPHA,SAP.DE,14600
2024-12-05,DELTA,AAPL,-9800
2024-12-05,DELTA,GS,100
2024-12-05,DELTA,JPM,800
2024-12-05,DELTA,SHEL.L,14800
2024-12-05,DELTA,XOM,-14400
2024-12-05,MACRO,NVDA,20300
2024-12-05,MACRO,PG,2000
2024-12-05,MACRO,SAP.DE,13700
2024-12-05,MACRO,XOM,7300
2024-12-06,ALPHA,AAPL,-4100
2024-12-06,ALPHA,KO,7000
2024-12-06,ALPHA,MSFT,-1700
2024-12-06,ALPHA,NVDA,16000
2024-12-06,ALPHA,SAP.DE,14600
2024-12-06,DELTA,AAPL,-9800
2024-12-06,DELTA,GS,100
2024-12-06,DELTA,JPM,800
2024-12-06,DELTA,SHEL.L,14800
2024-12-06,DELTA,XOM,-14400
2024-12-06,MACRO,NVDA,20300
2024-12-06,MACRO,PG,2000
2024-12-06,MACRO,SAP.DE,13700
2024-12-06,MACRO,XOM,7300
2024-12-09,ALPHA,AAPL,-4100
2024-12-09,ALPHA,KO,7000
2024-12-09,ALPHA,MSFT,-1700
2024-12-09,ALPHA,NVDA,16000
2024-12-09,ALPHA,SAP.DE,14600
2024-12-09,DELTA,AAPL,-9800
2024-12-09,DELTA,GS,100
2024-12-09,DELTA,JPM,800
2024-12-09,DELTA,SHEL.L,14800
2024-12-09,DELTA,XOM,-14400
2024-12-09,MACRO,NVDA,20300
2024-12-09,MACRO,PG,2000
2024-12-09,MACRO,SAP.DE,13700
2024-12-09,MACRO,XOM,7300
2024-12-10,ALPHA,AAPL,-4100
2024-12-10,ALPHA,KO,7000
2024-12-10,ALPHA,MSFT,-1700
2024-12-10,ALPHA,NVDA,16000
2024-12-10,ALPHA,SAP.DE,14600
2024-12-10,DELTA,AAPL,-9800
2024-12-10,DELTA,GS,100
2024-12-10,DELTA,JPM,800
2024-12-10,DELTA,SHEL.L,14800
2024-12-10,DELTA,XOM,-14400
2024-12-10,MACRO,NVDA,20300
2024-12-10,MACRO,PG,2000
2024-12-10,MACRO,SAP.DE,13700
2024-12-10,MACRO,XOM,7300
2024-12-11,ALPHA,AAPL,-4100
2024-12-11,ALPHA,KO,7000
2024-12-11,ALPHA,MSFT,-1700
2024-12-11,ALPHA,NVDA,16000
2024-12-11,ALPHA,SAP.DE,14600
2024-12-11,DELTA,AAPL,-9800
2024-12-11,DELTA,GS,100
2024-12-11,DELTA,JPM,800
2024-12-11,DELTA,SHEL.L,14800
2024-12-11,DELTA,XOM,-14400
2024-12-11,MACRO,NVDA,20300
2024-12-11,MACRO,PG,2000
2024-12-11,MACRO,SAP.DE,13700
2024-12-11,MACRO,XOM,7300
2024-12-12,ALPHA,AAPL,-4100
2024-12-12,ALPHA,KO,7000
2024-12-12,ALPHA,MSFT,-1700
2024-12-12,ALPHA,NVDA,16000
2024-12-12,ALPHA,SAP.DE,14600
2024-12-12,DELTA,AAPL,-9800
2024-12-12,DELTA,GS,100
2024-12-12,DELTA,JPM,800
2024-12-12,DELTA,SHEL.L,14800
2024-12-12,DELTA,XOM,-14400
2024-12-12,MACRO,NVDA,20300
2024-12-12,MACRO,PG,2000
2024-12-12,MACRO,SAP.DE,13700
2024-12-12,MACRO,XOM,7300
2024-12-13,ALPHA,AAPL,-4100
2024-12-13,ALPHA,KO,7000
2024-12-13,ALPHA,MSFT,-1700
2024-12-13,ALPHA,NVDA,16000
2024-12-13,ALPHA,SAP.DE,14600
2024-12-13,DELTA,AAPL,-9800
2024-12-13,DELTA,GS,100
2024-12-13,DELTA,JPM,800
2024-12-13,DELTA,SHEL.L,14800
2024-12-13,DELTA,XOM,-14400
2024-12-13,MACRO,NVDA,20300
2024-12-13,MACRO,PG,2000
2024-12-13,MACRO,SAP.DE,13700
2024-12-13,MACRO,XOM,7300
2024-12-16,ALPHA,AAPL,-4100
2024-12-16,ALPHA,KO,7000
2024-12-16,ALPHA,MSFT,-1700
2024-12-16,ALPHA,NVDA,16000
2024-12-16,ALPHA,SAP.DE,14600
2024-12-16,DELTA,AAPL,-9800
2024-12-16,DELTA,GS,100
2024-12-16,DELTA,JPM,800
2024-12-16,DELTA,SHEL.L,14800
2024-12-16,DELTA,XOM,-14400
2024-12-16,MACRO,NVDA,20300
2024-12-16,MACRO,PG,2000
2024-12-16,MACRO,SAP.DE,13700
2024-12-16,MACRO,XOM,7300
2024-12-17,ALPHA,AAPL,-4100
2024-12-17,ALPHA,KO,7000
2024-12-17,ALPHA,MSFT,-1700
2024-12-17,ALPHA,NVDA,16000
2024-12-17,ALPHA,SAP.DE,14600
2024-12-17,DELTA,AAPL,-9800
2024-12-17,DELTA,GS,100
2024-12-17,DELTA,JPM,800
2024-12-17,DELTA,SHEL.L,14800
2024-12-17,DELTA,XOM,-14400
2024-12-17,MACRO,NVDA,20300
2024-12-17,MACRO,PG,2000
2024-12-17,MACRO,SAP.DE,13700
2024-12-17,MACRO,XOM,7300
2024-12-18,ALPHA,AAPL,-4100
2024-12-18,ALPHA,KO,7000
2024-12-18,ALPHA,MSFT,-1700
2024-12-18,ALPHA,NVDA,16000
2024-12-18,ALPHA,SAP.DE,14600
2024-12-18,DELTA,AAPL,-9800
2024-12-18,DELTA,GS,100
2024-12-18,DELTA,JPM,800
2024-12-18,DELTA,SHEL.L,14800
2024-12-18,DELTA,XOM,-14400
2024-12-18,MACRO,NVDA,20300
2024-12-18,MACRO,PG,2000
2024-12-18,MACRO,SAP.DE,13700
2024-12-18,MACRO,XOM,7300
2024-12-19,ALPHA,AAPL,-4100
2024-12-19,ALPHA,KO,7000
2024-12-19,ALPHA,MSFT,-1700
2024-12-19,ALPHA,NVDA,16000
2024-12-19,ALPHA,SAP.DE,14600
2024-12-19,DELTA,AAPL,-9800
2024-12-19,DELTA,GS,100
2024-12-19,DELTA,JPM,800
2024-12-19,DELTA,SHEL.L,14800
2024-12-19,DELTA,XOM,-14400
2024-12-19,MACRO,NVDA,20300
2024-12-19,MACRO,PG,2000
2024-12-19,MACRO,SAP.DE,13700
2024-12-19,MACRO,XOM,7300
2024-12-20,ALPHA,AAPL,-4100
2024-12-20,ALPHA,KO,7000
2024-12-20,ALPHA,MSFT,-1700
2024-12-20,ALPHA,NVDA,16000
2024-12-20,ALPHA,SAP.DE,14600
2024-12-20,DELTA,AAPL,-9800
2024-12-20,DELTA,GS,100
2024-12-20,DELTA,JPM,800
2024-12-20,DELTA,SHEL.L,14800
2024-12-20,DELTA,XOM,-14400
2024-12-20,MACRO,NVDA,20300
2024-12-20,MACRO,PG,2000
2024-12-20,MACRO,SAP.DE,13700
2024-12-20,MACRO,XOM,7300
2024-12-23,ALPHA,AAPL,-4100
2024-12-23,ALPHA,KO,7000
2024-12-23,ALPHA,MSFT,-1700
2024-12-23,ALPHA,NVDA,16000
2024-12-23,ALPHA,SAP.DE,14600
2024-12-23,DELTA,AAPL,-9800
2024-12-23,DELTA,GS,100
2024-12-23,DELTA,JPM,800
2024-12-23,DELTA,SHEL.L,14800
2024-12-23,DELTA,XOM,-14400
2024-12-23,MACRO,NVDA,20300
2024-12-23,MACRO,PG,2000
2024-12-23,MACRO,SAP.DE,13700
2024-12-23,MACRO,XOM,7300
2024-12-24,ALPHA,AAPL,-4100
2024-12-24,ALPHA,KO,7000
2024-12-24,ALPHA,MSFT,-1700
2024-12-24,ALPHA,NVDA,16000
2024-12-24,ALPHA,SAP.DE,14600
2024-12-24,DELTA,AAPL,-9800
2024-12-24,DELTA,GS,100
2024-12-24,DELTA,JPM,800
2024-12-24,DELTA,SHEL.L,14800
2024-12-24,DELTA,XOM,-14400
2024-12-24,MACRO,NVDA,20300
2024-12-24,MACRO,PG,2000
2024-12-24,MACRO,SAP.DE,13700
2024-12-24,MACRO,XOM,7300
2024-12-26,ALPHA,AAPL,-4100
2024-12-26,ALPHA,KO,7000
2024-12-26,ALPHA,MSFT,-1700
2024-12-26,ALPHA,NVDA,16000
2024-12-26,ALPHA,SAP.DE,14600
2024-12-26,DELTA,AAPL,-9800
2024-12-26,DELTA,GS,100
2024-12-26,DELTA,JPM,800
2024-12-26,DELTA,SHEL.L,14800
2024-12-26,DELTA,XOM,-14400
2024-12-26,MACRO,NVDA,20300
2024-12-26,MACRO,PG,2000
2024-12-26,MACRO,SAP.DE,13700
2024-12-26,MACRO,XOM,7300
2024-12-27,ALPHA,AAPL,-4100
2024-12-27,ALPHA,KO,7000
2024-12-27,ALPHA,MSFT,-1700
2024-12-27,ALPHA,NVDA,16000
2024-12-27,ALPHA,SAP.DE,14600
2024-12-27,DELTA,AAPL,-9800
2024-12-27,DELTA,GS,100
2024-12-27,DELTA,JPM,800
2024-12-27,DELTA,SHEL.L,14800
2024-12-27,DELTA,XOM,-14400
2024-12-27,MACRO,NVDA,20300
2024-12-27,MACRO,PG,2000
2024-12-27,MACRO,SAP.DE,13700
2024-12-27,MACRO,XOM,7300
2024-12-30,ALPHA,AAPL,-4100
2024-12-30,ALPHA,KO,7000
2024-12-30,ALPHA,MSFT,-1700
2024-12-30,ALPHA,NVDA,16000
2024-12-30,ALPHA,SAP.DE,14600
2024-12-30,DELTA,AAPL,-9800
2024-12-30,DELTA,GS,100
2024-12-30,DELTA,JPM,800
2024-12-30,DELTA,SHEL.L,14800
2024-12-30,DELTA,XOM,-14400
2024-12-30,MACRO,NVDA,20300
2024-12-30,MACRO,PG,2000
2024-12-30,MACRO,SAP.DE,13700
2024-12-30,MACRO,XOM,7300
2024-12-31,ALPHA,AAPL,-4100
2024-12-31,ALPHA,KO,7000
2024-12-31,ALPHA,MSFT,-1700
2024-12-31,ALPHA,NVDA,16000
2024-12-31,ALPHA,SAP.DE,14600
2024-12-31,DELTA,AAPL,-9800
2024-12-31,DELTA,GS,100
2024-12-31,DELTA,JPM,800
2024-12-31,DELTA,SHEL.L,14800
2024-12-31,DELTA,XOM,-14400
2024-12-31,MACRO,NVDA,20300
2024-12-31,MACRO,PG,2000
2024-12-31,MACRO,SAP.DE,13700
2024-12-31,MACRO,XOM,7300
