ticker,date,close,volume
AAPL,2023-01-03,128.0,65751386
AAPL,2023-01-04,130.882,88295965
AAPL,2023-01-05,130.5912,90500435
AAPL,2023-01-06,128.1087,55465034
AAPL,2023-01-09,125.7583,237740204
AAPL,2023-01-10,127.2456,71389590
AAPL,2023-01-11,126.1518,66696347
AAPL,2023-01-12,127.9069,53596699
AAPL,2023-01-13,128.2812,44699345
AAPL,2023-01-17,130.4352,61674393
AAPL,2023-01-18,131.6558,53038380
AAPL,2023-01-19,130.3002,61488823
AAPL,2023-01-20,132.5955,39277019
AAPL,2023-01-23,137.6532,65103614
AAPL,2023-01-24,136.1054,48784736
AAPL,2023-01-25,136.7988,42684688
AAPL,2023-01-26,134.6306,61625530
AAPL,2023-01-27,135.8585,50429826
AAPL,2023-01-30,133.6706,46184255
AAPL,2023-01-31,130.2617,59646302
AAPL,2023-02-01,129.3028,77259601
AAPL,2023-02-02,131.5146,75307845
AAPL,2023-02-03,132.8219,50031318
AAPL,2023-02-06,137.8426,49870806
AAPL,2023-02-07,139.3873,59990011
AAPL,2023-02-08,138.7662,38174423
AAPL,2023-02-09,138.0861,56581282
AAPL,2023-02-10,135.7284,56156495
AAPL,2023-02-13,136.9939,36199854
AAPL,2023-02-14,137.9735,52301919
AAPL,2023-02-15,136.8218,49470450
AAPL,2023-02-16,136.0999,46963351
AAPL,2023-02-17,143.3501,100593381
AAPL,2023-02-21,143.4428,52841434
AAPL,2023-02-22,138.5853,60467267
AAPL,2023-02-23,140.7502,66058712
AAPL,2023-02-24,142.7818,86354254
AAPL,2023-02-27,137.8474,52390683
AAPL,2023-02-28,135.6412,85118865
AAPL,2023-03-01,134.3442,70849376
AAPL,2023-03-02,137.4569,57496406
AAPL,2023-03-03,135.4807,70709426
AAPL,2023-03-06,136.224,53559608
AAPL,2023-03-07,137.9461,64976745
AAPL,2023-03-08,138.5485,61730855
AAPL,2023-03-09,134.9862,110805946
AAPL,2023-03-10,134.1836,42271066
AAPL,2023-03-13,134.2302,47596904
AAPL,2023-03-14,136.8769,47719857
AAPL,2023-03-15,138.7312,73256759
AAPL,2023-03-16,136.3816,51283351
AAPL,2023-03-17,134.5536,44365458
AAPL,2023-03-20,137.8457,61344989
AAPL,2023-03-21,142.4288,61378732
AAPL,2023-03-22,145.0654,46778347
AAPL,2023-03-23,146.3376,66007869
AAPL,2023-03-24,144.7153,31739652
AAPL,2023-03-27,144.339,47025031
AAPL,2023-03-28,143.1892,50795424
AAPL,2023-03-29,141.1565,62215823
AAPL,2023-03-30,134.6741,61185970
AAPL,2023-03-31,134.0934,82192533
AAPL,2023-04-03,133.6784,41571432
AAPL,2023-04-04,135.4375,53553718
AAPL,2023-04-05,136.7331,45101369
AAPL,2023-04-06,138.6544,72908886
AAPL,2023-04-10,137.4739,55770707
AAPL,2023-04-11,139.7235,260895120
AAPL,2023-04-12,138.5571,48553942
AAPL,2023-04-13,138.4899,72264090
AAPL,2023-04-14,140.3417,65567969
AAPL,2023-04-17,142.7089,54443906
AAPL,2023-04-18,140.461,64276390
AAPL,2023-04-19,137.4009,51178232
AAPL,2023-04-20,138.7744,45375701
AAPL,2023-04-21,136.1825,48362276
AAPL,2023-04-24,136.0252,43672235
AAPL,2023-04-25,131.69,106758682
AAPL,2023-04-26,131.2663,57730139
AAPL,2023-04-27,134.6541,76308872
AAPL,2023-04-28,135.2988,43829434
AAPL,2023-05-01,132.9879,69047804
AAPL,2023-05-02,136.1877,68588779
AAPL,2023-05-03,135.6959,44522994
AAPL,2023-05-04,138.6464,43440191
AAPL,2023-05-05,138.5,67364791
AAPL,2023-05-08,137.2709,52358612
AAPL,2023-05-09,136.0019,84436963
AAPL,2023-05-10,138.0237,49314001
AAPL,2023-05-11,138.2306,46359077
AAPL,2023-05-12,139.0386,66890162
AAPL,2023-05-15,135.391,62609728
AAPL,2023-05-16,137.4452,33182558
AAPL,2023-05-17,137.4993,57415506
AAPL,2023-05-18,138.056,62208869
AAPL,2023-05-19,137.3111,48966528
AAPL,2023-05-22,138.3545,56571458
AAPL,2023-05-23,138.964,51218427
AAPL,2023-05-24,138.8308,61372772
AAPL,2023-05-25,139.4129,42331420
AAPL,2023-05-26,139.574,29635248
AAPL,2023-05-30,139.4625,39041570
AAPL,2023-05-31,139.6988,59510800
AAPL,2023-06-01,140.2055,36787241
AAPL,2023-06-02,139.6856,41511198
AAPL,2023-06-05,136.517,70974292
AAPL,2023-06-06,142.4157,49193656
AAPL,2023-06-07,143.3082,80107915
AAPL,2023-06-08,143.7582,52081563
AAPL,2023-06-09,141.0853,51338675
AAPL,2023-06-12,140.1181,26063505
AAPL,2023-06-13,141.4261,58559206
AAPL,2023-06-14,139.446,47600505
AAPL,2023-06-15,139.2405,76450023
AAPL,2023-06-16,136.1285,29412830
AAPL,2023-06-20,135.0199,36863973
AAPL,2023-06-21,134.9291,50935881
AAPL,2023-06-22,133.553,67356017
AAPL,2023-06-23,134.818,38694789
AAPL,2023-06-26,135.0752,55475648
AAPL,2023-06-27,140.2354,50373606
AAPL,2023-06-28,132.015,46994918
AAPL,2023-06-29,132.0783,44480337
AAPL,2023-06-30,132.8043,82402740
AAPL,2023-07-03,129.5882,59703890
AAPL,2023-07-05,129.1735,69311038
AAPL,2023-07-06,127.6607,45083521
AAPL,2023-07-07,127.6025,38443962
AAPL,2023-07-10,128.8022,32625491
AAPL,2023-07-11,130.3507,39963522
AAPL,2023-07-12,125.2253,285131428
AAPL,2023-07-13,124.2159,69136836
AAPL,2023-07-14,123.6819,28767253
AAPL,2023-07-17,121.8078,58186985
AAPL,2023-07-18,121.8584,81664169
AAPL,2023-07-19,123.054,74882031
AAPL,2023-07-20,124.3189,67494606
AAPL,2023-07-21,123.955,33267178
AAPL,2023-07-24,124.3539,62536040
AAPL,2023-07-25,123.4885,65256380
AAPL,2023-07-26,122.538,53812429
AAPL,2023-07-27,120.7305,49140185
AAPL,2023-07-28,127.068,53407259
AAPL,2023-07-31,128.0505,64288420
AAPL,2023-08-01,126.2049,45647077
AAPL,2023-08-02,126.3729,42641951
AAPL,2023-08-03,123.4982,91919051
AAPL,2023-08-04,119.2362,52276933
AAPL,2023-08-07,121.0849,34840116
AAPL,2023-08-08,122.4241,43083885
AAPL,2023-08-09,121.9676,49135402
AAPL,2023-08-10,123.463,57793028
AAPL,2023-08-11,124.9105,39184860
AAPL,2023-08-14,126.2289,43036267
AAPL,2023-08-15,128.32,51650772
AAPL,2023-08-16,129.4521,68892981
AAPL,2023-08-17,132.1705,47969621
AAPL,2023-08-18,132.8517,70418839
AAPL,2023-08-21,135.4739,45676157
AAPL,2023-08-22,137.1693,81542481
AAPL,2023-08-23,139.6319,64211649
AAPL,2023-08-24,140.8996,90770154
AAPL,2023-08-25,139.7924,36211260
AAPL,2023-08-28,139.921,55782372
AAPL,2023-08-29,143.5536,52421870
AAPL,2023-08-30,138.3446,93963940
AAPL,2023-08-31,141.8652,97675562
AAPL,2023-09-01,142.1746,58680787
AAPL,2023-09-05,143.0725,40827006
AAPL,2023-09-06,142.2254,54762795
AAPL,2023-09-07,141.2404,52211703
AAPL,2023-09-08,144.2594,53872127
AAPL,2023-09-11,147.2019,50725960
AAPL,2023-09-12,149.7776,82039349
AAPL,2023-09-13,148.1125,63187658
AAPL,2023-09-14,149.2034,64390317
AAPL,2023-09-15,145.9376,44744480
AAPL,2023-09-18,141.9672,55441118
AAPL,2023-09-19,143.3526,78721966
AAPL,2023-09-20,142.3725,67401097
AAPL,2023-09-21,149.5784,60262709
AAPL,2023-09-22,148.8789,59945291
AAPL,2023-09-25,145.4003,44073491
AAPL,2023-09-26,142.662,66994868
AAPL,2023-09-27,148.6682,65934590
AAPL,2023-09-28,154.4667,75480871
AAPL,2023-09-29,154.3002,74856316
AAPL,2023-10-02,156.7936,39591272
AAPL,2023-10-03,155.1313,43439754
AAPL,2023-10-04,159.0687,47704579
AAPL,2023-10-05,155.0026,71534269
AAPL,2023-10-06,155.1935,50720363
AAPL,2023-10-09,155.8406,44568136
AAPL,2023-10-10,162.3051,168233097
AAPL,2023-10-11,167.8255,62789936
AAPL,2023-10-12,168.1183,51838512
AAPL,2023-10-13,167.4554,47648057
AAPL,2023-10-16,171.8536,62816566
AAPL,2023-10-17,170.2598,62685255
AAPL,2023-10-18,170.4313,48935681
AAPL,2023-10-19,180.1879,70320513
AAPL,2023-10-20,180.7783,57858155
AAPL,2023-10-23,177.7518,54697359
AAPL,2023-10-24,174.6469,61740815
AAPL,2023-10-25,190.2865,70791797
AAPL,2023-10-26,193.451,63854636
AAPL,2023-10-27,201.1501,64431194
AAPL,2023-10-30,204.2441,61850673
AAPL,2023-10-31,207.0157,78173741
AAPL,2023-11-01,206.2031,69644065
AAPL,2023-11-02,202.5925,51472825
AAPL,2023-11-03,192.4911,68708620
AAPL,2023-11-06,196.9197,56402870
AAPL,2023-11-07,201.7217,47976777
AAPL,2023-11-08,195.5058,70242232
AAPL,2023-11-09,197.2577,93761691
AAPL,2023-11-10,210.8441,44093889
AAPL,2023-11-13,204.002,43386022
AAPL,2023-11-14,207.8932,48516020
AAPL,2023-11-15,210.1132,80819329
AAPL,2023-11-16,205.4052,55361013
AAPL,2023-11-17,203.6532,42637819
AAPL,2023-11-20,201.0626,39927153
AAPL,2023-11-21,196.8722,42856788
AAPL,2023-11-22,194.3463,51224339
AAPL,2023-11-24,188.1473,86356610
AAPL,2023-11-27,190.1724,75216146
AAPL,2023-11-28,189.6976,56815106
AAPL,2023-11-29,185.0203,67716898
AAPL,2023-11-30,188.0732,100983131
AAPL,2023-12-01,184.5706,53308510
AAPL,2023-12-04,186.7097,55013286
AAPL,2023-12-05,186.8515,26267121
AAPL,2023-12-06,188.048,57805308
AAPL,2023-12-07,189.5168,64120810
AAPL,2023-12-08,192.076,41804073
AAPL,2023-12-11,198.6446,50840789
AAPL,2023-12-12,198.1605,42105893
AAPL,2023-12-13,198.2634,53019648
AAPL,2023-12-14,196.5758,67059229
AAPL,2023-12-15,198.2241,34693976
AAPL,2023-12-18,202.1533,40879591
AAPL,2023-12-19,202.2434,37613899
AAPL,2023-12-20,204.2843,55098441
AAPL,2023-12-21,200.0306,47793623
AAPL,2023-12-22,198.824,44314345
AAPL,2023-12-26,194.788,70223214
AAPL,2023-12-27,194.6569,36084561
AAPL,2023-12-28,189.3481,68729554
AAPL,2023-12-29,186.1947,75077731
AAPL,2024-01-02,187.5535,75219676
AAPL,2024-01-03,189.5019,41682784
AAPL,2024-01-04,190.4804,47232885
AAPL,2024-01-05,188.6861,41961128
AAPL,2024-01-08,190.7356,46524236
AAPL,2024-01-09,191.5102,43373573
AAPL,2024-01-10,187.0678,171462669
AAPL,2024-01-11,185.4833,54103836
AAPL,2024-01-12,189.5502,65420819
AAPL,2024-01-16,190.0701,48517358
AAPL,2024-01-17,190.5146,34244244
AAPL,2024-01-18,190.9714,37765735
AAPL,2024-01-19,192.2016,41291155
AAPL,2024-01-22,188.8869,61095194
AAPL,2024-01-23,187.5819,58267466
AAPL,2024-01-24,187.7272,64188943
AAPL,2024-01-25,189.3538,43144156
AAPL,2024-01-26,190.5014,83572613
AAPL,2024-01-29,196.9958,48903892
AAPL,2024-01-30,198.8007,79292612
AAPL,2024-01-31,196.1067,80563393
AAPL,2024-02-01,192.8349,66784354
AAPL,2024-02-02,189.9864,52528841
AAPL,2024-02-05,190.2704,43172493
AAPL,2024-02-06,187.9429,61818938
AAPL,2024-02-07,187.2504,46632461
AAPL,2024-02-08,190.6201,38382846
AAPL,2024-02-09,198.4872,79153858
AAPL,2024-02-12,198.8497,33239040
AAPL,2024-02-13,203.4804,55965700
AAPL,2024-02-14,205.7361,88646495
AAPL,2024-02-15,202.2884,57535941
AAPL,2024-02-16,207.0895,48862426
AAPL,2024-02-20,203.3458,39824533
AAPL,2024-02-21,200.8905,35796569
AAPL,2024-02-22,201.286,59336625
AAPL,2024-02-23,202.1899,58179963
AAPL,2024-02-26,200.2839,46970769
AAPL,2024-02-27,197.038,52208657
AAPL,2024-02-28,197.6807,59658692
AAPL,2024-02-29,196.887,60747985
AAPL,2024-03-01,190.107,45950099
AAPL,2024-03-04,190.5966,31021964
AAPL,2024-03-05,185.7408,71850921
AAPL,2024-03-06,187.6727,92196288
AAPL,2024-03-07,189.1216,43528769
AAPL,2024-03-08,188.9931,38586116
AAPL,2024-03-11,186.5163,47776304
AAPL,2024-03-12,190.4491,54946345
AAPL,2024-03-13,189.6931,46322085
AAPL,2024-03-14,187.6313,46159509
AAPL,2024-03-15,189.328,54802868
AAPL,2024-03-18,188.016,44451130
AAPL,2024-03-19,192.2908,66309810
AAPL,2024-03-20,194.5009,89320943
AAPL,2024-03-21,197.5693,61410365
AAPL,2024-03-22,197.2326,57573596
AAPL,2024-03-25,197.0778,29937052
AAPL,2024-03-26,197.5632,68002099
AAPL,2024-03-27,193.5646,84372691
AAPL,2024-03-28,194.7463,51452507
AAPL,2024-04-01,200.0072,70991258
AAPL,2024-04-02,200.2588,52785746
AAPL,2024-04-03,200.4544,46063602
AAPL,2024-04-04,199.1137,45659944
AAPL,2024-04-05,201.4481,23407787
AAPL,2024-04-08,203.6227,48850865
AAPL,2024-04-09,205.0083,79307435
AAPL,2024-04-10,206.3566,45774190
AAPL,2024-04-11,203.8336,111833045
AAPL,2024-04-12,202.5899,37635906
AAPL,2024-04-15,204.6511,81871237
AAPL,2024-04-16,206.9373,48931141
AAPL,2024-04-17,210.264,61240569
AAPL,2024-04-18,210.695,48774824
AAPL,2024-04-19,211.1198,78471285
AAPL,2024-04-22,212.2488,51398441
AAPL,2024-04-23,211.6277,58226732
AAPL,2024-04-24,206.3003,89707435
AAPL,2024-04-25,203.4212,50739678
AAPL,2024-04-26,200.7853,59647977
AAPL,2024-04-29,204.6608,126696931
AAPL,2024-04-30,208.3967,86675380
AAPL,2024-05-01,209.5621,72897712
AAPL,2024-05-02,210.5448,60715814
AAPL,2024-05-03,218.0171,49085928
AAPL,2024-05-06,217.7394,48206781
AAPL,2024-05-07,222.2782,74544796
AAPL,2024-05-08,215.4755,65581079
AAPL,2024-05-09,218.8726,73808794
AAPL,2024-05-10,217.9232,28136845
AAPL,2024-05-13,221.8997,39694475
AAPL,2024-05-14,218.0547,56511584
AAPL,2024-05-15,221.4998,60075985
AAPL,2024-05-16,219.5111,73488766
AAPL,2024-05-17,224.1804,77315710
AAPL,2024-05-20,226.0932,38556010
AAPL,2024-05-21,230.2112,58740129
AAPL,2024-05-22,225.1088,83442154
AAPL,2024-05-23,225.5185,34014402
AAPL,2024-05-24,224.1399,49094654
AAPL,2024-05-28,230.2022,57039688
AAPL,2024-05-29,233.0129,74104561
AAPL,2024-05-30,240.8123,66664585
AAPL,2024-05-31,247.2518,67395718
AAPL,2024-06-03,264.7558,117967316
AAPL,2024-06-04,263.9087,69799043
AAPL,2024-06-05,273.9053,41391669
AAPL,2024-06-06,270.3111,36325095
AAPL,2024-06-07,273.3813,40984533
AAPL,2024-06-10,259.8525,55224905
AAPL,2024-06-11,257.4728,71636167
AAPL,2024-06-12,252.0348,70605351
AAPL,2024-06-13,281.9422,91331606
AAPL,2024-06-14,288.0,47059952
AAPL,2024-06-17,304.4117,52100074
AAPL,2024-06-18,301.1681,46592627
AAPL,2024-06-20,305.0172,97424976
AAPL,2024-06-21,311.7328,44937650
AAPL,2024-06-24,310.7045,37084318
AAPL,2024-06-25,319.3522,48439242
AAPL,2024-06-26,309.2561,62317263
AAPL,2024-06-27,320.2588,42909744
AAPL,2024-06-28,314.3967,56077594
AAPL,2024-07-01,335.2083,87911327
AAPL,2024-07-02,315.8445,52596517
AAPL,2024-07-03,303.6144,52460916
AAPL,2024-07-05,298.3809,52977186
AAPL,2024-07-08,312.2039,62980237
AAPL,2024-07-09,295.3587,38940990
AAPL,2024-07-10,294.4538,44092609
AAPL,2024-07-11,297.4895,46428083
AAPL,2024-07-12,301.8745,166522174
AAPL,2024-07-15,322.0371,55054826
AAPL,2024-07-16,328.1576,78524771
AAPL,2024-07-17,341.8645,60574531
AAPL,2024-07-18,341.7665,57747217
AAPL,2024-07-19,329.8747,43836015
AAPL,2024-07-22,324.2857,49887819
AAPL,2024-07-23,320.0344,60520098
AAPL,2024-07-24,320.3964,52482034
AAPL,2024-07-25,319.8559,49174310
AAPL,2024-07-26,328.2617,70528374
AAPL,2024-07-29,330.3808,28709240
AAPL,2024-07-30,333.594,75753361
AAPL,2024-07-31,337.5154,83965767
AAPL,2024-08-01,333.2187,57919184
AAPL,2024-08-02,344.6865,49034864
AAPL,2024-08-05,347.4746,36251222
AAPL,2024-08-06,344.926,39519906
AAPL,2024-08-07,345.2217,62492570
AAPL,2024-08-08,357.5533,78864163
AAPL,2024-08-09,349.5056,49947236
AAPL,2024-08-12,352.5901,48942877
AAPL,2024-08-13,361.7676,46044638
AAPL,2024-08-14,365.4237,79775803
AAPL,2024-08-15,355.2842,91592420
AAPL,2024-08-16,355.9928,59747443
AAPL,2024-08-19,359.5294,41722745
AAPL,2024-08-20,370.9914,90325003
AAPL,2024-08-21,365.4587,52280015
AAPL,2024-08-22,370.9827,52527487
AAPL,2024-08-23,360.9828,55745294
AAPL,2024-08-26,360.65,65068992
AAPL,2024-08-27,365.2167,77788862
AAPL,2024-08-28,368.8421,70194757
AAPL,2024-08-29,365.6177,64980691
AAPL,2024-08-30,359.6675,83943107
AAPL,2024-09-03,354.9063,54204839
AAPL,2024-09-04,365.8684,62706802
AAPL,2024-09-05,354.3224,41174764
AAPL,2024-09-06,344.6958,55830882
AAPL,2024-09-09,327.7732,31985164
AAPL,2024-09-10,341.4972,48582447
AAPL,2024-09-11,336.2861,58922161
AAPL,2024-09-12,341.7905,60748723
AAPL,2024-09-13,339.3848,96260812
AAPL,2024-09-16,331.585,79181303
AAPL,2024-09-17,341.4628,53633134
AAPL,2024-09-18,348.5552,70873271
AAPL,2024-09-19,354.3293,52430189
AAPL,2024-09-20,358.7645,27073685
AAPL,2024-09-23,357.6207,53394182
AAPL,2024-09-24,364.8699,51543024
AAPL,2024-09-25,371.1285,49415094
AAPL,2024-09-26,372.1287,72762988
AAPL,2024-09-27,382.837,57063017
AAPL,2024-09-30,375.1607,47362963
AAPL,2024-10-01,378.0708,69941582
AAPL,2024-10-02,370.661,95284572
AAPL,2024-10-03,371.8539,42339126
AAPL,2024-10-04,368.6296,38381750
AAPL,2024-10-07,369.4193,51516742
AAPL,2024-10-08,365.9432,41052232
AAPL,2024-10-09,366.0247,75171829
AAPL,2024-10-10,370.8916,274414516
AAPL,2024-10-11,372.8534,49102560
AAPL,2024-10-14,372.7053,40521319
AAPL,2024-10-15,377.8722,64505114
AAPL,2024-10-16,380.592,65490977
AAPL,2024-10-17,379.0138,72725757
AAPL,2024-10-18,373.4514,48004972
AAPL,2024-10-21,370.5467,27522136
AAPL,2024-10-22,380.6121,89069303
AAPL,2024-10-23,363.9908,43848003
AAPL,2024-10-24,363.6254,55227803
AAPL,2024-10-25,366.6094,78415540
AAPL,2024-10-28,370.5934,51399133
AAPL,2024-10-29,360.4438,46005238
AAPL,2024-10-30,356.376,121382355
AAPL,2024-10-31,355.5308,74150675
AAPL,2024-11-01,352.4747,47817411
AAPL,2024-11-04,353.6869,50474486
AAPL,2024-11-05,356.0501,58818371
AAPL,2024-11-06,352.5497,63537507
AAPL,2024-11-07,360.584,71807846
AAPL,2024-11-08,354.51,63577681
AAPL,2024-11-11,355.3958,34065476
AAPL,2024-11-12,349.6074,69454662
AAPL,2024-11-13,354.9665,78340717
AAPL,2024-11-14,358.1708,29477530
AAPL,2024-11-15,355.977,52994191
AAPL,2024-11-18,364.791,40054252
AAPL,2024-11-19,377.9336,36608970
AAPL,2024-11-20,376.3353,37660875
AAPL,2024-11-21,370.8764,67918014
AAPL,2024-11-22,364.6727,54433017
AAPL,2024-11-25,362.1654,39357403
AAPL,2024-11-26,374.8604,94177433
AAPL,2024-11-27,371.1205,75979162
AAPL,2024-11-29,374.2457,52131301
AAPL,2024-12-02,379.9217,52219082
AAPL,2024-12-03,379.144,55933625
AAPL,2024-12-04,389.8379,46529800
AAPL,2024-12-05,393.5347,51884680
AAPL,2024-12-06,395.0386,43762770
AAPL,2024-12-09,394.8174,76517324
AAPL,2024-12-10,393.9618,51091430
AAPL,2024-12-11,405.8684,64844103
AAPL,2024-12-12,407.4513,35908241
AAPL,2024-12-13,400.2719,37970499
AAPL,2024-12-16,398.6683,38354962
AAPL,2024-12-17,401.6215,60557378
AAPL,2024-12-18,402.7301,64533230
AAPL,2024-12-19,399.3668,52710830
AAPL,2024-12-20,397.1067,42452741
AAPL,2024-12-23,396.8762,45786816
AAPL,2024-12-24,397.88,29699650
AAPL,2024-12-26,394.7019,40294690
AAPL,2024-12-27,388.1325,40548526
AAPL,2024-12-30,389.3763,45456547
AAPL,2024-12-31,403.3772,100790793
GS,2023-01-03,343.0,2029047
GS,2023-01-04,341.1083,1783437
GS,2023-01-05,343.7799,2421218
GS,2023-01-06,348.982,2126215
GS,2023-01-09,355.3154,5721589
GS,2023-01-10,362.121,4196611
GS,2023-01-11,374.841,4040394
GS,2023-01-12,368.0026,2564515
GS,2023-01-13,357.5121,1770109
GS,2023-01-17,362.24,2735133
GS,2023-01-18,358.1655,2071388
GS,2023-01-19,354.8356,1520781
GS,2023-01-20,356.9981,2177763
GS,2023-01-23,358.4378,1948053
GS,2023-01-24,356.7929,2339857
GS,2023-01-25,361.634,2338184
GS,2023-01-26,372.689,2493824
GS,2023-01-27,369.0979,2742893
GS,2023-01-30,352.2097,2664224
GS,2023-01-31,347.004,2609513
GS,2023-02-01,333.2911,3776365
GS,2023-02-02,327.7484,1953717
GS,2023-02-03,317.2541,2484666
GS,2023-02-06,322.8179,1769335
GS,2023-02-07,327.1993,2158849
GS,2023-02-08,326.7132,2807062
GS,2023-02-09,321.0893,2977153
GS,2023-02-10,327.057,1453302
GS,2023-02-13,332.0626,1768225
GS,2023-02-14,336.7021,2730205
GS,2023-02-15,333.4881,1993178
GS,2023-02-16,317.574,4072677
GS,2023-02-17,314.6241,2215809
GS,2023-02-21,314.2201,1369428
GS,2023-02-22,318.3628,2694873
GS,2023-02-23,324.4075,2348388
GS,2023-02-24,330.0459,1714617
GS,2023-02-27,336.3454,1909918
GS,2023-02-28,336.5335,2344006
GS,2023-03-01,333.7734,2203194
GS,2023-03-02,341.694,2730582
GS,2023-03-03,348.2544,1358446
GS,2023-03-06,354.6557,3058447
GS,2023-03-07,366.6447,3092695
GS,2023-03-08,360.6892,2241616
GS,2023-03-09,346.9464,2811537
GS,2023-03-10,339.4978,2748752
GS,2023-03-13,344.8755,1494047
GS,2023-03-14,337.5672,2246975
GS,2023-03-15,340.6823,1748427
GS,2023-03-16,340.3565,1524306
GS,2023-03-17,337.005,1771621
GS,2023-03-20,332.6465,1202021
GS,2023-03-21,339.7963,1948397
GS,2023-03-22,346.1365,2182401
GS,2023-03-23,339.1518,1952400
GS,2023-03-24,335.0077,3030255
GS,2023-03-27,329.9457,2353281
GS,2023-03-28,334.616,1752423
GS,2023-03-29,333.3712,2062238
GS,2023-03-30,324.2638,2212033
GS,2023-03-31,328.4374,2249223
GS,2023-04-03,348.0086,2941610
GS,2023-04-04,353.3011,2379592
GS,2023-04-05,365.0422,1813831
GS,2023-04-06,378.4394,2134259
GS,2023-04-10,385.906,2906861
GS,2023-04-11,379.438,8961970
GS,2023-04-12,379.5045,2391544
GS,2023-04-13,377.9617,1655879
GS,2023-04-14,377.2926,2050927
GS,2023-04-17,376.4645,1388635
GS,2023-04-18,370.5449,2529391
GS,2023-04-19,376.4189,2406550
GS,2023-04-20,375.5826,1837114
GS,2023-04-21,382.349,2445464
GS,2023-04-24,390.5542,2077387
GS,2023-04-25,391.8801,3103361
GS,2023-04-26,395.2329,2611218
GS,2023-04-27,403.7828,2334820
GS,2023-04-28,405.475,1629334
GS,2023-05-01,402.6675,2117134
GS,2023-05-02,409.6707,1713169
GS,2023-05-03,408.543,3074845
GS,2023-05-04,405.3204,2461165
GS,2023-05-05,392.2566,2122442
GS,2023-05-08,384.624,2033976
GS,2023-05-09,384.2559,2527290
GS,2023-05-10,378.1683,2414771
GS,2023-05-11,376.0522,2877980
GS,2023-05-12,374.6568,1640772
GS,2023-05-15,380.8299,2838727
GS,2023-05-16,370.6003,2195373
GS,2023-05-17,372.1177,2224952
GS,2023-05-18,366.7147,2590438
GS,2023-05-19,368.4368,1734947
GS,2023-05-22,382.7592,1870728
GS,2023-05-23,397.8103,2405151
GS,2023-05-24,388.8951,2156199
GS,2023-05-25,387.4466,2611359
GS,2023-05-26,398.328,2452478
GS,2023-05-30,396.7247,2689589
GS,2023-05-31,398.7322,2463461
GS,2023-06-01,402.9326,3354481
GS,2023-06-02,414.8392,2550571
GS,2023-06-05,420.7614,1993953
GS,2023-06-06,430.9472,1963460
GS,2023-06-07,444.3188,4194319
GS,2023-06-08,444.8338,2086131
GS,2023-06-09,455.2023,1764345
GS,2023-06-12,460.422,2917927
GS,2023-06-13,459.2531,3242236
GS,2023-06-14,461.6454,1785679
GS,2023-06-15,455.5555,2413681
GS,2023-06-16,437.1856,1452398
GS,2023-06-20,435.8376,2155849
GS,2023-06-21,435.8032,2298373
GS,2023-06-22,442.8765,2633497
GS,2023-06-23,450.3935,1887194
GS,2023-06-26,460.5923,1798816
GS,2023-06-27,472.9423,1949910
GS,2023-06-28,460.0789,2711945
GS,2023-06-29,447.0428,1385019
GS,2023-06-30,440.4461,2005820
GS,2023-07-03,419.2099,1658710
GS,2023-07-05,408.3406,1809810
GS,2023-07-06,420.1175,2020938
GS,2023-07-07,421.8344,2809026
GS,2023-07-10,427.1878,2640725
GS,2023-07-11,415.3665,2556199
GS,2023-07-12,397.6238,9454174
GS,2023-07-13,389.4224,2034918
GS,2023-07-14,396.7897,1565957
GS,2023-07-17,386.6759,1775395
GS,2023-07-18,370.0953,2275113
GS,2023-07-19,366.9366,2120994
GS,2023-07-20,376.0228,2294735
GS,2023-07-21,378.5934,2301694
GS,2023-07-24,375.931,1475085
GS,2023-07-25,380.2276,1450364
GS,2023-07-26,363.4398,2254048
GS,2023-07-27,359.1109,2144946
GS,2023-07-28,361.0231,2075798
GS,2023-07-31,352.8286,4255853
GS,2023-08-01,355.374,2780181
GS,2023-08-02,358.5246,2124639
GS,2023-08-03,359.08,1973627
GS,2023-08-04,356.2829,1646663
GS,2023-08-07,358.076,1777874
GS,2023-08-08,363.5777,3186888
GS,2023-08-09,381.4483,2733297
GS,2023-08-10,390.7598,2472659
GS,2023-08-11,387.0062,4913023
GS,2023-08-14,383.1549,1957135
GS,2023-08-15,388.7953,2110463
GS,2023-08-16,381.6135,1519756
GS,2023-08-17,374.69,2409071
GS,2023-08-18,369.3058,1648952
GS,2023-08-21,375.2816,1596134
GS,2023-08-22,380.9027,1691029
GS,2023-08-23,389.3746,2505686
GS,2023-08-24,378.6084,3025015
GS,2023-08-25,374.5895,1391238
GS,2023-08-28,384.3396,1974660
GS,2023-08-29,396.9063,2308071
GS,2023-08-30,406.3364,2536962
GS,2023-08-31,401.659,3025748
GS,2023-09-01,399.6531,1439057
GS,2023-09-05,405.8644,2390855
GS,2023-09-06,415.3075,2106309
GS,2023-09-07,409.0804,2681150
GS,2023-09-08,406.5633,1796789
GS,2023-09-11,401.6272,1759534
GS,2023-09-12,408.1808,1298402
GS,2023-09-13,411.3908,1800727
GS,2023-09-14,415.624,1898463
GS,2023-09-15,408.6882,1618417
GS,2023-09-18,405.8497,3072666
GS,2023-09-19,419.74,3439480
GS,2023-09-20,429.7865,2568525
GS,2023-09-21,456.619,2573544
GS,2023-09-22,455.3449,1261704
GS,2023-09-25,435.1975,2234510
GS,2023-09-26,434.3513,1816993
GS,2023-09-27,455.4356,1717993
GS,2023-09-28,439.8241,2801565
GS,2023-09-29,442.6748,2909181
GS,2023-10-02,417.9688,2563787
GS,2023-10-03,399.9672,2192314
GS,2023-10-04,392.9007,2578168
GS,2023-10-05,357.6426,4641689
GS,2023-10-06,363.1011,1270534
GS,2023-10-09,368.9778,1219279
GS,2023-10-10,365.4016,10118342
GS,2023-10-11,352.466,2251150
GS,2023-10-12,341.536,2937971
GS,2023-10-13,349.8508,2227695
GS,2023-10-16,333.6449,1803337
GS,2023-10-17,336.7176,1152837
GS,2023-10-18,352.4297,2332515
GS,2023-10-19,360.2502,2094516
GS,2023-10-20,353.3806,1936292
GS,2023-10-23,372.2621,2388730
GS,2023-10-24,357.575,2308108
GS,2023-10-25,360.7662,1742560
GS,2023-10-26,353.6313,2980024
GS,2023-10-27,355.9801,2642403
GS,2023-10-30,358.4157,3169967
GS,2023-10-31,371.5221,2770796
GS,2023-11-01,370.1712,1465189
GS,2023-11-02,384.4276,1994079
GS,2023-11-03,363.2219,2133136
GS,2023-11-06,341.0195,2557672
GS,2023-11-07,345.9022,4489268
GS,2023-11-08,346.4494,2883504
GS,2023-11-09,350.2291,1182575
GS,2023-11-10,366.4407,1605789
GS,2023-11-13,358.4585,2956085
GS,2023-11-14,350.2836,1909199
GS,2023-11-15,349.5393,1754460
GS,2023-11-16,347.2297,2163934
GS,2023-11-17,357.7213,2713509
GS,2023-11-20,363.8247,1990898
GS,2023-11-21,361.9312,3162828
GS,2023-11-22,378.1996,3017513
GS,2023-11-24,379.8809,1571380
GS,2023-11-27,382.0863,1613959
GS,2023-11-28,381.8816,1864973
GS,2023-11-29,388.7126,1925561
GS,2023-11-30,386.5976,3935103
GS,2023-12-01,372.983,1383025
GS,2023-12-04,365.8277,1984296
GS,2023-12-05,371.6764,3246681
GS,2023-12-06,382.252,3435465
GS,2023-12-07,396.3693,2397605
GS,2023-12-08,387.8131,1616566
GS,2023-12-11,387.9826,1243975
GS,2023-12-12,393.9179,2692854
GS,2023-12-13,388.168,2527786
GS,2023-12-14,393.7933,2440945
GS,2023-12-15,393.0459,1239725
GS,2023-12-18,389.9333,1434204
GS,2023-12-19,395.3999,2608211
GS,2023-12-20,397.4288,2018109
GS,2023-12-21,402.9311,2961395
GS,2023-12-22,402.5424,1162610
GS,2023-12-26,396.3612,1569328
GS,2023-12-27,401.111,2229039
GS,2023-12-28,390.7093,2279097
GS,2023-12-29,388.6686,3434884
GS,2024-01-02,379.477,2484555
GS,2024-01-03,385.0727,2132120
GS,2024-01-04,383.5448,2444191
GS,2024-01-05,384.0412,2384321
GS,2024-01-08,397.5357,2786807
GS,2024-01-09,399.1409,2159694
GS,2024-01-10,399.7658,6957610
GS,2024-01-11,397.6775,2322064
GS,2024-01-12,399.3805,1686507
GS,2024-01-16,391.9895,1665633
GS,2024-01-17,389.7998,3075820
GS,2024-01-18,387.6882,1826656
GS,2024-01-19,380.3582,1796470
GS,2024-01-22,375.5718,1499856
GS,2024-01-23,369.232,2471117
GS,2024-01-24,368.2002,1697051
GS,2024-01-25,371.6686,2128244
GS,2024-01-26,382.0641,2269566
GS,2024-01-29,390.2522,1919942
GS,2024-01-30,406.8836,2349242
GS,2024-01-31,418.8678,2695675
GS,2024-02-01,411.6895,2440550
GS,2024-02-02,408.8605,2098905
GS,2024-02-05,415.6212,1642136
GS,2024-02-06,432.2332,2259948
GS,2024-02-07,431.3262,2182262
GS,2024-02-08,427.6454,2686236
GS,2024-02-09,432.5515,1853457
GS,2024-02-12,427.7456,2460198
GS,2024-02-13,427.4154,1752093
GS,2024-02-14,428.6051,1618566
GS,2024-02-15,422.0149,2217776
GS,2024-02-16,425.5369,3162308
GS,2024-02-20,418.9177,1267783
GS,2024-02-21,408.5868,2217498
GS,2024-02-22,411.6016,1956629
GS,2024-02-23,428.6577,1948790
GS,2024-02-26,431.4726,1372457
GS,2024-02-27,427.0332,4252423
GS,2024-02-28,431.1551,1977661
GS,2024-02-29,425.5295,3331083
GS,2024-03-01,415.9787,2058994
GS,2024-03-04,401.024,2356222
GS,2024-03-05,407.8603,2886004
GS,2024-03-06,405.866,2104341
GS,2024-03-07,419.8886,2900855
GS,2024-03-08,416.5028,1469659
GS,2024-03-11,410.8217,1886478
GS,2024-03-12,406.9145,2638762
GS,2024-03-13,404.9632,2529918
GS,2024-03-14,398.1466,2557661
GS,2024-03-15,401.9489,1814225
GS,2024-03-18,408.736,1556435
GS,2024-03-19,410.3725,3732244
GS,2024-03-20,413.2364,2311485
GS,2024-03-21,400.4613,1992467
GS,2024-03-22,394.0761,1489530
GS,2024-03-25,390.703,2933065
GS,2024-03-26,393.4495,3063739
GS,2024-03-27,377.472,2414978
GS,2024-03-28,380.4698,3756430
GS,2024-04-01,376.4466,2104850
GS,2024-04-02,388.4032,3487293
GS,2024-04-03,381.7419,1264675
GS,2024-04-04,384.2738,2022851
GS,2024-04-05,393.9929,2003391
GS,2024-04-08,395.9497,2639711
GS,2024-04-09,402.1747,2575114
GS,2024-04-10,415.7753,2573089
GS,2024-04-11,420.8257,7743783
GS,2024-04-12,412.5104,2543201
GS,2024-04-15,410.6189,2191575
GS,2024-04-16,407.9343,2263261
GS,2024-04-17,402.463,1681359
GS,2024-04-18,397.2458,3113879
GS,2024-04-19,404.7372,2111946
GS,2024-04-22,390.5221,2627387
GS,2024-04-23,378.9482,2328547
GS,2024-04-24,374.5666,2348740
GS,2024-04-25,371.2797,1919690
GS,2024-04-26,373.3502,1713900
GS,2024-04-29,376.5802,1594784
GS,2024-04-30,380.3361,2118175
GS,2024-05-01,392.5674,2450588
GS,2024-05-02,384.3432,2363140
GS,2024-05-03,386.8225,2398048
GS,2024-05-06,394.5527,1998016
GS,2024-05-07,414.37,3833037
GS,2024-05-08,440.7348,3276295
GS,2024-05-09,448.7998,1734902
GS,2024-05-10,439.2551,1443982
GS,2024-05-13,432.1005,2155735
GS,2024-05-14,429.7608,2384301
GS,2024-05-15,410.4939,2045858
GS,2024-05-16,405.1699,2261060
GS,2024-05-17,402.1909,2538430
GS,2024-05-20,403.3764,1517311
GS,2024-05-21,396.2936,4063396
GS,2024-05-22,393.4884,2398260
GS,2024-05-23,401.2398,2562888
GS,2024-05-24,406.151,0
GS,2024-05-28,406.9453,3146245
GS,2024-05-29,405.4435,3120363
GS,2024-05-30,393.5661,2535001
GS,2024-05-31,390.6369,3274507
GS,2024-06-03,388.2698,1696471
GS,2024-06-04,407.7518,3004075
GS,2024-06-05,390.7296,2385238
GS,2024-06-06,391.315,1699600
GS,2024-06-07,398.5175,2231591
GS,2024-06-10,380.289,1924421
GS,2024-06-11,370.2559,2913407
GS,2024-06-12,370.7414,1959548
GS,2024-06-13,409.5793,3837062
GS,2024-06-14,365.9089,3815709
GS,2024-06-17,346.3941,1909838
GS,2024-06-18,347.7322,1696373
GS,2024-06-20,366.5347,4660102
GS,2024-06-21,391.9838,2065441
GS,2024-06-24,401.6071,1730888
GS,2024-06-25,415.8971,2233758
GS,2024-06-26,397.0126,2467197
GS,2024-06-27,370.8755,3265017
GS,2024-06-28,356.0227,2731068
GS,2024-07-01,388.7021,1960813
GS,2024-07-02,401.8644,2307779
GS,2024-07-03,380.192,2656529
GS,2024-07-05,390.9436,1663558
GS,2024-07-08,367.4539,3128189
GS,2024-07-09,350.9963,3163525
GS,2024-07-10,343.7905,2055118
GS,2024-07-11,340.7484,2456895
GS,2024-07-12,350.7326,7667933
GS,2024-07-15,387.2226,3596025
GS,2024-07-16,406.9441,3331821
GS,2024-07-17,421.4981,2818482
GS,2024-07-18,409.2232,2829552
GS,2024-07-19,397.2618,1538836
GS,2024-07-22,398.5049,2118483
GS,2024-07-23,402.2539,2825121
GS,2024-07-24,390.9744,1913929
GS,2024-07-25,410.418,2203193
GS,2024-07-26,420.2611,1691373
GS,2024-07-29,419.1455,1935872
GS,2024-07-30,417.2997,1789790
GS,2024-07-31,420.1922,2279613
GS,2024-08-01,415.229,2635672
GS,2024-08-02,419.36,1879152
GS,2024-08-05,415.2567,1356340
GS,2024-08-06,412.6087,2276504
GS,2024-08-07,424.1375,2239115
GS,2024-08-08,433.0687,1626990
GS,2024-08-09,432.9079,1536035
GS,2024-08-12,447.0644,2036554
GS,2024-08-13,455.6694,1671211
GS,2024-08-14,476.069,2288351
GS,2024-08-15,462.7364,3114077
GS,2024-08-16,465.132,2270089
GS,2024-08-19,474.8098,2559068
GS,2024-08-20,479.4784,1603240
GS,2024-08-21,474.4348,1952015
GS,2024-08-22,476.4574,2165940
GS,2024-08-23,462.0457,1952826
GS,2024-08-26,448.4893,1284227
GS,2024-08-27,455.7506,2099070
GS,2024-08-28,459.6909,2072271
GS,2024-08-29,463.0094,2019151
GS,2024-08-30,469.1026,3448793
GS,2024-09-03,486.4842,2389037
GS,2024-09-04,485.7206,2277650
GS,2024-09-05,483.0406,2742664
GS,2024-09-06,471.9144,2412144
GS,2024-09-09,471.3051,1552657
GS,2024-09-10,478.3917,3630387
GS,2024-09-11,473.6509,2480078
GS,2024-09-12,472.5214,2908360
GS,2024-09-13,488.0442,2746382
GS,2024-09-16,490.2954,1767983
GS,2024-09-17,494.7565,1812869
GS,2024-09-18,486.5366,1888611
GS,2024-09-19,490.25,2015825
GS,2024-09-20,495.2257,1870631
GS,2024-09-23,491.7971,2883450
GS,2024-09-24,490.7037,2212978
GS,2024-09-25,499.8796,2669088
GS,2024-09-26,493.2546,2239289
GS,2024-09-27,515.7465,1863643
GS,2024-09-30,515.8847,3650035
GS,2024-10-01,504.394,1247571
GS,2024-10-02,491.4044,3408571
GS,2024-10-03,479.6443,1887226
GS,2024-10-04,471.0322,2775785
GS,2024-10-07,490.4852,1531753
GS,2024-10-08,485.3264,2493490
GS,2024-10-09,468.6134,3532168
GS,2024-10-10,461.0256,8644450
GS,2024-10-11,464.5379,1740146
GS,2024-10-14,460.362,1799716
GS,2024-10-15,463.8555,1839245
GS,2024-10-16,460.3268,2244138
GS,2024-10-17,468.777,2107795
GS,2024-10-18,474.8836,2019594
GS,2024-10-21,468.3252,1644786
GS,2024-10-22,479.6433,1395740
GS,2024-10-23,472.7327,1583599
GS,2024-10-24,473.3567,1927412
GS,2024-10-25,477.1688,1956832
GS,2024-10-28,480.6215,1891153
GS,2024-10-29,476.1344,2101176
GS,2024-10-30,478.0204,2748474
GS,2024-10-31,491.7528,2911137
GS,2024-11-01,474.1339,2229930
GS,2024-11-04,474.924,1491556
GS,2024-11-05,453.4636,3121912
GS,2024-11-06,469.6492,2922090
GS,2024-11-07,482.0277,2155041
GS,2024-11-08,475.0702,3019457
GS,2024-11-11,479.2527,1572617
GS,2024-11-12,471.521,1820876
GS,2024-11-13,481.3504,2644928
GS,2024-11-14,477.3826,3377929
GS,2024-11-15,467.7984,2754888
GS,2024-11-18,466.2825,2962616
GS,2024-11-19,462.7428,2919985
GS,2024-11-20,462.2842,1849219
GS,2024-11-21,476.3418,3081030
GS,2024-11-22,472.1086,2096247
GS,2024-11-25,471.2257,2192275
GS,2024-11-26,484.0824,4066695
GS,2024-11-27,498.0855,2346994
GS,2024-11-29,499.5968,2297789
GS,2024-12-02,512.1264,2069487
GS,2024-12-03,528.6878,2248210
GS,2024-12-04,534.2072,1655519
GS,2024-12-05,512.708,1873866
GS,2024-12-06,491.1109,2166704
GS,2024-12-09,466.4317,2174465
GS,2024-12-10,450.384,1582661
GS,2024-12-11,444.7734,2495986
GS,2024-12-12,448.7001,3147722
GS,2024-12-13,468.1728,1824879
GS,2024-12-16,479.039,2392443
GS,2024-12-17,484.4925,2853534
GS,2024-12-18,490.8058,1653585
GS,2024-12-19,479.4216,2461427
GS,2024-12-20,496.676,2719537
GS,2024-12-23,503.5906,1004871
GS,2024-12-24,519.9659,2639913
GS,2024-12-26,544.9184,2042745
GS,2024-12-27,540.7778,1285178
GS,2024-12-30,541.3849,2092853
GS,2024-12-31,553.5298,3432240
JPM,2023-01-03,134.0,5933176
JPM,2023-01-04,133.0303,7147025
JPM,2023-01-05,133.4073,15744207
JPM,2023-01-06,133.2081,11530955
JPM,2023-01-09,133.0105,29154470
JPM,2023-01-10,131.6818,13183357
JPM,2023-01-11,136.6259,10857581
JPM,2023-01-12,136.6761,7425700
JPM,2023-01-13,133.7959,8378886
JPM,2023-01-17,139.9937,11144751
JPM,2023-01-18,137.4993,9322916
JPM,2023-01-19,138.5307,9521432
JPM,2023-01-20,142.5507,11910111
JPM,2023-01-23,141.5297,11549398
JPM,2023-01-24,142.5034,12939002
JPM,2023-01-25,146.0455,9070598
JPM,2023-01-26,145.9958,10316227
JPM,2023-01-27,144.4269,7809734
JPM,2023-01-30,142.2318,6518465
JPM,2023-01-31,139.1857,13068730
JPM,2023-02-01,139.171,9755590
JPM,2023-02-02,140.4144,9028441
JPM,2023-02-03,139.8622,13296733
JPM,2023-02-06,139.1329,12123401
JPM,2023-02-07,137.907,13642433
JPM,2023-02-08,138.1268,13720068
JPM,2023-02-09,135.4986,9633764
JPM,2023-02-10,137.5758,9590766
JPM,2023-02-13,134.2295,10888067
JPM,2023-02-14,132.6414,9081184
JPM,2023-02-15,131.5882,8297132
JPM,2023-02-16,129.4594,9235264
JPM,2023-02-17,136.0342,7632432
JPM,2023-02-21,132.4596,19855905
JPM,2023-02-22,129.0821,11162354
JPM,2023-02-23,127.2598,5605086
JPM,2023-02-24,127.6892,7866161
JPM,2023-02-27,124.3786,7154062
JPM,2023-02-28,124.7424,8830079
JPM,2023-03-01,122.7382,11411663
JPM,2023-03-02,128.7633,10020783
JPM,2023-03-03,132.0712,6124579
JPM,2023-03-06,131.8727,9083720
JPM,2023-03-07,131.1917,12923831
JPM,2023-03-08,133.1513,11953593
JPM,2023-03-09,133.689,16429410
JPM,2023-03-10,135.2526,8019859
JPM,2023-03-13,135.8868,8630920
JPM,2023-03-14,135.3315,9617736
JPM,2023-03-15,140.1515,10793156
JPM,2023-03-16,141.6688,8147491
JPM,2023-03-17,141.9506,5446078
JPM,2023-03-20,144.5313,8156345
JPM,2023-03-21,145.6338,8964255
JPM,2023-03-22,144.5512,10140801
JPM,2023-03-23,144.2343,10340077
JPM,2023-03-24,143.7733,6363945
JPM,2023-03-27,138.7153,6897579
JPM,2023-03-28,137.2912,7620650
JPM,2023-03-29,134.8382,7373252
JPM,2023-03-30,132.239,28985792
JPM,2023-03-31,132.1802,7849253
JPM,2023-04-03,132.3383,7658919
JPM,2023-04-04,128.7866,19198566
JPM,2023-04-05,130.6233,8309565
JPM,2023-04-06,131.5424,8920162
JPM,2023-04-10,133.1066,8438882
JPM,2023-04-11,131.5946,29615587
JPM,2023-04-12,129.7896,11970325
JPM,2023-04-13,130.2385,10299064
JPM,2023-04-14,128.0867,5992953
JPM,2023-04-17,128.1587,8110159
JPM,2023-04-18,130.0064,10785193
JPM,2023-04-19,129.7896,8237465
JPM,2023-04-20,129.2042,10629838
JPM,2023-04-21,128.3081,6921187
JPM,2023-04-24,129.671,9166006
JPM,2023-04-25,131.1209,7095719
JPM,2023-04-26,133.0555,10293907
JPM,2023-04-27,136.4558,12130091
JPM,2023-04-28,139.0075,15022008
JPM,2023-05-01,138.2267,10231411
JPM,2023-05-02,134.9219,9617833
JPM,2023-05-03,135.3162,11627773
JPM,2023-05-04,136.6041,6694081
JPM,2023-05-05,135.8989,5616862
JPM,2023-05-08,135.7795,8593712
JPM,2023-05-09,136.4412,11834668
JPM,2023-05-10,131.9527,13034908
JPM,2023-05-11,138.7023,10277006
JPM,2023-05-12,137.6571,6524805
JPM,2023-05-15,136.02,5879253
JPM,2023-05-16,132.6487,13541541
JPM,2023-05-17,134.9261,11646146
JPM,2023-05-18,137.3109,13632926
JPM,2023-05-19,135.4093,13355035
JPM,2023-05-22,137.3645,6879445
JPM,2023-05-23,138.8658,12363762
JPM,2023-05-24,139.4243,7465345
JPM,2023-05-25,137.1784,7258539
JPM,2023-05-26,136.4965,7525868
JPM,2023-05-30,138.4885,18003513
JPM,2023-05-31,141.359,12948726
JPM,2023-06-01,136.2446,11989975
JPM,2023-06-02,136.5341,10435558
JPM,2023-06-05,133.0727,9066914
JPM,2023-06-06,131.5955,11894642
JPM,2023-06-07,133.2263,11169718
JPM,2023-06-08,136.1238,9987987
JPM,2023-06-09,138.8194,8223771
JPM,2023-06-12,137.2422,9202242
JPM,2023-06-13,137.4144,8352634
JPM,2023-06-14,140.6796,13272062
JPM,2023-06-15,141.8662,15577522
JPM,2023-06-16,140.1345,11729573
JPM,2023-06-20,138.6635,10020409
JPM,2023-06-21,136.7752,10376854
JPM,2023-06-22,135.4363,7210065
JPM,2023-06-23,137.2211,7350789
JPM,2023-06-26,138.0813,8594049
JPM,2023-06-27,140.2926,8872646
JPM,2023-06-28,139.9164,10115531
JPM,2023-06-29,138.7898,7700210
JPM,2023-06-30,137.7404,11101132
JPM,2023-07-03,136.5166,8015999
JPM,2023-07-05,135.4921,9440316
JPM,2023-07-06,137.0589,12831756
JPM,2023-07-07,139.6681,9759187
JPM,2023-07-10,146.3185,9730784
JPM,2023-07-11,146.3468,9084357
JPM,2023-07-12,147.6135,35105464
JPM,2023-07-13,146.8373,5819587
JPM,2023-07-14,145.3046,8705996
JPM,2023-07-17,142.7249,8607769
JPM,2023-07-18,142.7212,17923954
JPM,2023-07-19,145.331,12585130
JPM,2023-07-20,143.0387,10541189
JPM,2023-07-21,142.7041,7578413
JPM,2023-07-24,143.9121,8612880
JPM,2023-07-25,147.7166,9610513
JPM,2023-07-26,148.8476,9834265
JPM,2023-07-27,148.1564,9010486
JPM,2023-07-28,148.892,7250470
JPM,2023-07-31,149.7733,14038347
JPM,2023-08-01,144.2978,10355590
JPM,2023-08-02,144.3411,10746293
JPM,2023-08-03,144.8835,13213534
JPM,2023-08-04,143.1869,8373962
JPM,2023-08-07,146.5772,7666473
JPM,2023-08-08,146.7816,14194708
JPM,2023-08-09,147.6092,13085134
JPM,2023-08-10,145.9769,9837889
JPM,2023-08-11,143.6705,6729776
JPM,2023-08-14,142.858,7549131
JPM,2023-08-15,143.7146,8939066
JPM,2023-08-16,142.9825,7704918
JPM,2023-08-17,146.6416,10184059
JPM,2023-08-18,152.442,4484360
JPM,2023-08-21,153.5535,10012339
JPM,2023-08-22,152.0461,13254153
JPM,2023-08-23,158.6273,15316886
JPM,2023-08-24,155.2844,8995578
JPM,2023-08-25,150.3065,5376081
JPM,2023-08-28,149.653,10320352
JPM,2023-08-29,154.3466,12138343
JPM,2023-08-30,153.9932,15059313
JPM,2023-08-31,152.8876,16650760
JPM,2023-09-01,146.3566,7688817
JPM,2023-09-05,151.2516,10669400
JPM,2023-09-06,149.2818,12347016
JPM,2023-09-07,145.9443,18231732
JPM,2023-09-08,149.0648,9782869
JPM,2023-09-11,144.8667,5974345
JPM,2023-09-12,145.3014,13153552
JPM,2023-09-13,141.6103,16350327
JPM,2023-09-14,146.5746,16577174
JPM,2023-09-15,139.7704,10926240
JPM,2023-09-18,141.4651,8715524
JPM,2023-09-19,142.9781,8457879
JPM,2023-09-20,144.2999,10818315
JPM,2023-09-21,157.4788,13789128
JPM,2023-09-22,159.3891,6477871
JPM,2023-09-25,157.8632,11570071
JPM,2023-09-26,156.853,10616236
JPM,2023-09-27,160.7022,13885012
JPM,2023-09-28,167.2436,11239228
JPM,2023-09-29,169.8897,13907304
JPM,2023-10-02,162.575,12860930
JPM,2023-10-03,158.5449,10869760
JPM,2023-10-04,162.5437,12272025
JPM,2023-10-05,160.057,16940250
JPM,2023-10-06,165.4489,8923927
JPM,2023-10-09,166.5468,5199564
JPM,2023-10-10,167.8313,32132215
JPM,2023-10-11,168.952,7377447
JPM,2023-10-12,166.3657,9492021
JPM,2023-10-13,170.0871,14613794
JPM,2023-10-16,167.3583,7849212
JPM,2023-10-17,169.8123,9519179
JPM,2023-10-18,175.2422,12276644
JPM,2023-10-19,174.1395,12414852
JPM,2023-10-20,174.192,6389000
JPM,2023-10-23,181.6153,8636331
JPM,2023-10-24,187.9845,10367361
JPM,2023-10-25,197.8422,10003131
JPM,2023-10-26,202.6397,11059772
JPM,2023-10-27,221.6427,11869230
JPM,2023-10-30,236.9487,12298336
JPM,2023-10-31,244.9932,19528221
JPM,2023-11-01,250.5518,6656460
JPM,2023-11-02,258.7872,12971905
JPM,2023-11-03,242.5755,6654787
JPM,2023-11-06,240.6582,7680370
JPM,2023-11-07,242.6731,8696394
JPM,2023-11-08,237.9913,9166898
JPM,2023-11-09,245.7959,17387338
JPM,2023-11-10,247.9915,13846995
JPM,2023-11-13,252.6803,10518742
JPM,2023-11-14,250.1769,12190654
JPM,2023-11-15,252.886,6788166
JPM,2023-11-16,252.2383,9527280
JPM,2023-11-17,253.5476,13561262
JPM,2023-11-20,256.394,10956276
JPM,2023-11-21,252.8216,5394166
JPM,2023-11-22,255.6074,10371433
JPM,2023-11-24,256.1015,7805667
JPM,2023-11-27,258.4646,11235098
JPM,2023-11-28,259.7932,12139251
JPM,2023-11-29,263.7793,12462085
JPM,2023-11-30,262.3926,12897074
JPM,2023-12-01,257.8783,10089689
JPM,2023-12-04,254.5419,9103920
JPM,2023-12-05,254.7444,5560681
JPM,2023-12-06,252.5744,10231921
JPM,2023-12-07,254.1043,6514940
JPM,2023-12-08,252.3837,8056053
JPM,2023-12-11,257.4578,12682556
JPM,2023-12-12,266.0762,6695670
JPM,2023-12-13,268.0069,7577152
JPM,2023-12-14,266.592,9336213
JPM,2023-12-15,262.881,9179256
JPM,2023-12-18,272.3108,11733114
JPM,2023-12-19,270.1572,12369661
JPM,2023-12-20,261.8464,9171030
JPM,2023-12-21,262.9321,13601720
JPM,2023-12-22,262.8479,10212226
JPM,2023-12-26,266.6607,10433319
JPM,2023-12-27,276.7702,13964399
JPM,2023-12-28,280.1823,9614967
JPM,2023-12-29,279.5455,10148371
JPM,2024-01-02,285.9338,18823056
JPM,2024-01-03,288.8515,12940873
JPM,2024-01-04,288.3783,8152707
JPM,2024-01-05,288.5251,5338206
JPM,2024-01-08,295.3414,8087235
JPM,2024-01-09,297.0823,8416584
JPM,2024-01-10,290.9698,28433321
JPM,2024-01-11,281.2515,12187822
JPM,2024-01-12,286.3392,15661025
JPM,2024-01-16,282.0885,12070719
JPM,2024-01-17,283.7132,8946003
JPM,2024-01-18,285.0627,11331407
JPM,2024-01-19,283.791,8156756
JPM,2024-01-22,280.3675,8491986
JPM,2024-01-23,277.8758,8315881
JPM,2024-01-24,279.6638,8840742
JPM,2024-01-25,285.7263,12250515
JPM,2024-01-26,285.4111,11652176
JPM,2024-01-29,282.7911,8412874
JPM,2024-01-30,286.5286,10094696
JPM,2024-01-31,275.4306,17515041
JPM,2024-02-01,283.8728,11910395
JPM,2024-02-02,284.1362,11528987
JPM,2024-02-05,284.6353,8386585
JPM,2024-02-06,293.2183,12213515
JPM,2024-02-07,290.4229,10269595
JPM,2024-02-08,283.9155,12672262
JPM,2024-02-09,286.6206,11578409
JPM,2024-02-12,288.2927,10254312
JPM,2024-02-13,289.9354,6715274
JPM,2024-02-14,290.3309,5774018
JPM,2024-02-15,286.355,7527068
JPM,2024-02-16,288.0284,8762848
JPM,2024-02-20,284.8362,14316408
JPM,2024-02-21,287.2129,8865879
JPM,2024-02-22,284.2715,12573193
JPM,2024-02-23,292.1388,7860110
JPM,2024-02-26,292.4098,7924776
JPM,2024-02-27,293.9908,10148186
JPM,2024-02-28,297.4391,10283778
JPM,2024-02-29,302.0793,10027831
JPM,2024-03-01,309.2416,10024563
JPM,2024-03-04,305.9264,10431468
JPM,2024-03-05,292.779,8175165
JPM,2024-03-06,296.3728,11268581
JPM,2024-03-07,290.7019,11656347
JPM,2024-03-08,290.0525,5858214
JPM,2024-03-11,282.7193,7090999
JPM,2024-03-12,283.1206,10201275
JPM,2024-03-13,274.345,6930581
JPM,2024-03-14,278.539,6136093
JPM,2024-03-15,273.9125,13561707
JPM,2024-03-18,278.3872,13056718
JPM,2024-03-19,272.5749,10893737
JPM,2024-03-20,274.1501,9935372
JPM,2024-03-21,265.3603,11772271
JPM,2024-03-22,262.4599,9791080
JPM,2024-03-25,258.1991,6664862
JPM,2024-03-26,254.7401,6283114
JPM,2024-03-27,257.1998,9472322
JPM,2024-03-28,255.2706,12828991
JPM,2024-04-01,259.2686,9696102
JPM,2024-04-02,271.7381,22774524
JPM,2024-04-03,267.6854,7478997
JPM,2024-04-04,270.4594,10177835
JPM,2024-04-05,274.6549,10249970
JPM,2024-04-08,286.3549,11197695
JPM,2024-04-09,287.0722,8203925
JPM,2024-04-10,291.8951,7137763
JPM,2024-04-11,293.7823,22432630
JPM,2024-04-12,292.672,8617303
JPM,2024-04-15,289.7211,8203358
JPM,2024-04-16,287.6197,10116112
JPM,2024-04-17,280.3882,11657457
JPM,2024-04-18,280.9258,8309123
JPM,2024-04-19,283.1701,5182152
JPM,2024-04-22,283.4977,7430277
JPM,2024-04-23,282.0063,8049568
JPM,2024-04-24,286.5611,7873723
JPM,2024-04-25,285.9287,8380347
JPM,2024-04-26,281.1435,9933342
JPM,2024-04-29,275.4786,8679623
JPM,2024-04-30,275.0155,10544316
JPM,2024-05-01,271.4367,16169047
JPM,2024-05-02,267.7358,10094490
JPM,2024-05-03,271.8545,8468660
JPM,2024-05-06,272.1877,8822758
JPM,2024-05-07,275.9323,9317548
JPM,2024-05-08,275.7154,9066126
JPM,2024-05-09,276.7855,13503609
JPM,2024-05-10,280.944,11850591
JPM,2024-05-13,282.7613,6691296
JPM,2024-05-14,285.1082,12926022
JPM,2024-05-15,283.931,14269065
JPM,2024-05-16,277.7373,10678624
JPM,2024-05-17,280.5731,5554178
JPM,2024-05-20,292.2491,8483521
JPM,2024-05-21,279.7314,11781788
JPM,2024-05-22,276.4316,9708776
JPM,2024-05-23,273.5312,7986600
JPM,2024-05-24,281.825,9101648
JPM,2024-05-28,279.336,10037372
JPM,2024-05-29,288.046,7898515
JPM,2024-05-30,287.0409,10684762
JPM,2024-05-31,294.607,14379947
JPM,2024-06-03,287.4105,8932891
JPM,2024-06-04,307.42,13894012
JPM,2024-06-05,311.0033,9128825
JPM,2024-06-06,297.7111,11443528
JPM,2024-06-07,285.008,9342824
JPM,2024-06-10,282.2481,11483416
JPM,2024-06-11,266.3259,15250390
JPM,2024-06-12,299.9732,13355000
JPM,2024-06-13,336.9631,16527471
JPM,2024-06-14,324.2374,7498931
JPM,2024-06-17,314.8208,7829596
JPM,2024-06-18,317.0083,16182940
JPM,2024-06-20,325.9075,18454749
JPM,2024-06-21,327.3461,6209483
JPM,2024-06-24,331.6301,9848239
JPM,2024-06-25,335.0254,9692564
JPM,2024-06-26,322.5871,19323428
JPM,2024-06-27,306.4247,7953458
JPM,2024-06-28,300.7876,17278116
JPM,2024-07-01,313.1693,9258494
JPM,2024-07-02,291.1422,12418856
JPM,2024-07-03,286.7143,8272116
JPM,2024-07-05,303.2634,8921856
JPM,2024-07-08,292.9391,9340291
JPM,2024-07-09,288.4301,7916469
JPM,2024-07-10,312.395,13758005
JPM,2024-07-11,316.1106,9567046
JPM,2024-07-12,314.9892,30449126
JPM,2024-07-15,335.7181,7090608
JPM,2024-07-16,339.6697,8675384
JPM,2024-07-17,344.6001,9007596
JPM,2024-07-18,340.1143,7937860
JPM,2024-07-19,336.6318,7967804
JPM,2024-07-22,332.6082,15470638
JPM,2024-07-23,326.196,11399948
JPM,2024-07-24,327.4823,10897121
JPM,2024-07-25,327.1724,10707703
JPM,2024-07-26,326.2477,8682622
JPM,2024-07-29,320.7769,7655656
JPM,2024-07-30,324.5256,12357878
JPM,2024-07-31,322.9947,11141183
JPM,2024-08-01,315.1596,8934761
JPM,2024-08-02,310.9904,5041770
JPM,2024-08-05,318.0095,11546660
JPM,2024-08-06,313.0451,9647101
JPM,2024-08-07,311.2469,8201020
JPM,2024-08-08,311.1459,6563627
JPM,2024-08-09,294.0221,9931137
JPM,2024-08-12,293.0138,11733638
JPM,2024-08-13,293.8813,15266859
JPM,2024-08-14,297.2981,11248518
JPM,2024-08-15,280.9147,9681043
JPM,2024-08-16,278.7453,7202587
JPM,2024-08-19,285.374,8512581
JPM,2024-08-20,295.8658,14469574
JPM,2024-08-21,295.3994,11982438
JPM,2024-08-22,291.5456,14557270
JPM,2024-08-23,295.6508,8970070
JPM,2024-08-26,294.9395,7269291
JPM,2024-08-27,292.6352,17792166
JPM,2024-08-28,290.1287,7902519
JPM,2024-08-29,291.4376,9592288
JPM,2024-08-30,293.7753,12622524
JPM,2024-09-03,285.2145,14220207
JPM,2024-09-04,292.0491,13076787
JPM,2024-09-05,303.663,9059145
JPM,2024-09-06,299.2679,6740007
JPM,2024-09-09,296.5186,10756907
JPM,2024-09-10,301.3934,12577879
JPM,2024-09-11,295.4047,10650490
JPM,2024-09-12,291.1737,7326348
JPM,2024-09-13,297.3891,8250558
JPM,2024-09-16,289.0225,9079292
JPM,2024-09-17,291.8825,8016319
JPM,2024-09-18,282.0111,12591060
JPM,2024-09-19,280.1386,9953328
JPM,2024-09-20,281.9149,8427276
JPM,2024-09-23,279.1656,10991981
JPM,2024-09-24,273.2959,8513994
JPM,2024-09-25,276.4622,8568536
JPM,2024-09-26,274.3853,14412577
JPM,2024-09-27,278.211,5380998
JPM,2024-09-30,282.1589,6519673
JPM,2024-10-01,283.8394,10024919
JPM,2024-10-02,279.8866,11629910
JPM,2024-10-03,281.7512,10243656
JPM,2024-10-04,278.2112,11036100
JPM,2024-10-07,285.3406,9183555
JPM,2024-10-08,290.345,11271569
JPM,2024-10-09,293.7979,11456459
JPM,2024-10-10,289.7829,37161395
JPM,2024-10-11,288.8823,5424609
JPM,2024-10-14,293.4403,10753272
JPM,2024-10-15,287.7519,6886124
JPM,2024-10-16,278.7169,9514622
JPM,2024-10-17,278.6988,9558651
JPM,2024-10-18,288.0621,12174640
JPM,2024-10-21,289.3145,7772678
JPM,2024-10-22,298.3636,7837446
JPM,2024-10-23,297.8604,13743467
JPM,2024-10-24,298.4235,12152723
JPM,2024-10-25,298.5936,9299746
JPM,2024-10-28,299.247,13326653
JPM,2024-10-29,298.5825,10419046
JPM,2024-10-30,297.3765,12366187
JPM,2024-10-31,295.4848,13549460
JPM,2024-11-01,302.428,9647432
JPM,2024-11-04,304.3088,9644446
JPM,2024-11-05,297.8674,10970818
JPM,2024-11-06,294.865,8677553
JPM,2024-11-07,293.7328,11496789
JPM,2024-11-08,287.9165,11079450
JPM,2024-11-11,285.6957,10633493
JPM,2024-11-12,291.5435,9794499
JPM,2024-11-13,291.5151,8160749
JPM,2024-11-14,293.6603,13073298
JPM,2024-11-15,293.9422,7192583
JPM,2024-11-18,297.2717,7933631
JPM,2024-11-19,300.6508,9449242
JPM,2024-11-20,301.743,11316361
JPM,2024-11-21,303.7901,9340104
JPM,2024-11-22,307.7703,7062198
JPM,2024-11-25,310.4984,9932341
JPM,2024-11-26,306.1316,11543331
JPM,2024-11-27,305.7352,8927120
JPM,2024-11-29,302.057,12039144
JPM,2024-12-02,306.8738,5112417
JPM,2024-12-03,302.6149,15289945
JPM,2024-12-04,307.4081,8889185
JPM,2024-12-05,301.4762,7248575
JPM,2024-12-06,305.9996,6497788
JPM,2024-12-09,303.9933,6934860
JPM,2024-12-10,311.1744,9129912
JPM,2024-12-11,309.8508,11879709
JPM,2024-12-12,310.5153,16866087
JPM,2024-12-13,312.954,9961636
JPM,2024-12-16,313.831,4842687
JPM,2024-12-17,318.6688,11552228
JPM,2024-12-18,336.0751,11353087
JPM,2024-12-19,329.5987,10411170
JPM,2024-12-20,339.9993,8938260
JPM,2024-12-23,340.9823,11664100
JPM,2024-12-24,335.3692,10437861
JPM,2024-12-26,336.3916,15985502
JPM,2024-12-27,334.7157,6578054
JPM,2024-12-30,332.5368,12678746
JPM,2024-12-31,326.0984,11652708
KO,2023-01-03,63.5,12410706
KO,2023-01-04,63.43,15646743
KO,2023-01-05,63.1932,11679309
KO,2023-01-06,63.9481,9559919
KO,2023-01-09,63.7812,48073194
KO,2023-01-10,63.9244,9941119
KO,2023-01-11,64.8731,17327704
KO,2023-01-12,65.1668,14604363
KO,2023-01-13,64.5797,10943098
KO,2023-01-17,65.2985,13974156
KO,2023-01-18,64.6781,11874604
KO,2023-01-19,63.7284,10908387
KO,2023-01-20,63.9874,11990745
KO,2023-01-23,63.9986,13552657
KO,2023-01-24,63.1485,12431046
KO,2023-01-25,63.3003,11977366
KO,2023-01-26,63.3415,9249532
KO,2023-01-27,64.0388,11511897
KO,2023-01-30,62.9522,11058391
KO,2023-01-31,63.0814,23240803
KO,2023-02-01,62.9609,14237561
KO,2023-02-02,64.661,20019484
KO,2023-02-03,65.3608,13486950
KO,2023-02-06,64.6391,11100727
KO,2023-02-07,65.1357,15288876
KO,2023-02-08,66.0879,10643050
KO,2023-02-09,65.9458,22268509
KO,2023-02-10,66.2056,11073473
KO,2023-02-13,67.2632,12138850
KO,2023-02-14,67.1471,8650766
KO,2023-02-15,66.7756,11581273
KO,2023-02-16,66.2897,19914798
KO,2023-02-17,66.2876,11417371
KO,2023-02-21,67.0727,16387602
KO,2023-02-22,66.8679,10153237
KO,2023-02-23,66.9455,10559678
KO,2023-02-24,66.214,11780841
KO,2023-02-27,65.2816,12182282
KO,2023-02-28,64.5138,22805640
KO,2023-03-01,64.3055,15889331
KO,2023-03-02,64.1505,14437144
KO,2023-03-03,64.4269,10617460
KO,2023-03-06,64.482,16939988
KO,2023-03-07,65.266,17213805
KO,2023-03-08,64.8197,11831553
KO,2023-03-09,64.6122,12991730
KO,2023-03-10,65.0371,9590014
KO,2023-03-13,65.0813,12146022
KO,2023-03-14,65.3039,16355376
KO,2023-03-15,65.177,12798712
KO,2023-03-16,66.2647,13539506
KO,2023-03-17,66.4736,12539455
KO,2023-03-20,66.3645,15585409
KO,2023-03-21,66.4847,15522726
KO,2023-03-22,66.6693,12979411
KO,2023-03-23,67.6291,11836893
KO,2023-03-24,67.759,6873778
KO,2023-03-27,67.6457,8512807
KO,2023-03-28,68.5382,12924330
KO,2023-03-29,68.4757,14199390
KO,2023-03-30,65.9395,13305297
KO,2023-03-31,65.3628,14171492
KO,2023-04-03,65.9362,13175794
KO,2023-04-04,65.3989,13762468
KO,2023-04-05,66.3205,9958690
KO,2023-04-06,65.4848,10909941
KO,2023-04-10,66.8434,8513196
KO,2023-04-11,66.2148,37251398
KO,2023-04-12,66.6179,14020191
KO,2023-04-13,65.6767,14220273
KO,2023-04-14,66.8602,7752311
KO,2023-04-17,66.4627,7500482
KO,2023-04-18,65.896,11688336
KO,2023-04-19,66.0416,12715787
KO,2023-04-20,65.7472,14371026
KO,2023-04-21,64.7346,8591241
KO,2023-04-24,64.2886,11931796
KO,2023-04-25,64.4127,8080020
KO,2023-04-26,64.0092,12053642
KO,2023-04-27,64.9085,14548340
KO,2023-04-28,64.9769,13397807
KO,2023-05-01,64.8503,13705697
KO,2023-05-02,64.2183,10901833
KO,2023-05-03,64.8344,15450000
KO,2023-05-04,64.9434,17056521
KO,2023-05-05,64.5135,19351859
KO,2023-05-08,64.1831,12042362
KO,2023-05-09,63.2777,14671246
KO,2023-05-10,64.1274,13807320
KO,2023-05-11,64.1932,13429694
KO,2023-05-12,64.0546,13450815
KO,2023-05-15,64.0838,12480684
KO,2023-05-16,62.8359,19963765
KO,2023-05-17,62.7098,11527123
KO,2023-05-18,62.9528,18788862
KO,2023-05-19,62.0574,10661536
KO,2023-05-22,62.6008,9520189
KO,2023-05-23,62.4919,16689802
KO,2023-05-24,62.2006,11551918
KO,2023-05-25,63.9539,29493569
KO,2023-05-26,63.1091,12211019
KO,2023-05-30,63.9291,14798021
KO,2023-05-31,64.997,11719715
KO,2023-06-01,65.7179,11158564
KO,2023-06-02,64.5333,14184729
KO,2023-06-05,65.0533,8283300
KO,2023-06-06,64.5947,12863891
KO,2023-06-07,63.7575,12340357
KO,2023-06-08,64.4631,11055270
KO,2023-06-09,65.6655,8830729
KO,2023-06-12,65.0819,14091026
KO,2023-06-13,63.4086,17738756
KO,2023-06-14,63.0804,9385152
KO,2023-06-15,63.3022,8772634
KO,2023-06-16,62.4878,10428056
KO,2023-06-20,61.4246,22705115
KO,2023-06-21,61.2952,13498043
KO,2023-06-22,61.0901,13860810
KO,2023-06-23,60.8143,8793322
KO,2023-06-26,60.3559,12426030
KO,2023-06-27,60.2596,7777230
KO,2023-06-28,59.4506,13544584
KO,2023-06-29,58.7948,18219305
KO,2023-06-30,58.6672,20517234
KO,2023-07-03,57.6313,14835096
KO,2023-07-05,57.8461,12091387
KO,2023-07-06,57.6045,9527667
KO,2023-07-07,58.2083,11887516
KO,2023-07-10,58.8255,10234844
KO,2023-07-11,58.5784,12741649
KO,2023-07-12,58.6126,35951234
KO,2023-07-13,58.0279,14658907
KO,2023-07-14,57.4496,12147972
KO,2023-07-17,57.9627,11675943
KO,2023-07-18,58.0492,22316909
KO,2023-07-19,58.3567,13287389
KO,2023-07-20,58.3058,14140705
KO,2023-07-21,58.8125,10129550
KO,2023-07-24,59.119,21447450
KO,2023-07-25,58.8524,11513497
KO,2023-07-26,58.4343,7193270
KO,2023-07-27,58.9793,9919544
KO,2023-07-28,58.9262,11714598
KO,2023-07-31,58.542,13339760
KO,2023-08-01,58.7739,15827650
KO,2023-08-02,58.5245,7799067
KO,2023-08-03,59.0909,6667948
KO,2023-08-04,58.4918,11415352
KO,2023-08-07,59.2168,12187988
KO,2023-08-08,59.5404,12372973
KO,2023-08-09,59.1585,19680755
KO,2023-08-10,58.4858,15078575
KO,2023-08-11,58.6537,24158171
KO,2023-08-14,59.0302,9219010
KO,2023-08-15,59.0799,12100237
KO,2023-08-16,58.423,12473588
KO,2023-08-17,58.8103,18192587
KO,2023-08-18,58.0761,17386934
KO,2023-08-21,56.9563,7794769
KO,2023-08-22,57.4908,15323307
KO,2023-08-23,56.0505,12387421
KO,2023-08-24,56.6544,17996777
KO,2023-08-25,55.9923,13223495
KO,2023-08-28,56.6671,12970505
KO,2023-08-29,57.7489,11121151
KO,2023-08-30,57.8566,11564079
KO,2023-08-31,58.2428,16605712
KO,2023-09-01,58.57,11832909
KO,2023-09-05,58.371,16626389
KO,2023-09-06,58.736,15132778
KO,2023-09-07,58.8301,11259451
KO,2023-09-08,59.0105,10294807
KO,2023-09-11,58.7425,13117798
KO,2023-09-12,58.8072,18995929
KO,2023-09-13,58.7598,17141365
KO,2023-09-14,58.6518,9781694
KO,2023-09-15,58.2469,12126942
KO,2023-09-18,57.5884,12122906
KO,2023-09-19,57.3081,9401089
KO,2023-09-20,57.5147,18162259
KO,2023-09-21,59.5946,17886111
KO,2023-09-22,59.7712,13281192
KO,2023-09-25,60.466,11027125
KO,2023-09-26,60.7064,10700608
KO,2023-09-27,60.9988,12108908
KO,2023-09-28,63.2076,14987487
KO,2023-09-29,63.8471,16720079
KO,2023-10-02,64.2097,16424092
KO,2023-10-03,64.6903,12758709
KO,2023-10-04,65.063,10204249
KO,2023-10-05,61.3089,16630342
KO,2023-10-06,60.9904,9066497
KO,2023-10-09,61.6708,13812124
KO,2023-10-10,60.6353,41234802
KO,2023-10-11,59.6522,11664540
KO,2023-10-12,59.4215,14371715
KO,2023-10-13,58.9554,13670844
KO,2023-10-16,58.8911,12133408
KO,2023-10-17,59.8362,9376568
KO,2023-10-18,60.126,18853718
KO,2023-10-19,61.5941,13222680
KO,2023-10-20,61.269,14404382
KO,2023-10-23,61.3251,5425807
KO,2023-10-24,60.2293,19135771
KO,2023-10-25,60.4856,13013698
KO,2023-10-26,59.6682,12465730
KO,2023-10-27,59.5012,12371268
KO,2023-10-30,60.2663,13838457
KO,2023-10-31,61.415,17743494
KO,2023-11-01,60.2875,19375138
KO,2023-11-02,59.1144,22606678
KO,2023-11-03,58.7838,11802090
KO,2023-11-06,57.3481,12646469
KO,2023-11-07,58.0539,11200730
KO,2023-11-08,56.8456,24803685
KO,2023-11-09,57.8658,11486025
KO,2023-11-10,58.0619,10426616
KO,2023-11-13,59.2937,10046710
KO,2023-11-14,59.1793,11194567
KO,2023-11-15,59.6707,11022694
KO,2023-11-16,59.0408,12270145
KO,2023-11-17,58.7131,11940509
KO,2023-11-20,59.1052,7301219
KO,2023-11-21,59.6402,17785920
KO,2023-11-22,60.242,12252113
KO,2023-11-24,59.9736,0
KO,2023-11-27,60.167,10530240
KO,2023-11-28,59.919,11914121
KO,2023-11-29,59.9153,7201963
KO,2023-11-30,59.7523,15114715
KO,2023-12-01,59.3697,9642419
KO,2023-12-04,59.2695,7468368
KO,2023-12-05,58.9046,12976011
KO,2023-12-06,58.7698,11626126
KO,2023-12-07,57.7815,13384292
KO,2023-12-08,57.0154,9965472
KO,2023-12-11,56.1583,12461394
KO,2023-12-12,56.308,20431984
KO,2023-12-13,55.5928,13629855
KO,2023-12-14,56.3168,12280832
KO,2023-12-15,56.7749,10320247
KO,2023-12-18,56.8262,8843195
KO,2023-12-19,57.5797,12574912
KO,2023-12-20,57.7051,8528223
KO,2023-12-21,57.2988,9125619
KO,2023-12-22,57.3553,8779421
KO,2023-12-26,57.1527,17463348
KO,2023-12-27,57.2213,13796260
KO,2023-12-28,57.8095,12624207
KO,2023-12-29,58.4312,18142260
KO,2024-01-02,57.8918,8734805
KO,2024-01-03,57.8549,12734350
KO,2024-01-04,57.6275,10033292
KO,2024-01-05,58.2727,17846956
KO,2024-01-08,59.04,11098756
KO,2024-01-09,58.5343,12236184
KO,2024-01-10,58.9859,42068131
KO,2024-01-11,59.2275,12479924
KO,2024-01-12,59.2212,14270223
KO,2024-01-16,58.4508,13032734
KO,2024-01-17,59.2493,17461828
KO,2024-01-18,57.806,10584632
KO,2024-01-19,57.9021,10620650
KO,2024-01-22,57.3946,12606247
KO,2024-01-23,56.8555,15684640
KO,2024-01-24,56.6573,13127150
KO,2024-01-25,56.773,14623631
KO,2024-01-26,56.551,9321857
KO,2024-01-29,57.2281,13572726
KO,2024-01-30,56.1959,12704245
KO,2024-01-31,56.4476,15705653
KO,2024-02-01,56.9097,9822780
KO,2024-02-02,58.2073,14630535
KO,2024-02-05,58.3942,11601675
KO,2024-02-06,57.7861,8699660
KO,2024-02-07,57.1348,16888822
KO,2024-02-08,55.7002,16051668
KO,2024-02-09,55.5715,10632640
KO,2024-02-12,55.2839,11124643
KO,2024-02-13,54.8196,19424622
KO,2024-02-14,54.0755,12058358
KO,2024-02-15,54.7103,21521224
KO,2024-02-16,54.3372,12404848
KO,2024-02-20,53.082,20390119
KO,2024-02-21,53.4593,9892941
KO,2024-02-22,53.8726,11927272
KO,2024-02-23,53.7974,12818135
KO,2024-02-26,53.6513,15809646
KO,2024-02-27,53.9904,10923747
KO,2024-02-28,53.7335,10454507
KO,2024-02-29,54.1755,17952077
KO,2024-03-01,54.1242,14726998
KO,2024-03-04,54.8906,14018999
KO,2024-03-05,54.8191,9068981
KO,2024-03-06,55.0702,9235776
KO,2024-03-07,54.6249,13655989
KO,2024-03-08,54.199,14163772
KO,2024-03-11,54.2881,11607988
KO,2024-03-12,54.2881,11251923
KO,2024-03-13,54.2881,12663892
KO,2024-03-14,54.2881,15848675
KO,2024-03-15,54.2881,11551338
KO,2024-03-18,55.2079,12666831
KO,2024-03-19,55.9368,15385393
KO,2024-03-20,55.1273,11043456
KO,2024-03-21,56.0639,11225154
KO,2024-03-22,57.0916,11587796
KO,2024-03-25,57.3893,16870965
KO,2024-03-26,57.0201,16880081
KO,2024-03-27,55.918,16798218
KO,2024-03-28,55.6756,19527693
KO,2024-04-01,55.7812,11159109
KO,2024-04-02,56.2775,19820300
KO,2024-04-03,56.6182,19397439
KO,2024-04-04,57.0229,10401099
KO,2024-04-05,56.1153,12318549
KO,2024-04-08,55.7129,8275733
KO,2024-04-09,56.0138,13251392
KO,2024-04-10,57.3276,16821351
KO,2024-04-11,57.7886,64811462
KO,2024-04-12,57.7066,10618512
KO,2024-04-15,58.1785,13864467
KO,2024-04-16,58.3958,11725784
KO,2024-04-17,59.1363,13605604
KO,2024-04-18,59.8655,14793088
KO,2024-04-19,60.005,10011124
KO,2024-04-22,60.4929,12065427
KO,2024-04-23,59.0879,13561899
KO,2024-04-24,58.3341,10956972
KO,2024-04-25,57.6055,14627760
KO,2024-04-26,57.3641,8991403
KO,2024-04-29,57.4626,7238227
KO,2024-04-30,57.2911,20821977
KO,2024-05-01,56.8274,12970200
KO,2024-05-02,56.6983,16135081
KO,2024-05-03,56.7616,11555335
KO,2024-05-06,57.3498,8740745
KO,2024-05-07,57.867,12088328
KO,2024-05-08,58.9319,17723499
KO,2024-05-09,59.1934,11024691
KO,2024-05-10,59.3326,8693590
KO,2024-05-13,58.7259,7779654
KO,2024-05-14,58.6691,9465067
KO,2024-05-15,58.8975,15642448
KO,2024-05-16,58.5553,14090422
KO,2024-05-17,57.7486,12164044
KO,2024-05-20,57.5468,14608095
KO,2024-05-21,57.1636,12196342
KO,2024-05-22,57.3282,8005466
KO,2024-05-23,57.3744,10811330
KO,2024-05-24,57.2485,16129971
KO,2024-05-28,58.2765,14132361
KO,2024-05-29,58.0966,16680871
KO,2024-05-30,58.9079,14230439
KO,2024-05-31,58.535,18337493
KO,2024-06-03,57.2445,11994138
KO,2024-06-04,58.1397,11415508
KO,2024-06-05,58.4536,20793162
KO,2024-06-06,56.4986,15565892
KO,2024-06-07,55.3919,10314197
KO,2024-06-10,55.0941,11492182
KO,2024-06-11,54.729,12170502
KO,2024-06-12,53.2949,11351195
KO,2024-06-13,55.2823,11630366
KO,2024-06-14,54.9453,18864801
KO,2024-06-17,56.4044,13560648
KO,2024-06-18,56.4287,14592880
KO,2024-06-20,58.0886,13683124
KO,2024-06-21,59.3687,13939293
KO,2024-06-24,59.3628,14003088
KO,2024-06-25,60.023,12778276
KO,2024-06-26,57.958,17363622
KO,2024-06-27,56.6428,21109372
KO,2024-06-28,55.5111,14728964
KO,2024-07-01,57.9834,15736956
KO,2024-07-02,56.7709,14519592
KO,2024-07-03,56.4204,12054140
KO,2024-07-05,56.693,13520392
KO,2024-07-08,56.8757,9156843
KO,2024-07-09,56.4491,11058458
KO,2024-07-10,57.0833,10709909
KO,2024-07-11,58.3663,15253347
KO,2024-07-12,59.3227,48648117
KO,2024-07-15,61.855,12021946
KO,2024-07-16,60.5914,11328020
KO,2024-07-17,60.9668,13302501
KO,2024-07-18,60.1383,17917928
KO,2024-07-19,60.0989,12831705
KO,2024-07-22,60.0541,15439962
KO,2024-07-23,60.4066,14222577
KO,2024-07-24,60.3089,14877454
KO,2024-07-25,60.266,11700739
KO,2024-07-26,60.1037,12655842
KO,2024-07-29,59.7802,14567219
KO,2024-07-30,59.4816,21340999
KO,2024-07-31,59.2426,29048552
KO,2024-08-01,58.577,16289259
KO,2024-08-02,57.5515,12095331
KO,2024-08-05,57.7618,13517698
KO,2024-08-06,57.4427,16333428
KO,2024-08-07,58.7079,7693499
KO,2024-08-08,58.477,8545850
KO,2024-08-09,58.2293,12157134
KO,2024-08-12,58.212,16970971
KO,2024-08-13,58.5469,14848198
KO,2024-08-14,58.2666,19313624
KO,2024-08-15,58.7588,15922650
KO,2024-08-16,59.4025,11011857
KO,2024-08-19,58.6682,17510065
KO,2024-08-20,59.8775,14134227
KO,2024-08-21,60.7371,19119184
KO,2024-08-22,61.3761,35253118
KO,2024-08-23,62.3095,8421153
KO,2024-08-26,63.2441,9779167
KO,2024-08-27,64.1647,13626813
KO,2024-08-28,63.0298,8135150
KO,2024-08-29,63.997,11021762
KO,2024-08-30,63.4314,18478266
KO,2024-09-03,63.0967,16227699
KO,2024-09-04,62.7531,10421080
KO,2024-09-05,62.343,17859717
KO,2024-09-06,61.9839,11145941
KO,2024-09-09,61.3417,13650068
KO,2024-09-10,62.6875,11369029
KO,2024-09-11,63.0099,15600373
KO,2024-09-12,63.4853,16356438
KO,2024-09-13,62.9548,13212557
KO,2024-09-16,63.1345,12452401
KO,2024-09-17,63.2704,16527629
KO,2024-09-18,63.4634,11765791
KO,2024-09-19,63.5593,14943729
KO,2024-09-20,62.17,14962715
KO,2024-09-23,61.4011,16512671
KO,2024-09-24,60.386,11970231
KO,2024-09-25,61.861,22870778
KO,2024-09-26,61.7283,11183798
KO,2024-09-27,62.4588,11464277
KO,2024-09-30,62.2448,14018270
KO,2024-10-01,62.1141,17571323
KO,2024-10-02,63.5706,9886839
KO,2024-10-03,64.5956,14992864
KO,2024-10-04,64.4968,8182081
KO,2024-10-07,64.0074,12319437
KO,2024-10-08,65.0047,15066596
KO,2024-10-09,65.0318,16240176
KO,2024-10-10,65.504,39571588
KO,2024-10-11,66.2869,11398329
KO,2024-10-14,66.5755,9917883
KO,2024-10-15,65.9819,6598899
KO,2024-10-16,64.3745,16704750
KO,2024-10-17,64.3036,15175499
KO,2024-10-18,64.4494,8054906
KO,2024-10-21,63.9794,11337718
KO,2024-10-22,65.5179,12213817
KO,2024-10-23,65.042,8920166
KO,2024-10-24,65.9714,24430410
KO,2024-10-25,66.0921,9738307
KO,2024-10-28,65.5044,10181059
KO,2024-10-29,64.4232,17238230
KO,2024-10-30,63.4868,19015127
KO,2024-10-31,64.2327,23374537
KO,2024-11-01,62.7427,14623434
KO,2024-11-04,63.9269,9236258
KO,2024-11-05,63.2031,14600054
KO,2024-11-06,62.5909,8769754
KO,2024-11-07,62.8199,9298346
KO,2024-11-08,62.3775,12998335
KO,2024-11-11,63.0272,23925567
KO,2024-11-12,61.5672,21752790
KO,2024-11-13,62.5493,24890918
KO,2024-11-14,62.0885,20601024
KO,2024-11-15,61.6183,13404242
KO,2024-11-18,61.4298,12109394
KO,2024-11-19,61.1928,13333669
KO,2024-11-20,61.5752,15043997
KO,2024-11-21,61.5696,10267852
KO,2024-11-22,61.8504,16783650
KO,2024-11-25,61.9444,14245097
KO,2024-11-26,62.064,21352148
KO,2024-11-27,62.1349,11562419
KO,2024-11-29,61.5753,11113041
KO,2024-12-02,61.5259,14871769
KO,2024-12-03,62.6134,12298030
KO,2024-12-04,63.1476,11197908
KO,2024-12-05,63.798,13003166
KO,2024-12-06,63.4641,10053989
KO,2024-12-09,64.2967,12374760
KO,2024-12-10,64.1586,13412099
KO,2024-12-11,64.4096,12247679
KO,2024-12-12,64.5718,10310072
KO,2024-12-13,64.4549,10453811
KO,2024-12-16,64.0908,11830108
KO,2024-12-17,65.6518,20382667
KO,2024-12-18,65.4552,11154095
KO,2024-12-19,65.218,12286153
KO,2024-12-20,64.9435,10486992
KO,2024-12-23,66.0365,10427311
KO,2024-12-24,67.2395,18585704
KO,2024-12-26,68.4499,9880152
KO,2024-12-27,68.1973,9665638
KO,2024-12-30,68.5665,11098988
KO,2024-12-31,69.7828,23921082
MSFT,2023-01-03,241.0,19446708
MSFT,2023-01-04,235.8021,35174432
MSFT,2023-01-05,239.2715,26798048
MSFT,2023-01-06,243.3798,21446731
MSFT,2023-01-09,239.7829,82123823
MSFT,2023-01-10,246.8146,25712046
MSFT,2023-01-11,251.9886,21668688
MSFT,2023-01-12,251.4286,49470524
MSFT,2023-01-13,251.7553,27432171
MSFT,2023-01-17,256.6551,27063995
MSFT,2023-01-18,256.5062,44978531
MSFT,2023-01-19,251.1339,40595160
MSFT,2023-01-20,259.1261,25758381
MSFT,2023-01-23,266.2532,18475209
MSFT,2023-01-24,259.8764,22146756
MSFT,2023-01-25,262.5061,24341498
MSFT,2023-01-26,263.8574,20929239
MSFT,2023-01-27,268.3853,17213685
MSFT,2023-01-30,257.615,25098749
MSFT,2023-01-31,258.4039,26862694
MSFT,2023-02-01,265.4109,24831738
MSFT,2023-02-02,266.2449,32922492
MSFT,2023-02-03,262.7057,29829586
MSFT,2023-02-06,268.4992,28822657
MSFT,2023-02-07,274.2413,30003101
MSFT,2023-02-08,275.8776,29081095
MSFT,2023-02-09,274.3129,18100390
MSFT,2023-02-10,273.4506,33229485
MSFT,2023-02-13,273.103,28328765
MSFT,2023-02-14,270.0924,18613179
MSFT,2023-02-15,267.7272,33889638
MSFT,2023-02-16,271.1176,42287485
MSFT,2023-02-17,277.4983,25356884
MSFT,2023-02-21,279.8068,21787080
MSFT,2023-02-22,275.4388,28997962
MSFT,2023-02-23,270.6274,32860348
MSFT,2023-02-24,271.2814,35353299
MSFT,2023-02-27,263.5562,42184913
MSFT,2023-02-28,262.5945,40438428
MSFT,2023-03-01,259.0487,27559973
MSFT,2023-03-02,264.3767,27632044
MSFT,2023-03-03,272.0512,19739125
MSFT,2023-03-06,273.4365,18158779
MSFT,2023-03-07,281.8407,38361738
MSFT,2023-03-08,284.877,23039040
MSFT,2023-03-09,284.8795,17087839
MSFT,2023-03-10,283.6403,21244648
MSFT,2023-03-13,286.5876,29342026
MSFT,2023-03-14,288.3287,25174242
MSFT,2023-03-15,284.5839,19214469
MSFT,2023-03-16,289.3534,27036850
MSFT,2023-03-17,284.3774,34066881
MSFT,2023-03-20,284.3588,17098257
MSFT,2023-03-21,296.6375,33065942
MSFT,2023-03-22,290.7421,26483012
MSFT,2023-03-23,293.1638,33729111
MSFT,2023-03-24,293.6327,22062308
MSFT,2023-03-27,287.6134,26412931
MSFT,2023-03-28,290.6665,36878160
MSFT,2023-03-29,292.7545,24406480
MSFT,2023-03-30,287.4646,47141052
MSFT,2023-03-31,286.8761,30850766
MSFT,2023-04-03,283.0693,30784327
MSFT,2023-04-04,285.9882,22360316
MSFT,2023-04-05,288.2894,25140707
MSFT,2023-04-06,286.2252,30563563
MSFT,2023-04-10,284.9607,18590751
MSFT,2023-04-11,287.6027,63676735
MSFT,2023-04-12,286.6723,27943479
MSFT,2023-04-13,284.6814,31447902
MSFT,2023-04-14,285.1009,21767113
MSFT,2023-04-17,279.8869,33330288
MSFT,2023-04-18,287.1384,25028495
MSFT,2023-04-19,285.9171,22728361
MSFT,2023-04-20,286.8076,34029029
MSFT,2023-04-21,279.0338,29452619
MSFT,2023-04-24,278.2088,17242473
MSFT,2023-04-25,273.7122,25833356
MSFT,2023-04-26,270.6352,25188379
MSFT,2023-04-27,281.0067,26602537
MSFT,2023-04-28,282.1402,40406733
MSFT,2023-05-01,281.5749,29349579
MSFT,2023-05-02,283.7454,20582878
MSFT,2023-05-03,286.9458,24573800
MSFT,2023-05-04,286.2107,18311200
MSFT,2023-05-05,291.0231,21633096
MSFT,2023-05-08,290.3704,15074667
MSFT,2023-05-09,287.0715,38562228
MSFT,2023-05-10,290.0952,29887968
MSFT,2023-05-11,291.7938,27842360
MSFT,2023-05-12,289.1198,28782683
MSFT,2023-05-15,291.7236,15849454
MSFT,2023-05-16,286.5941,40400718
MSFT,2023-05-17,289.044,27902453
MSFT,2023-05-18,283.8626,23521793
MSFT,2023-05-19,284.2703,21712003
MSFT,2023-05-22,282.9693,29825742
MSFT,2023-05-23,285.714,23450708
MSFT,2023-05-24,288.2739,24384736
MSFT,2023-05-25,288.0782,37524833
MSFT,2023-05-26,289.1975,28506895
MSFT,2023-05-30,287.2533,24208540
MSFT,2023-05-31,289.6704,26461448
MSFT,2023-06-01,286.9225,19011666
MSFT,2023-06-02,283.8976,21494623
MSFT,2023-06-05,284.0446,21310686
MSFT,2023-06-06,288.1682,26836390
MSFT,2023-06-07,287.9495,16899704
MSFT,2023-06-08,290.0523,29408837
MSFT,2023-06-09,289.1238,17818117
MSFT,2023-06-12,285.935,26859443
MSFT,2023-06-13,285.3265,22347015
MSFT,2023-06-14,291.7562,30553636
MSFT,2023-06-15,295.0086,27695716
MSFT,2023-06-16,294.4697,15785797
MSFT,2023-06-20,297.7611,37785765
MSFT,2023-06-21,295.235,41906815
MSFT,2023-06-22,292.1667,20704629
MSFT,2023-06-23,300.373,21368388
MSFT,2023-06-26,307.9249,20579391
MSFT,2023-06-27,309.9395,27209794
MSFT,2023-06-28,305.8464,22279886
MSFT,2023-06-29,308.9243,32669079
MSFT,2023-06-30,311.5952,46860380
MSFT,2023-07-03,301.9505,32882410
MSFT,2023-07-05,297.8253,26109895
MSFT,2023-07-06,292.8673,26546900
MSFT,2023-07-07,294.2506,15515134
MSFT,2023-07-10,296.9714,31423057
MSFT,2023-07-11,304.0166,28001695
MSFT,2023-07-12,303.1944,59164648
MSFT,2023-07-13,305.2153,54405068
MSFT,2023-07-14,304.8534,19246070
MSFT,2023-07-17,303.6247,17951544
MSFT,2023-07-18,302.5996,22607924
MSFT,2023-07-19,296.9807,34242779
MSFT,2023-07-20,292.9451,38165340
MSFT,2023-07-21,290.1906,25948510
MSFT,2023-07-24,288.6138,22699790
MSFT,2023-07-25,289.0088,40821167
MSFT,2023-07-26,284.652,20788619
MSFT,2023-07-27,286.1006,26879002
MSFT,2023-07-28,289.6271,27004978
MSFT,2023-07-31,281.5857,26268184
MSFT,2023-08-01,276.701,23460073
MSFT,2023-08-02,276.3702,32519030
MSFT,2023-08-03,273.8479,39429658
MSFT,2023-08-04,273.259,15929181
MSFT,2023-08-07,267.6418,32746702
MSFT,2023-08-08,271.8732,27845359
MSFT,2023-08-09,268.4926,26469269
MSFT,2023-08-10,264.4701,29020599
MSFT,2023-08-11,266.5502,27701230
MSFT,2023-08-14,261.7074,22802451
MSFT,2023-08-15,260.6874,31341810
MSFT,2023-08-16,257.6416,22259371
MSFT,2023-08-17,258.6418,40743657
MSFT,2023-08-18,252.9969,25340156
MSFT,2023-08-21,251.8147,22936263
MSFT,2023-08-22,242.8801,32582036
MSFT,2023-08-23,240.5182,33244694
MSFT,2023-08-24,241.3686,20543614
MSFT,2023-08-25,240.2792,15473277
MSFT,2023-08-28,237.0546,24058565
MSFT,2023-08-29,244.939,41566844
MSFT,2023-08-30,236.2488,20191042
MSFT,2023-08-31,239.297,62707085
MSFT,2023-09-01,235.8229,20588514
MSFT,2023-09-05,238.023,25093642
MSFT,2023-09-06,238.5473,14162375
MSFT,2023-09-07,240.7736,32185943
MSFT,2023-09-08,242.7138,18207776
MSFT,2023-09-11,232.0101,14771781
MSFT,2023-09-12,233.8225,26444350
MSFT,2023-09-13,231.4182,33855929
MSFT,2023-09-14,232.0892,26163752
MSFT,2023-09-15,235.5015,21737957
MSFT,2023-09-18,232.3824,34405174
MSFT,2023-09-19,242.3228,32002325
MSFT,2023-09-20,246.3824,32156666
MSFT,2023-09-21,254.3385,35902715
MSFT,2023-09-22,248.7715,26269310
MSFT,2023-09-25,250.498,40390990
MSFT,2023-09-26,246.4473,18960325
MSFT,2023-09-27,249.1544,26188586
MSFT,2023-09-28,255.5604,28369765
MSFT,2023-09-29,260.9074,34175412
MSFT,2023-10-02,272.7909,18898833
MSFT,2023-10-03,264.4438,26317050
MSFT,2023-10-04,250.3489,34069461
MSFT,2023-10-05,246.118,34512455
MSFT,2023-10-06,247.535,27519863
MSFT,2023-10-09,253.687,37943340
MSFT,2023-10-10,254.4777,94126027
MSFT,2023-10-11,251.9835,26045106
MSFT,2023-10-12,249.314,30831506
MSFT,2023-10-13,256.4013,13264979
MSFT,2023-10-16,247.758,34170149
MSFT,2023-10-17,237.5872,35288494
MSFT,2023-10-18,239.9038,28696061
MSFT,2023-10-19,248.1479,50930658
MSFT,2023-10-20,247.8179,24757798
MSFT,2023-10-23,257.5795,21627499
MSFT,2023-10-24,258.756,30778956
MSFT,2023-10-25,272.9451,28585627
MSFT,2023-10-26,278.6189,30212393
MSFT,2023-10-27,282.2107,18126485
MSFT,2023-10-30,285.5529,20574936
MSFT,2023-10-31,281.1591,31841660
MSFT,2023-11-01,278.7051,32833424
MSFT,2023-11-02,283.5494,30047422
MSFT,2023-11-03,287.7895,28612984
MSFT,2023-11-06,304.0226,29000861
MSFT,2023-11-07,314.9775,29050869
MSFT,2023-11-08,304.3863,37896902
MSFT,2023-11-09,305.3316,53434920
MSFT,2023-11-10,312.6712,27339965
MSFT,2023-11-13,299.707,30204256
MSFT,2023-11-14,295.5039,38398714
MSFT,2023-11-15,300.9789,14133391
MSFT,2023-11-16,291.3337,26197006
MSFT,2023-11-17,286.1125,31327418
MSFT,2023-11-20,292.7399,21748133
MSFT,2023-11-21,298.4544,44973789
MSFT,2023-11-22,297.3658,44549458
MSFT,2023-11-24,294.446,22217584
MSFT,2023-11-27,303.1191,23810975
MSFT,2023-11-28,300.3517,22596287
MSFT,2023-11-29,306.7829,19112789
MSFT,2023-11-30,303.3948,46512623
MSFT,2023-12-01,301.9165,25305877
MSFT,2023-12-04,294.5028,31132125
MSFT,2023-12-05,298.8975,23675147
MSFT,2023-12-06,306.025,24686392
MSFT,2023-12-07,303.6133,22185778
MSFT,2023-12-08,299.6631,31388757
MSFT,2023-12-11,295.6433,18559425
MSFT,2023-12-12,295.9838,27307220
MSFT,2023-12-13,290.816,34052575
MSFT,2023-12-14,294.0167,23361617
MSFT,2023-12-15,293.2417,27006532
MSFT,2023-12-18,295.8912,33533501
MSFT,2023-12-19,297.0275,23313887
MSFT,2023-12-20,297.3975,33063484
MSFT,2023-12-21,297.6555,24361866
MSFT,2023-12-22,292.2304,27755123
MSFT,2023-12-26,288.6684,20214975
MSFT,2023-12-27,283.0928,29044265
MSFT,2023-12-28,282.4909,26284055
MSFT,2023-12-29,285.7786,34683616
MSFT,2024-01-02,280.7505,24826818
MSFT,2024-01-03,280.1599,25726480
MSFT,2024-01-04,270.4759,29700701
MSFT,2024-01-05,273.1268,35525506
MSFT,2024-01-08,273.909,35669102
MSFT,2024-01-09,265.8923,32157464
MSFT,2024-01-10,260.4151,72318444
MSFT,2024-01-11,259.6606,42567655
MSFT,2024-01-12,256.6366,19270728
MSFT,2024-01-16,252.5301,22380137
MSFT,2024-01-17,252.3882,18392848
MSFT,2024-01-18,259.3641,30923758
MSFT,2024-01-19,261.9366,29384939
MSFT,2024-01-22,255.9195,24757481
MSFT,2024-01-23,257.9394,33307835
MSFT,2024-01-24,256.8291,26808186
MSFT,2024-01-25,260.4893,27830749
MSFT,2024-01-26,263.4318,27927508
MSFT,2024-01-29,264.3059,21165485
MSFT,2024-01-30,262.016,24187529
MSFT,2024-01-31,259.4524,72300425
MSFT,2024-02-01,263.7871,25753349
MSFT,2024-02-02,261.1754,18342734
MSFT,2024-02-05,264.2293,21626056
MSFT,2024-02-06,267.1726,32098468
MSFT,2024-02-07,271.5688,22149320
MSFT,2024-02-08,275.813,38750082
MSFT,2024-02-09,276.8111,24418255
MSFT,2024-02-12,273.8134,24816153
MSFT,2024-02-13,270.3423,38757179
MSFT,2024-02-14,273.4111,27304489
MSFT,2024-02-15,276.2902,25999960
MSFT,2024-02-16,277.3766,28519862
MSFT,2024-02-20,272.1024,27640559
MSFT,2024-02-21,267.0516,18937356
MSFT,2024-02-22,268.4296,22763901
MSFT,2024-02-23,273.4752,21154697
MSFT,2024-02-26,273.8639,16157885
MSFT,2024-02-27,270.6607,22898599
MSFT,2024-02-28,274.4432,30324939
MSFT,2024-02-29,279.1795,45330956
MSFT,2024-03-01,287.4981,25896548
MSFT,2024-03-04,283.6261,18105413
MSFT,2024-03-05,279.7721,35449690
MSFT,2024-03-06,278.5349,58559235
MSFT,2024-03-07,273.2732,24498106
MSFT,2024-03-08,276.8954,20294111
MSFT,2024-03-11,274.2573,37818020
MSFT,2024-03-12,283.1771,25981172
MSFT,2024-03-13,277.535,32903802
MSFT,2024-03-14,273.6466,24963394
MSFT,2024-03-15,272.3487,15147855
MSFT,2024-03-18,271.9378,18792848
MSFT,2024-03-19,273.0554,21567101
MSFT,2024-03-20,277.5125,32831527
MSFT,2024-03-21,276.9715,19775917
MSFT,2024-03-22,278.1747,33040333
MSFT,2024-03-25,274.2776,17415372
MSFT,2024-03-26,270.9759,30606813
MSFT,2024-03-27,264.6521,30558140
MSFT,2024-03-28,266.6445,29336870
MSFT,2024-04-01,268.1406,28725022
MSFT,2024-04-02,263.4925,17345807
MSFT,2024-04-03,271.0943,30818652
MSFT,2024-04-04,272.7077,21095226
MSFT,2024-04-05,269.2114,23467854
MSFT,2024-04-08,273.1628,32203765
MSFT,2024-04-09,275.5348,23038701
MSFT,2024-04-10,276.3523,34622589
MSFT,2024-04-11,282.4053,89031893
MSFT,2024-04-12,284.5184,28537076
MSFT,2024-04-15,282.164,20033246
MSFT,2024-04-16,284.0299,29731986
MSFT,2024-04-17,282.1914,26184511
MSFT,2024-04-18,286.8328,45629503
MSFT,2024-04-19,291.9951,27593761
MSFT,2024-04-22,293.3705,27264205
MSFT,2024-04-23,286.5348,20005969
MSFT,2024-04-24,283.5206,32415581
MSFT,2024-04-25,285.3181,17365878
MSFT,2024-04-26,284.4639,21803841
MSFT,2024-04-29,284.9605,29308101
MSFT,2024-04-30,285.3014,30275257
MSFT,2024-05-01,282.2776,36986321
MSFT,2024-05-02,276.5792,36149063
MSFT,2024-05-03,275.9219,22460224
MSFT,2024-05-06,272.7812,21777727
MSFT,2024-05-07,277.4284,26820549
MSFT,2024-05-08,276.9069,25521804
MSFT,2024-05-09,275.3761,30695979
MSFT,2024-05-10,267.1435,33767331
MSFT,2024-05-13,266.2096,18726068
MSFT,2024-05-14,266.2883,24037869
MSFT,2024-05-15,264.529,26172460
MSFT,2024-05-16,260.5151,25567635
MSFT,2024-05-17,259.4553,16057380
MSFT,2024-05-20,260.433,13265193
MSFT,2024-05-21,261.3552,39255724
MSFT,2024-05-22,259.7094,30941198
MSFT,2024-05-23,257.9822,19093056
MSFT,2024-05-24,264.3429,27036238
MSFT,2024-05-28,264.6522,20571562
MSFT,2024-05-29,267.1627,22174280
MSFT,2024-05-30,266.7942,14912934
MSFT,2024-05-31,271.3182,36616015
MSFT,2024-06-03,265.263,23061663
MSFT,2024-06-04,273.1232,24835377
MSFT,2024-06-05,280.394,43489205
MSFT,2024-06-06,275.1484,23671224
MSFT,2024-06-07,278.7441,22007473
MSFT,2024-06-10,288.6413,29675779
MSFT,2024-06-11,291.1268,20007845
MSFT,2024-06-12,287.8897,32662038
MSFT,2024-06-13,310.8574,39514000
MSFT,2024-06-14,295.6112,31505376
MSFT,2024-06-17,299.441,23990542
MSFT,2024-06-18,285.8844,33267570
MSFT,2024-06-20,273.7352,22754557
MSFT,2024-06-21,266.2488,18154920
MSFT,2024-06-24,253.9441,19293586
MSFT,2024-06-25,265.5355,43135384
MSFT,2024-06-26,249.4223,36895933
MSFT,2024-06-27,244.6345,39213005
MSFT,2024-06-28,241.3165,42637224
MSFT,2024-07-01,250.8959,25751863
MSFT,2024-07-02,240.17,26466531
MSFT,2024-07-03,228.9868,27359517
MSFT,2024-07-05,239.9993,21703241
MSFT,2024-07-08,231.0655,17479521
MSFT,2024-07-09,220.4071,23116239
MSFT,2024-07-10,221.1691,19471570
MSFT,2024-07-11,222.3575,22484293
MSFT,2024-07-12,220.5522,86919714
MSFT,2024-07-15,222.7516,14403844
MSFT,2024-07-16,238.2464,37261569
MSFT,2024-07-17,242.3791,31335924
MSFT,2024-07-18,238.1076,21797128
MSFT,2024-07-19,240.2964,21522346
MSFT,2024-07-22,238.2469,26528453
MSFT,2024-07-23,238.9422,31630552
MSFT,2024-07-24,234.7585,23674332
MSFT,2024-07-25,233.696,37450371
MSFT,2024-07-26,228.3899,19979935
MSFT,2024-07-29,227.5243,17131257
MSFT,2024-07-30,225.9455,23988335
MSFT,2024-07-31,222.7859,50402656
MSFT,2024-08-01,219.366,14328525
MSFT,2024-08-02,218.2,26463365
MSFT,2024-08-05,217.6125,21510637
MSFT,2024-08-06,216.5502,20210276
MSFT,2024-08-07,223.6342,31476327
MSFT,2024-08-08,216.6528,30677028
MSFT,2024-08-09,211.444,28450359
MSFT,2024-08-12,215.0952,30547044
MSFT,2024-08-13,219.6521,26525055
MSFT,2024-08-14,223.2103,27226675
MSFT,2024-08-15,219.5825,32354658
MSFT,2024-08-16,219.4972,16805502
MSFT,2024-08-19,219.1696,33898098
MSFT,2024-08-20,218.2626,45075691
MSFT,2024-08-21,219.8749,29510039
MSFT,2024-08-22,220.1163,24878999
MSFT,2024-08-23,221.1291,41469587
MSFT,2024-08-26,217.6962,21253973
MSFT,2024-08-27,215.2973,29112122
MSFT,2024-08-28,213.7081,29546049
MSFT,2024-08-29,217.7255,28310527
MSFT,2024-08-30,218.4575,34830859
MSFT,2024-09-03,221.3458,24716400
MSFT,2024-09-04,222.1947,38710593
MSFT,2024-09-05,218.0178,16920885
MSFT,2024-09-06,219.3713,21971392
MSFT,2024-09-09,220.7748,25768685
MSFT,2024-09-10,226.969,23071663
MSFT,2024-09-11,231.0132,33400509
MSFT,2024-09-12,235.5632,25830257
MSFT,2024-09-13,237.6687,33133439
MSFT,2024-09-16,238.0448,19430219
MSFT,2024-09-17,246.0453,29493116
MSFT,2024-09-18,245.9423,23664094
MSFT,2024-09-19,243.8182,27105296
MSFT,2024-09-20,241.6395,23100753
MSFT,2024-09-23,250.3928,32212654
MSFT,2024-09-24,249.5233,29251774
MSFT,2024-09-25,251.7997,41057427
MSFT,2024-09-26,251.7459,26921825
MSFT,2024-09-27,254.9478,18609851
MSFT,2024-09-30,251.0751,46127516
MSFT,2024-10-01,252.0404,33092785
MSFT,2024-10-02,256.3269,16331504
MSFT,2024-10-03,254.4851,51524517
MSFT,2024-10-04,249.285,18292462
MSFT,2024-10-07,255.4023,22289723
MSFT,2024-10-08,258.5321,19594572
MSFT,2024-10-09,251.8143,41531640
MSFT,2024-10-10,252.0959,96496994
MSFT,2024-10-11,257.8349,26987513
MSFT,2024-10-14,258.553,24372203
MSFT,2024-10-15,264.0819,34030938
MSFT,2024-10-16,266.6442,19483020
MSFT,2024-10-17,265.973,37372002
MSFT,2024-10-18,266.9036,22778464
MSFT,2024-10-21,267.9806,14650792
MSFT,2024-10-22,269.8012,24287696
MSFT,2024-10-23,263.1565,43428401
MSFT,2024-10-24,266.4744,25697351
MSFT,2024-10-25,265.7867,16565950
MSFT,2024-10-28,267.3745,14627081
MSFT,2024-10-29,270.0354,30823214
MSFT,2024-10-30,264.4583,27437202
MSFT,2024-10-31,266.057,35010727
MSFT,2024-11-01,258.026,18401510
MSFT,2024-11-04,254.195,22138456
MSFT,2024-11-05,250.5024,33481514
MSFT,2024-11-06,247.1682,26862325
MSFT,2024-11-07,246.615,32147554
MSFT,2024-11-08,245.0018,20127535
MSFT,2024-11-11,245.7079,28929599
MSFT,2024-11-12,240.1215,27704308
MSFT,2024-11-13,237.8961,32001431
MSFT,2024-11-14,236.7847,28758749
MSFT,2024-11-15,238.6569,16340539
MSFT,2024-11-18,248.6484,29426406
MSFT,2024-11-19,255.2726,19003836
MSFT,2024-11-20,259.7995,23691775
MSFT,2024-11-21,256.1729,36376939
MSFT,2024-11-22,252.0062,18480109
MSFT,2024-11-25,252.8369,29749308
MSFT,2024-11-26,251.1926,21732112
MSFT,2024-11-27,252.3415,25942034
MSFT,2024-11-29,252.9962,0
MSFT,2024-12-02,255.646,16974877
MSFT,2024-12-03,254.3162,27717594
MSFT,2024-12-04,262.4864,29814423
MSFT,2024-12-05,260.0394,30435090
MSFT,2024-12-06,269.7742,25223962
MSFT,2024-12-09,259.6603,42369301
MSFT,2024-12-10,251.4246,34696790
MSFT,2024-12-11,244.4018,23580115
MSFT,2024-12-12,249.086,23268830
MSFT,2024-12-13,251.1527,20989260
MSFT,2024-12-16,257.7538,24916266
MSFT,2024-12-17,260.8849,19138709
MSFT,2024-12-18,262.027,24701327
MSFT,2024-12-19,260.2161,24802252
MSFT,2024-12-20,263.8005,33878350
MSFT,2024-12-23,268.0049,19682817
MSFT,2024-12-24,265.4182,41095990
MSFT,2024-12-26,264.0738,18585768
MSFT,2024-12-27,268.7715,31210000
MSFT,2024-12-30,261.9387,23570801
MSFT,2024-12-31,263.4911,24715700
NVDA,2023-01-03,147.0,409115722
NVDA,2023-01-04,149.7757,503126860
NVDA,2023-01-05,151.3473,399825312
NVDA,2023-01-06,148.5503,452803093
NVDA,2023-01-09,148.2165,2167976019
NVDA,2023-01-10,151.8897,415488493
NVDA,2023-01-11,163.2421,665450777
NVDA,2023-01-12,164.0298,378533708
NVDA,2023-01-13,153.6339,480331233
NVDA,2023-01-17,151.6666,317254981
NVDA,2023-01-18,157.4679,440224571
NVDA,2023-01-19,156.9353,460301232
NVDA,2023-01-20,159.4097,387809107
NVDA,2023-01-23,159.1899,319918858
NVDA,2023-01-24,155.2067,401289840
NVDA,2023-01-25,160.0312,324510618
NVDA,2023-01-26,167.0452,509260518
NVDA,2023-01-27,160.456,317333612
NVDA,2023-01-30,146.7108,434594998
NVDA,2023-01-31,143.7914,465569858
NVDA,2023-02-01,152.0285,575272862
NVDA,2023-02-02,144.7995,598387351
NVDA,2023-02-03,145.5865,444066645
NVDA,2023-02-06,150.7516,363108128
NVDA,2023-02-07,152.4706,666406253
NVDA,2023-02-08,152.2286,419198143
NVDA,2023-02-09,157.8818,452932830
NVDA,2023-02-10,161.3741,318781827
NVDA,2023-02-13,161.6791,406849758
NVDA,2023-02-14,163.3586,763302522
NVDA,2023-02-15,167.2718,443217554
NVDA,2023-02-16,161.6284,364876267
NVDA,2023-02-17,169.1378,395354971
NVDA,2023-02-21,176.9263,439505624
NVDA,2023-02-22,170.1982,499659013
NVDA,2023-02-23,171.7394,376397146
NVDA,2023-02-24,168.2228,595327508
NVDA,2023-02-27,160.1969,390271783
NVDA,2023-02-28,151.1448,913270725
NVDA,2023-03-01,150.6593,355845956
NVDA,2023-03-02,144.2841,510215965
NVDA,2023-03-03,152.1853,377997701
NVDA,2023-03-06,151.4064,420830437
NVDA,2023-03-07,155.3217,457425854
NVDA,2023-03-08,159.9292,515158027
NVDA,2023-03-09,159.5575,408647888
NVDA,2023-03-10,157.3947,314707983
NVDA,2023-03-13,162.4257,425293770
NVDA,2023-03-14,159.6756,480814562
NVDA,2023-03-15,159.4667,398298341
NVDA,2023-03-16,155.5299,248138847
NVDA,2023-03-17,151.9314,347651177
NVDA,2023-03-20,151.1442,501301642
NVDA,2023-03-21,147.7463,503317346
NVDA,2023-03-22,145.8626,361191722
NVDA,2023-03-23,145.0561,564697827
NVDA,2023-03-24,153.6758,567394251
NVDA,2023-03-27,149.0903,310545149
NVDA,2023-03-28,152.2398,408677727
NVDA,2023-03-29,148.7843,421544625
NVDA,2023-03-30,145.6982,417091525
NVDA,2023-03-31,140.0959,451365969
NVDA,2023-04-03,137.7197,305622730
NVDA,2023-04-04,143.9028,274577963
NVDA,2023-04-05,143.7724,375426215
NVDA,2023-04-06,143.1594,419187192
NVDA,2023-04-10,143.1536,329554073
NVDA,2023-04-11,139.9648,1729687729
NVDA,2023-04-12,138.7847,395403604
NVDA,2023-04-13,148.9501,539937457
NVDA,2023-04-14,156.801,401302049
NVDA,2023-04-17,166.4052,407796449
NVDA,2023-04-18,175.9069,480496765
NVDA,2023-04-19,185.6162,803887499
NVDA,2023-04-20,193.1924,512838655
NVDA,2023-04-21,193.214,320119754
NVDA,2023-04-24,186.463,368570326
NVDA,2023-04-25,185.8051,294037645
NVDA,2023-04-26,185.8899,391776674
NVDA,2023-04-27,181.0307,364423463
NVDA,2023-04-28,189.1615,605111632
NVDA,2023-05-01,188.3975,382566154
NVDA,2023-05-02,190.8211,396077833
NVDA,2023-05-03,191.5006,446994226
NVDA,2023-05-04,196.3033,524745687
NVDA,2023-05-05,195.4599,328477182
NVDA,2023-05-08,191.8354,551065211
NVDA,2023-05-09,189.5715,324403695
NVDA,2023-05-10,184.5537,813431315
NVDA,2023-05-11,193.2647,343358316
NVDA,2023-05-12,195.2666,406160865
NVDA,2023-05-15,200.4968,359052825
NVDA,2023-05-16,203.7116,527038219
NVDA,2023-05-17,205.5556,303958740
NVDA,2023-05-18,212.9645,467408806
NVDA,2023-05-19,210.178,378302217
NVDA,2023-05-22,211.2274,465679601
NVDA,2023-05-23,203.4824,559992121
NVDA,2023-05-24,194.8099,550057863
NVDA,2023-05-25,192.0081,438315107
NVDA,2023-05-26,189.9373,186825231
NVDA,2023-05-30,174.449,349046677
NVDA,2023-05-31,174.7496,545710364
NVDA,2023-06-01,168.4488,403754025
NVDA,2023-06-02,177.556,390657145
NVDA,2023-06-05,186.494,362242621
NVDA,2023-06-06,181.0296,856939259
NVDA,2023-06-07,182.6787,462126506
NVDA,2023-06-08,174.8263,443451377
NVDA,2023-06-09,174.7551,470471811
NVDA,2023-06-12,173.6162,594389838
NVDA,2023-06-13,177.3,306592377
NVDA,2023-06-14,180.8048,381892661
NVDA,2023-06-15,177.2749,417040652
NVDA,2023-06-16,177.2777,306070769
NVDA,2023-06-20,170.1259,735183145
NVDA,2023-06-21,163.3213,405202586
NVDA,2023-06-22,154.7866,580500887
NVDA,2023-06-23,154.1069,302167121
NVDA,2023-06-26,151.0329,464688948
NVDA,2023-06-27,154.715,561681081
NVDA,2023-06-28,143.0195,545428552
NVDA,2023-06-29,147.5254,701122774
NVDA,2023-06-30,146.5148,583471668
NVDA,2023-07-03,153.6336,527137771
NVDA,2023-07-05,158.8223,463324777
NVDA,2023-07-06,165.7122,718620244
NVDA,2023-07-07,175.6071,282749579
NVDA,2023-07-10,180.2906,290653590
NVDA,2023-07-11,178.3719,450542339
NVDA,2023-07-12,179.8249,1053345768
NVDA,2023-07-13,171.044,611244538
NVDA,2023-07-14,171.6969,344703044
NVDA,2023-07-17,168.6564,704342353
NVDA,2023-07-18,174.1798,776210950
NVDA,2023-07-19,225.4145,472063874
NVDA,2023-07-20,178.2326,431638562
NVDA,2023-07-21,183.9875,447169638
NVDA,2023-07-24,184.6692,240827665
NVDA,2023-07-25,187.9662,452362670
NVDA,2023-07-26,179.343,419022369
NVDA,2023-07-27,183.5417,365335064
NVDA,2023-07-28,188.057,533046223
NVDA,2023-07-31,184.0022,532937605
NVDA,2023-08-01,186.0291,425370029
NVDA,2023-08-02,181.4451,458518039
NVDA,2023-08-03,187.6494,406349512
NVDA,2023-08-04,174.3947,704899700
NVDA,2023-08-07,171.7644,493501675
NVDA,2023-08-08,177.6998,428823940
NVDA,2023-08-09,182.6453,426055859
NVDA,2023-08-10,176.683,423669742
NVDA,2023-08-11,181.2299,306383212
NVDA,2023-08-14,185.9776,269388769
NVDA,2023-08-15,191.8746,646478476
NVDA,2023-08-16,194.9632,591676975
NVDA,2023-08-17,199.8857,358179184
NVDA,2023-08-18,199.3633,301197898
NVDA,2023-08-21,199.3744,364459424
NVDA,2023-08-22,195.8973,501749985
NVDA,2023-08-23,196.3323,454431504
NVDA,2023-08-24,193.1555,678524369
NVDA,2023-08-25,189.0713,304468445
NVDA,2023-08-28,188.9575,490073720
NVDA,2023-08-29,192.8317,456951451
NVDA,2023-08-30,190.2763,541378477
NVDA,2023-08-31,184.0718,857095297
NVDA,2023-09-01,192.5326,383924118
NVDA,2023-09-05,190.8369,494559793
NVDA,2023-09-06,196.3161,247282551
NVDA,2023-09-07,193.8719,430160950
NVDA,2023-09-08,194.5817,397495250
NVDA,2023-09-11,201.7489,460202132
NVDA,2023-09-12,194.2553,419491857
NVDA,2023-09-13,189.0086,595817510
NVDA,2023-09-14,187.6708,603115986
NVDA,2023-09-15,194.1642,304378352
NVDA,2023-09-18,201.6598,557224121
NVDA,2023-09-19,220.7208,748756357
NVDA,2023-09-20,225.1922,522763966
NVDA,2023-09-21,245.941,563141015
NVDA,2023-09-22,279.8863,777885000
NVDA,2023-09-25,290.7534,554945879
NVDA,2023-09-26,292.6029,448714879
NVDA,2023-09-27,303.1256,559516769
NVDA,2023-09-28,321.2719,774614577
NVDA,2023-09-29,322.4396,458014081
NVDA,2023-10-02,314.2465,322115425
NVDA,2023-10-03,280.9523,445598163
NVDA,2023-10-04,282.0297,363620922
NVDA,2023-10-05,288.2949,511024050
NVDA,2023-10-06,297.8582,356995638
NVDA,2023-10-09,315.2369,229320075
NVDA,2023-10-10,299.3022,3199011314
NVDA,2023-10-11,330.275,520669693
NVDA,2023-10-12,363.6618,624309750
NVDA,2023-10-13,351.0528,693719443
NVDA,2023-10-16,329.5618,533746388
NVDA,2023-10-17,341.8414,546686648
NVDA,2023-10-18,386.9689,640096462
NVDA,2023-10-19,412.5444,418983289
NVDA,2023-10-20,424.3798,340464789
NVDA,2023-10-23,469.794,618496429
NVDA,2023-10-24,465.1794,407560971
NVDA,2023-10-25,457.9967,367713334
NVDA,2023-10-26,456.618,319256772
NVDA,2023-10-27,465.6254,418046368
NVDA,2023-10-30,482.5032,474207306
NVDA,2023-10-31,490.7613,641150192
NVDA,2023-11-01,499.5888,399475304
NVDA,2023-11-02,528.2631,230176658
NVDA,2023-11-03,482.5114,503344219
NVDA,2023-11-06,503.5601,288589654
NVDA,2023-11-07,499.5663,709938404
NVDA,2023-11-08,468.432,435615403
NVDA,2023-11-09,453.2968,614084964
NVDA,2023-11-10,451.7346,408889783
NVDA,2023-11-13,455.9426,321424888
NVDA,2023-11-14,446.444,695122577
NVDA,2023-11-15,458.4496,574609914
NVDA,2023-11-16,460.9788,540323285
NVDA,2023-11-17,451.6012,429508587
NVDA,2023-11-20,454.9875,533231128
NVDA,2023-11-21,453.2713,683916248
NVDA,2023-11-22,453.5925,462523119
NVDA,2023-11-24,440.4776,457956297
NVDA,2023-11-27,435.4719,245835576
NVDA,2023-11-28,422.4819,461466033
NVDA,2023-11-29,420.3986,398375160
NVDA,2023-11-30,426.8382,565307198
NVDA,2023-12-01,423.5595,319014193
NVDA,2023-12-04,428.0903,361286008
NVDA,2023-12-05,444.4762,372408245
NVDA,2023-12-06,450.1352,275405675
NVDA,2023-12-07,450.4574,411412421
NVDA,2023-12-08,461.3872,537845930
NVDA,2023-12-11,468.7459,198670771
NVDA,2023-12-12,474.3399,625333636
NVDA,2023-12-13,472.2792,303086486
NVDA,2023-12-14,496.7653,512018908
NVDA,2023-12-15,496.2928,438450585
NVDA,2023-12-18,506.5042,449065626
NVDA,2023-12-19,520.1756,368647557
NVDA,2023-12-20,521.4398,586468986
NVDA,2023-12-21,533.1353,423198657
NVDA,2023-12-22,541.8528,254786826
NVDA,2023-12-26,511.3827,925532832
NVDA,2023-12-27,503.9952,366656544
NVDA,2023-12-28,476.0089,671465169
NVDA,2023-12-29,474.2443,750840409
NVDA,2024-01-02,462.3107,327327820
NVDA,2024-01-03,456.5704,265794298
NVDA,2024-01-04,451.9342,390169338
NVDA,2024-01-05,453.4382,334667436
NVDA,2024-01-08,463.3605,539213812
NVDA,2024-01-09,458.3264,428011205
NVDA,2024-01-10,465.3569,1632716340
NVDA,2024-01-11,448.0606,587270641
NVDA,2024-01-12,434.6096,358748090
NVDA,2024-01-16,449.5085,534825294
NVDA,2024-01-17,448.5114,319581463
NVDA,2024-01-18,435.8092,497700430
NVDA,2024-01-19,431.5726,334448554
NVDA,2024-01-22,455.7386,359175610
NVDA,2024-01-23,451.8669,482162396
NVDA,2024-01-24,433.735,369418596
NVDA,2024-01-25,442.2667,632932112
NVDA,2024-01-26,440.3353,696677501
NVDA,2024-01-29,438.3347,489099094
NVDA,2024-01-30,414.7455,792421177
NVDA,2024-01-31,441.9922,697040899
NVDA,2024-02-01,474.374,381648873
NVDA,2024-02-02,458.0507,369537987
NVDA,2024-02-05,431.9004,711984154
NVDA,2024-02-06,439.0066,559096570
NVDA,2024-02-07,443.2748,550176415
NVDA,2024-02-08,456.6284,516205406
NVDA,2024-02-09,464.3857,428100528
NVDA,2024-02-12,455.2363,410507471
NVDA,2024-02-13,429.2386,472021561
NVDA,2024-02-14,403.7176,274881969
NVDA,2024-02-15,395.5193,702739947
NVDA,2024-02-16,417.5585,610762451
NVDA,2024-02-20,404.4793,435460482
NVDA,2024-02-21,402.044,504241577
NVDA,2024-02-22,420.3301,663171818
NVDA,2024-02-23,450.9868,671254221
NVDA,2024-02-26,435.99,379712236
NVDA,2024-02-27,431.9797,288898320
NVDA,2024-02-28,425.9074,319806065
NVDA,2024-02-29,436.7534,976723951
NVDA,2024-03-01,427.1696,503667645
NVDA,2024-03-04,420.6016,499477778
NVDA,2024-03-05,407.0557,530252572
NVDA,2024-03-06,412.5095,434058171
NVDA,2024-03-07,424.2195,624891478
NVDA,2024-03-08,440.1019,563311022
NVDA,2024-03-11,429.6387,336805490
NVDA,2024-03-12,439.1588,280110770
NVDA,2024-03-13,413.5961,654786549
NVDA,2024-03-14,424.9278,427605134
NVDA,2024-03-15,412.4163,321659357
NVDA,2024-03-18,407.3887,278436756
NVDA,2024-03-19,417.8278,415005130
NVDA,2024-03-20,407.0201,399463115
NVDA,2024-03-21,439.2882,494255819
NVDA,2024-03-22,439.0322,187424398
NVDA,2024-03-25,427.5008,594290385
NVDA,2024-03-26,409.0603,375198443
NVDA,2024-03-27,406.7915,433044824
NVDA,2024-03-28,427.711,527615959
NVDA,2024-04-01,436.5607,368944425
NVDA,2024-04-02,428.913,422653974
NVDA,2024-04-03,426.413,375522430
NVDA,2024-04-04,416.3929,670956972
NVDA,2024-04-05,428.4402,409327475
NVDA,2024-04-08,424.3937,487630217
NVDA,2024-04-09,433.3328,500476166
NVDA,2024-04-10,427.4516,411665126
NVDA,2024-04-11,427.5419,1755055843
NVDA,2024-04-12,404.8349,479438295
NVDA,2024-04-15,392.9445,494539506
NVDA,2024-04-16,409.2552,302713040
NVDA,2024-04-17,425.9455,297900406
NVDA,2024-04-18,450.7561,492844161
NVDA,2024-04-19,449.3134,410123438
NVDA,2024-04-22,441.2353,282022236
NVDA,2024-04-23,421.759,361852811
NVDA,2024-04-24,419.3329,652972390
NVDA,2024-04-25,419.2069,534928136
NVDA,2024-04-26,437.2605,352948947
NVDA,2024-04-29,424.4488,318450580
NVDA,2024-04-30,426.4373,427245696
NVDA,2024-05-01,456.4898,682640044
NVDA,2024-05-02,481.6098,603374184
NVDA,2024-05-03,507.9512,265746579
NVDA,2024-05-06,490.9243,273580714
NVDA,2024-05-07,486.8931,763147710
NVDA,2024-05-08,497.2514,237516466
NVDA,2024-05-09,500.3947,319856517
NVDA,2024-05-10,512.2387,379018971
NVDA,2024-05-13,506.4951,290264072
NVDA,2024-05-14,518.1201,804174288
NVDA,2024-05-15,525.3174,424186834
NVDA,2024-05-16,529.5633,300674968
NVDA,2024-05-17,541.3022,302850614
NVDA,2024-05-20,544.718,360506553
NVDA,2024-05-21,543.8573,432757239
NVDA,2024-05-22,548.7372,375560303
NVDA,2024-05-23,524.1905,670071520
NVDA,2024-05-24,522.1304,370831437
NVDA,2024-05-28,547.7382,510185871
NVDA,2024-05-29,553.0328,574146171
NVDA,2024-05-30,547.0523,480014058
NVDA,2024-05-31,556.9934,386857879
NVDA,2024-06-03,535.3414,555365962
NVDA,2024-06-04,587.1115,592829923
NVDA,2024-06-05,628.0741,276115054
NVDA,2024-06-06,611.0246,675408632
NVDA,2024-06-07,614.2715,334336620
NVDA,2024-06-10,577.4788,464976323
NVDA,2024-06-11,544.596,626351335
NVDA,2024-06-12,563.7044,659402462
NVDA,2024-06-13,612.7222,364008820
NVDA,2024-06-14,558.1815,673293095
NVDA,2024-06-17,561.6496,702688225
NVDA,2024-06-18,562.0721,372376337
NVDA,2024-06-20,591.0864,547979962
NVDA,2024-06-21,676.2857,419692263
NVDA,2024-06-24,653.0301,375031388
NVDA,2024-06-25,665.3132,568051821
NVDA,2024-06-26,633.9381,587743614
NVDA,2024-06-27,615.6677,421207841
NVDA,2024-06-28,601.373,570333081
NVDA,2024-07-01,627.0492,415717113
NVDA,2024-07-02,651.9467,390014972
NVDA,2024-07-03,668.2184,505526107
NVDA,2024-07-05,705.7565,445617261
NVDA,2024-07-08,715.876,464122790
NVDA,2024-07-09,663.709,614791371
NVDA,2024-07-10,621.8929,654818594
NVDA,2024-07-11,632.4018,413909676
NVDA,2024-07-12,707.9858,1607795536
NVDA,2024-07-15,791.6799,643451716
NVDA,2024-07-16,838.7309,948681875
NVDA,2024-07-17,901.0958,509308624
NVDA,2024-07-18,897.1625,459025774
NVDA,2024-07-19,901.4782,550057242
NVDA,2024-07-22,869.401,409313465
NVDA,2024-07-23,884.7152,521168414
NVDA,2024-07-24,835.8066,669616722
NVDA,2024-07-25,805.8126,578435767
NVDA,2024-07-26,834.213,480988645
NVDA,2024-07-29,784.4964,618623156
NVDA,2024-07-30,799.3015,502081128
NVDA,2024-07-31,780.8917,418173072
NVDA,2024-08-01,785.1286,449029178
NVDA,2024-08-02,771.7886,364026828
NVDA,2024-08-05,770.9226,383601734
NVDA,2024-08-06,775.9874,584538357
NVDA,2024-08-07,777.3814,326575556
NVDA,2024-08-08,770.7444,281047252
NVDA,2024-08-09,764.8351,360561125
NVDA,2024-08-12,769.3268,358714236
NVDA,2024-08-13,807.1198,441029448
NVDA,2024-08-14,831.0532,547100846
NVDA,2024-08-15,860.3893,485776649
NVDA,2024-08-16,883.8352,331901055
NVDA,2024-08-19,884.6862,318744321
NVDA,2024-08-20,868.1794,521567988
NVDA,2024-08-21,867.8022,375980165
NVDA,2024-08-22,888.7278,625341513
NVDA,2024-08-23,921.1514,492439431
NVDA,2024-08-26,933.2238,464435666
NVDA,2024-08-27,928.8533,536164451
NVDA,2024-08-28,945.6598,540618429
NVDA,2024-08-29,1016.1642,445776439
NVDA,2024-08-30,995.6856,568103210
NVDA,2024-09-03,984.1704,355429339
NVDA,2024-09-04,981.547,480336752
NVDA,2024-09-05,952.2398,402213652
NVDA,2024-09-06,939.2804,354234246
NVDA,2024-09-09,940.3026,580475736
NVDA,2024-09-10,991.4876,467302724
NVDA,2024-09-11,1009.4567,609469829
NVDA,2024-09-12,1043.4817,288379262
NVDA,2024-09-13,1048.9891,657940768
NVDA,2024-09-16,1079.6973,292428236
NVDA,2024-09-17,1124.2224,439505405
NVDA,2024-09-18,1075.6543,437002495
NVDA,2024-09-19,1073.0391,592558659
NVDA,2024-09-20,1063.2672,433541216
NVDA,2024-09-23,1022.7879,347778270
NVDA,2024-09-24,995.0914,344315985
NVDA,2024-09-25,1052.8552,501918779
NVDA,2024-09-26,1082.2652,358649559
NVDA,2024-09-27,1104.7804,498321907
NVDA,2024-09-30,1129.9158,502542771
NVDA,2024-10-01,1141.6287,325865527
NVDA,2024-10-02,1141.1618,650925489
NVDA,2024-10-03,1142.3862,356879956
NVDA,2024-10-04,1102.3478,291932120
NVDA,2024-10-07,1122.061,447443810
NVDA,2024-10-08,1137.5029,375912599
NVDA,2024-10-09,1185.3413,525031469
NVDA,2024-10-10,1253.2183,1621541122
NVDA,2024-10-11,1218.4662,358308317
NVDA,2024-10-14,1205.3483,301817066
NVDA,2024-10-15,1268.638,430399249
NVDA,2024-10-16,1295.3969,437895674
NVDA,2024-10-17,1345.8979,603202150
NVDA,2024-10-18,1417.1772,459340925
NVDA,2024-10-21,1455.5003,508698108
NVDA,2024-10-22,1406.2336,544674385
NVDA,2024-10-23,1454.416,316504879
NVDA,2024-10-24,1465.4363,456091280
NVDA,2024-10-25,1433.7405,397917735
NVDA,2024-10-28,1411.5967,339246903
NVDA,2024-10-29,1395.4106,472293958
NVDA,2024-10-30,1407.8625,441433896
NVDA,2024-10-31,1434.4962,346621018
NVDA,2024-11-01,1460.7423,375940051
NVDA,2024-11-04,1401.3991,307900781
NVDA,2024-11-05,1382.3301,673075747
NVDA,2024-11-06,1308.5156,533631518
NVDA,2024-11-07,1296.8562,437015959
NVDA,2024-11-08,1252.3712,435982311
NVDA,2024-11-11,1202.4916,309291052
NVDA,2024-11-12,1188.3337,625474379
NVDA,2024-11-13,1210.6745,308683204
NVDA,2024-11-14,1204.7261,492459006
NVDA,2024-11-15,1189.3271,382473015
NVDA,2024-11-18,1252.8665,340831921
NVDA,2024-11-19,1244.6727,665158865
NVDA,2024-11-20,1234.9066,510580716
NVDA,2024-11-21,1250.5392,502360156
NVDA,2024-11-22,1256.8629,406405217
NVDA,2024-11-25,1203.3742,553848328
NVDA,2024-11-26,1136.4145,708222521
NVDA,2024-11-27,1124.4699,566191934
NVDA,2024-11-29,1152.0695,564025751
NVDA,2024-12-02,1089.4622,544560950
NVDA,2024-12-03,1094.9525,413532741
NVDA,2024-12-04,1079.9403,554706693
NVDA,2024-12-05,1112.7785,358893059
NVDA,2024-12-06,1157.8777,499931240
NVDA,2024-12-09,1123.7889,433595688
NVDA,2024-12-10,1104.9687,367042783
NVDA,2024-12-11,1122.6682,325070511
NVDA,2024-12-12,1065.2266,510645573
NVDA,2024-12-13,1040.218,396829818
NVDA,2024-12-16,980.3453,480721611
NVDA,2024-12-17,994.4582,446473065
NVDA,2024-12-18,976.8815,469426524
NVDA,2024-12-19,970.0204,607010491
NVDA,2024-12-20,1022.2918,324574876
NVDA,2024-12-23,1081.1228,319403051
NVDA,2024-12-24,1097.1542,608718157
NVDA,2024-12-26,1084.8372,323801848
NVDA,2024-12-27,1090.0693,491379562
NVDA,2024-12-30,1063.9822,253871906
NVDA,2024-12-31,1110.313,637110205
PG,2023-01-03,151.0,3949929
PG,2023-01-04,151.5911,5078072
PG,2023-01-05,151.133,6222214
PG,2023-01-06,149.7479,6766311
PG,2023-01-09,148.249,18417859
PG,2023-01-10,147.8984,5684653
PG,2023-01-11,146.6396,7071989
PG,2023-01-12,148.1692,12706130
PG,2023-01-13,147.6289,5833672
PG,2023-01-17,148.9522,7887739
PG,2023-01-18,149.236,6125806
PG,2023-01-19,149.3501,6689281
PG,2023-01-20,149.0367,8124833
PG,2023-01-23,149.4366,6668661
PG,2023-01-24,149.0255,7262561
PG,2023-01-25,147.8189,7340612
PG,2023-01-26,148.1823,8341232
PG,2023-01-27,146.4126,7484762
PG,2023-01-30,146.4448,4263621
PG,2023-01-31,145.8168,13351861
PG,2023-02-01,147.3147,5530075
PG,2023-02-02,147.2489,7314255
PG,2023-02-03,145.7949,4222468
PG,2023-02-06,146.3194,5740072
PG,2023-02-07,146.4405,6882542
PG,2023-02-08,147.7838,6961415
PG,2023-02-09,147.4566,8399547
PG,2023-02-10,148.2353,5805599
PG,2023-02-13,149.4075,5447859
PG,2023-02-14,147.7451,8807491
PG,2023-02-15,147.1193,7001115
PG,2023-02-16,146.4601,8116047
PG,2023-02-17,148.7414,4893130
PG,2023-02-21,148.9076,3939681
PG,2023-02-22,149.3386,7551023
PG,2023-02-23,148.5231,8458875
PG,2023-02-24,146.1694,8288466
PG,2023-02-27,147.2655,5371897
PG,2023-02-28,148.0636,6458725
PG,2023-03-01,146.375,4618369
PG,2023-03-02,148.0551,9734855
PG,2023-03-03,148.2,4783695
PG,2023-03-06,148.6669,4401504
PG,2023-03-07,151.0279,12509840
PG,2023-03-08,152.953,6368198
PG,2023-03-09,152.7124,5775028
PG,2023-03-10,152.4434,3331691
PG,2023-03-13,155.3967,5798609
PG,2023-03-14,153.9909,4677864
PG,2023-03-15,155.332,7850128
PG,2023-03-16,154.9708,6922559
PG,2023-03-17,153.8155,4692124
PG,2023-03-20,153.7669,6739847
PG,2023-03-21,154.0811,6555487
PG,2023-03-22,154.4544,5655451
PG,2023-03-23,155.0178,7882209
PG,2023-03-24,156.3896,4597333
PG,2023-03-27,157.1413,6238074
PG,2023-03-28,155.131,6809861
PG,2023-03-29,155.3666,7907032
PG,2023-03-30,153.4937,7889369
PG,2023-03-31,150.9609,14488310
PG,2023-04-03,152.4939,9312432
PG,2023-04-04,153.3861,6456599
PG,2023-04-05,152.1197,6739133
PG,2023-04-06,152.5191,5636494
PG,2023-04-10,151.8611,7126610
PG,2023-04-11,153.9913,37392100
PG,2023-04-12,154.0812,6674411
PG,2023-04-13,153.7669,7169799
PG,2023-04-14,156.4205,6791077
PG,2023-04-17,153.5696,8871764
PG,2023-04-18,154.9831,9122696
PG,2023-04-19,156.8446,7552771
PG,2023-04-20,158.4002,7088602
PG,2023-04-21,157.807,7280087
PG,2023-04-24,157.1027,5625337
PG,2023-04-25,158.1116,5762144
PG,2023-04-26,157.1913,5057862
PG,2023-04-27,161.2346,12745630
PG,2023-04-28,160.6106,16142470
PG,2023-05-01,161.2031,7702400
PG,2023-05-02,162.2349,8724864
PG,2023-05-03,161.44,6543950
PG,2023-05-04,159.3425,7813609
PG,2023-05-05,160.1025,9184520
PG,2023-05-08,159.5276,7120471
PG,2023-05-09,160.2699,6676691
PG,2023-05-10,160.9391,8657979
PG,2023-05-11,162.6523,7356146
PG,2023-05-12,163.1056,10818724
PG,2023-05-15,163.4487,8516746
PG,2023-05-16,162.8859,7387612
PG,2023-05-17,164.2706,5977198
PG,2023-05-18,163.7496,5824812
PG,2023-05-19,162.5667,5451423
PG,2023-05-22,162.1231,4096790
PG,2023-05-23,162.0995,4941622
PG,2023-05-24,162.7133,8858243
PG,2023-05-25,165.4501,6905863
PG,2023-05-26,163.2137,6101454
PG,2023-05-30,162.7745,8821807
PG,2023-05-31,163.6318,11296112
PG,2023-06-01,165.5747,8705982
PG,2023-06-02,164.2468,8459075
PG,2023-06-05,166.6264,6742808
PG,2023-06-06,167.7938,8235600
PG,2023-06-07,170.3612,9669942
PG,2023-06-08,170.3676,10869012
PG,2023-06-09,171.6626,5366165
PG,2023-06-12,172.0235,6680654
PG,2023-06-13,172.0382,10019461
PG,2023-06-14,170.8987,8042127
PG,2023-06-15,172.8737,9173986
PG,2023-06-16,172.8368,7967832
PG,2023-06-20,170.6177,8324410
PG,2023-06-21,168.2594,9522737
PG,2023-06-22,169.1386,6811604
PG,2023-06-23,170.9927,6899149
PG,2023-06-26,171.4627,7731786
PG,2023-06-27,172.1431,9845207
PG,2023-06-28,173.9338,7086205
PG,2023-06-29,174.4839,5907766
PG,2023-06-30,178.6452,11858872
PG,2023-07-03,179.2857,7156608
PG,2023-07-05,179.0326,8082808
PG,2023-07-06,181.8485,4888177
PG,2023-07-07,179.998,6948719
PG,2023-07-10,180.1244,7437080
PG,2023-07-11,177.5618,9007639
PG,2023-07-12,177.8501,23056704
PG,2023-07-13,179.9439,4829210
PG,2023-07-14,180.9894,7565168
PG,2023-07-17,179.6715,8278216
PG,2023-07-18,179.6028,11701059
PG,2023-07-19,180.548,7515869
PG,2023-07-20,179.0518,10025311
PG,2023-07-21,178.1976,8297705
PG,2023-07-24,179.6983,11843062
PG,2023-07-25,180.0487,6735515
PG,2023-07-26,176.8158,4446829
PG,2023-07-27,176.847,12113192
PG,2023-07-28,177.9799,5994374
PG,2023-07-31,176.8583,9426859
PG,2023-08-01,178.3401,7291096
PG,2023-08-02,176.7088,9454820
PG,2023-08-03,175.7121,7586051
PG,2023-08-04,177.0051,4240731
PG,2023-08-07,177.5898,6901361
PG,2023-08-08,176.9732,6514495
PG,2023-08-09,175.9445,7349846
PG,2023-08-10,176.7077,7487526
PG,2023-08-11,175.4753,0
PG,2023-08-14,171.4206,5109953
PG,2023-08-15,169.387,6873079
PG,2023-08-16,170.3445,12548906
PG,2023-08-17,174.2163,7251728
PG,2023-08-18,173.0496,9178759
PG,2023-08-21,173.6341,8366960
PG,2023-08-22,172.8218,4728945
PG,2023-08-23,169.2572,10701999
PG,2023-08-24,167.7248,4604330
PG,2023-08-25,169.7726,3454239
PG,2023-08-28,170.8509,5870240
PG,2023-08-29,170.5578,7033061
PG,2023-08-30,168.8634,4625953
PG,2023-08-31,169.0572,11091743
PG,2023-09-01,168.6908,7604859
PG,2023-09-05,166.0184,7889939
PG,2023-09-06,168.393,7154790
PG,2023-09-07,165.3683,10995799
PG,2023-09-08,165.0184,6570296
PG,2023-09-11,164.3446,6526692
PG,2023-09-12,166.1113,5659547
PG,2023-09-13,163.9992,7770937
PG,2023-09-14,165.3361,9431827
PG,2023-09-15,164.4849,6770356
PG,2023-09-18,165.6618,4604643
PG,2023-09-19,167.3887,5948602
PG,2023-09-20,171.6127,7431347
PG,2023-09-21,179.1592,7882790
PG,2023-09-22,178.2911,11174110
PG,2023-09-25,175.2086,6741374
PG,2023-09-26,173.5559,10081601
PG,2023-09-27,173.1003,7812742
PG,2023-09-28,171.3986,7054256
PG,2023-09-29,180.5975,9331630
PG,2023-10-02,179.259,5456896
PG,2023-10-03,176.0964,9313609
PG,2023-10-04,175.9644,8738082
PG,2023-10-05,173.1403,6373887
PG,2023-10-06,171.9406,5326312
PG,2023-10-09,173.142,4232371
PG,2023-10-10,171.9203,20821628
PG,2023-10-11,177.639,8943844
PG,2023-10-12,181.3449,10088497
PG,2023-10-13,187.7132,9704411
PG,2023-10-16,183.8177,7420344
PG,2023-10-17,183.1547,7101589
PG,2023-10-18,186.0911,9392977
PG,2023-10-19,186.7926,6817222
PG,2023-10-20,185.1056,5730681
PG,2023-10-23,185.8512,7047489
PG,2023-10-24,185.7262,8292912
PG,2023-10-25,188.4983,8244263
PG,2023-10-26,192.9989,11092247
PG,2023-10-27,197.8968,7617691
PG,2023-10-30,199.9385,7712934
PG,2023-10-31,202.5972,13611822
PG,2023-11-01,200.7544,6443085
PG,2023-11-02,198.7224,7270082
PG,2023-11-03,191.4241,4814604
PG,2023-11-06,195.105,6769828
PG,2023-11-07,194.0387,6746131
PG,2023-11-08,196.8923,6456539
PG,2023-11-09,195.1025,6678005
PG,2023-11-10,196.543,4188723
PG,2023-11-13,195.275,6814950
PG,2023-11-14,188.7173,6661486
PG,2023-11-15,188.7791,4685133
PG,2023-11-16,189.2673,7434416
PG,2023-11-17,189.3731,5673071
PG,2023-11-20,191.1072,5609377
PG,2023-11-21,191.5829,14000915
PG,2023-11-22,189.886,7193933
PG,2023-11-24,187.7717,8162193
PG,2023-11-27,185.1439,7142196
PG,2023-11-28,185.7791,9846559
PG,2023-11-29,190.2721,7241907
PG,2023-11-30,190.5382,9160548
PG,2023-12-01,189.835,7869554
PG,2023-12-04,189.6295,8145467
PG,2023-12-05,189.1029,8150555
PG,2023-12-06,190.829,8731721
PG,2023-12-07,189.6214,9822936
PG,2023-12-08,188.9423,5789834
PG,2023-12-11,192.206,5652209
PG,2023-12-12,191.78,7936774
PG,2023-12-13,192.3389,5414399
PG,2023-12-14,190.4545,11557527
PG,2023-12-15,194.5432,6523569
PG,2023-12-18,196.6156,6340940
PG,2023-12-19,200.319,8860820
PG,2023-12-20,199.7279,5386076
PG,2023-12-21,199.7758,5832668
PG,2023-12-22,199.7007,5984990
PG,2023-12-26,202.0951,9217710
PG,2023-12-27,201.5941,7567533
PG,2023-12-28,202.8135,6503556
PG,2023-12-29,206.0269,8358755
PG,2024-01-02,204.4188,9871133
PG,2024-01-03,204.2529,6619708
PG,2024-01-04,204.9297,8528306
PG,2024-01-05,202.1357,5414025
PG,2024-01-08,200.9521,9316331
PG,2024-01-09,202.919,10031064
PG,2024-01-10,204.8744,21878340
PG,2024-01-11,204.336,9314742
PG,2024-01-12,205.8903,5753396
PG,2024-01-16,207.3573,10110821
PG,2024-01-17,206.5389,6616780
PG,2024-01-18,208.5981,9344021
PG,2024-01-19,210.4042,6667766
PG,2024-01-22,212.5173,6162549
PG,2024-01-23,208.0692,5810161
PG,2024-01-24,204.4514,5856379
PG,2024-01-25,204.8467,7495300
PG,2024-01-26,201.3593,5386318
PG,2024-01-29,202.3277,6279359
PG,2024-01-30,197.8242,7359804
PG,2024-01-31,198.1027,14635451
PG,2024-02-01,199.8561,7659472
PG,2024-02-02,196.9181,6901623
PG,2024-02-05,196.4794,4306558
PG,2024-02-06,195.9116,9646565
PG,2024-02-07,193.5658,6649191
PG,2024-02-08,194.1504,5717830
PG,2024-02-09,195.5631,8993527
PG,2024-02-12,194.831,7795500
PG,2024-02-13,192.8678,6638453
PG,2024-02-14,192.5883,5786854
PG,2024-02-15,193.2141,6658636
PG,2024-02-16,194.967,4391168
PG,2024-02-20,193.58,10982051
PG,2024-02-21,191.3781,5691292
PG,2024-02-22,188.8989,8132928
PG,2024-02-23,187.8977,4484192
PG,2024-02-26,186.2231,5361416
PG,2024-02-27,185.7559,8558698
PG,2024-02-28,187.2549,4728928
PG,2024-02-29,187.2194,7006950
PG,2024-03-01,190.3964,7441064
PG,2024-03-04,187.6835,4898798
PG,2024-03-05,185.8356,7483345
PG,2024-03-06,188.7303,6741141
PG,2024-03-07,188.3652,6223176
PG,2024-03-08,189.8786,4122784
PG,2024-03-11,186.4652,4629380
PG,2024-03-12,187.3642,7693221
PG,2024-03-13,188.1738,12158116
PG,2024-03-14,187.5121,10355651
PG,2024-03-15,187.2731,5547608
PG,2024-03-18,186.9539,7398005
PG,2024-03-19,187.6759,6303041
PG,2024-03-20,187.0419,9221528
PG,2024-03-21,187.0357,6759729
PG,2024-03-22,189.8487,5926259
PG,2024-03-25,189.9644,3877606
PG,2024-03-26,186.877,9773804
PG,2024-03-27,186.6905,7827515
PG,2024-03-28,186.6757,8225423
PG,2024-04-01,186.8068,4823355
PG,2024-04-02,186.8405,6277699
PG,2024-04-03,190.009,8157704
PG,2024-04-04,192.4295,6035063
PG,2024-04-05,193.5897,5600646
PG,2024-04-08,192.6247,8470266
PG,2024-04-09,190.8881,4501102
PG,2024-04-10,189.6416,6235760
PG,2024-04-11,185.9653,18694205
PG,2024-04-12,185.9761,4487278
PG,2024-04-15,184.6318,6318479
PG,2024-04-16,182.8327,9456054
PG,2024-04-17,185.0174,8831814
PG,2024-04-18,186.3707,7031691
PG,2024-04-19,188.0604,5779533
PG,2024-04-22,187.0347,8470583
PG,2024-04-23,186.8362,6845134
PG,2024-04-24,183.5205,7797747
PG,2024-04-25,182.1299,6912652
PG,2024-04-26,181.2361,7337922
PG,2024-04-29,175.6827,7362089
PG,2024-04-30,178.1685,9327822
PG,2024-05-01,181.1102,7752120
PG,2024-05-02,181.5327,10787722
PG,2024-05-03,179.7678,5867370
PG,2024-05-06,179.5859,9241829
PG,2024-05-07,176.9559,5620139
PG,2024-05-08,175.2326,7495504
PG,2024-05-09,175.3141,9097716
PG,2024-05-10,173.2414,7246154
PG,2024-05-13,170.9518,6255875
PG,2024-05-14,169.1981,7947628
PG,2024-05-15,169.5608,5618900
PG,2024-05-16,170.065,9942029
PG,2024-05-17,169.5867,5683585
PG,2024-05-20,172.4596,6320163
PG,2024-05-21,173.6788,6887154
PG,2024-05-22,174.6211,5306347
PG,2024-05-23,176.7555,6435395
PG,2024-05-24,176.0749,5507322
PG,2024-05-28,176.4217,6220250
PG,2024-05-29,177.3172,5358624
PG,2024-05-30,180.9497,10043423
PG,2024-05-31,182.7416,6114565
PG,2024-06-03,177.3408,6103901
PG,2024-06-04,179.7282,8018949
PG,2024-06-05,187.9516,7378151
PG,2024-06-06,186.3037,8912247
PG,2024-06-07,185.6975,3183170
PG,2024-06-10,183.6984,8719581
PG,2024-06-11,181.3294,7356342
PG,2024-06-12,177.0097,10294454
PG,2024-06-13,177.1945,7472229
PG,2024-06-14,171.5351,10454655
PG,2024-06-17,167.866,4074975
PG,2024-06-18,170.2192,7972232
PG,2024-06-20,166.7066,7693574
PG,2024-06-21,168.2119,4970869
PG,2024-06-24,168.243,6230123
PG,2024-06-25,167.8341,5187960
PG,2024-06-26,169.8333,8515714
PG,2024-06-27,169.1069,8569560
PG,2024-06-28,163.6746,10772001
PG,2024-07-01,165.6474,8122225
PG,2024-07-02,162.9909,7674735
PG,2024-07-03,162.2195,9706363
PG,2024-07-05,163.4454,6611298
PG,2024-07-08,162.3128,5062030
PG,2024-07-09,163.1257,5811061
PG,2024-07-10,159.1619,9640250
PG,2024-07-11,160.3209,7732390
PG,2024-07-12,158.8141,30512929
PG,2024-07-15,158.6344,4476788
PG,2024-07-16,153.9014,10546167
PG,2024-07-17,156.4908,8260580
PG,2024-07-18,156.2473,5756653
PG,2024-07-19,157.4813,6535014
PG,2024-07-22,156.8105,7304416
PG,2024-07-23,155.852,7111801
PG,2024-07-24,154.9512,5256414
PG,2024-07-25,156.0734,5470321
PG,2024-07-26,156.5944,4506388
PG,2024-07-29,152.9112,3810108
PG,2024-07-30,153.1781,8025253
PG,2024-07-31,151.4776,11229697
PG,2024-08-01,150.1893,8766780
PG,2024-08-02,150.3601,6383021
PG,2024-08-05,150.0815,7922693
PG,2024-08-06,150.2095,5971267
PG,2024-08-07,150.5814,7190844
PG,2024-08-08,149.8648,3894891
PG,2024-08-09,148.3514,7463360
PG,2024-08-12,148.2864,4545691
PG,2024-08-13,149.3448,10091222
PG,2024-08-14,148.5612,7721939
PG,2024-08-15,147.4263,9571497
PG,2024-08-16,149.4021,7663091
PG,2024-08-19,149.966,6218638
PG,2024-08-20,147.889,8475012
PG,2024-08-21,148.3007,9174269
PG,2024-08-22,149.4288,8895491
PG,2024-08-23,149.8577,11528949
PG,2024-08-26,150.7103,5074238
PG,2024-08-27,151.4405,6504003
PG,2024-08-28,149.1907,6369532
PG,2024-08-29,147.6888,12239647
PG,2024-08-30,146.6587,8795992
PG,2024-09-03,146.903,12807970
PG,2024-09-04,148.3713,7689742
PG,2024-09-05,147.4403,6318521
PG,2024-09-06,146.3173,4898084
PG,2024-09-09,145.2881,5856586
PG,2024-09-10,145.2186,5898108
PG,2024-09-11,143.6802,10192197
PG,2024-09-12,141.0697,7945494
PG,2024-09-13,140.1221,7732588
PG,2024-09-16,140.4346,6417260
PG,2024-09-17,141.1779,11075073
PG,2024-09-18,143.1682,5861208
PG,2024-09-19,142.7957,8791291
PG,2024-09-20,143.0709,9559536
PG,2024-09-23,141.7294,7732766
PG,2024-09-24,138.1098,6397576
PG,2024-09-25,137.1524,10556300
PG,2024-09-26,138.1704,6609811
PG,2024-09-27,136.991,7299830
PG,2024-09-30,136.9977,6495159
PG,2024-10-01,139.4371,3918359
PG,2024-10-02,138.6976,6848046
PG,2024-10-03,139.461,10917754
PG,2024-10-04,139.2333,6156722
PG,2024-10-07,137.9826,7547302
PG,2024-10-08,139.5174,11571416
PG,2024-10-09,140.0742,6834875
PG,2024-10-10,141.3633,19292372
PG,2024-10-11,140.0569,5264203
PG,2024-10-14,140.1316,8868251
PG,2024-10-15,139.6787,7656758
PG,2024-10-16,139.779,6828896
PG,2024-10-17,141.2996,6581405
PG,2024-10-18,141.6965,7843987
PG,2024-10-21,141.0989,4222985
PG,2024-10-22,142.0681,3906136
PG,2024-10-23,142.7903,6543240
PG,2024-10-24,143.072,7788178
PG,2024-10-25,144.1799,7391518
PG,2024-10-28,143.9179,4960471
PG,2024-10-29,144.8456,7168868
PG,2024-10-30,145.8201,7879336
PG,2024-10-31,146.7352,12231927
PG,2024-11-01,145.0759,5610314
PG,2024-11-04,145.7652,6440227
PG,2024-11-05,144.256,7379396
PG,2024-11-06,145.1642,11614441
PG,2024-11-07,144.1603,6870896
PG,2024-11-08,144.4575,10894621
PG,2024-11-11,142.9504,8271958
PG,2024-11-12,142.6008,5159649
PG,2024-11-13,143.7925,7508252
PG,2024-11-14,146.082,10649956
PG,2024-11-15,144.6533,9192560
PG,2024-11-18,144.0514,8871985
PG,2024-11-19,145.7159,7972522
PG,2024-11-20,146.5013,5903432
PG,2024-11-21,147.1419,9688575
PG,2024-11-22,148.1323,6566426
PG,2024-11-25,148.3096,3913315
PG,2024-11-26,147.2248,8650945
PG,2024-11-27,149.3713,6732936
PG,2024-11-29,150.6877,12408092
PG,2024-12-02,152.1364,6898040
PG,2024-12-03,150.9756,5576865
PG,2024-12-04,153.7477,8350113
PG,2024-12-05,153.6389,8156482
PG,2024-12-06,153.0321,8060071
PG,2024-12-09,151.4228,8442872
PG,2024-12-10,151.9564,10737289
PG,2024-12-11,152.4699,7074235
PG,2024-12-12,152.4734,8008692
PG,2024-12-13,152.5349,6254518
PG,2024-12-16,151.091,6424053
PG,2024-12-17,152.1659,11000794
PG,2024-12-18,150.8818,8972576
PG,2024-12-19,151.694,7463540
PG,2024-12-20,151.892,5928464
PG,2024-12-23,152.0002,3997548
PG,2024-12-24,154.4738,8249602
PG,2024-12-26,158.3805,5406125
PG,2024-12-27,160.7787,6721459
PG,2024-12-30,160.0157,7492785
PG,2024-12-31,163.5735,13450198
SAP.DE,2023-01-03,98.0,601576
SAP.DE,2023-01-04,96.5556,1064940
SAP.DE,2023-01-05,95.7453,1058329
SAP.DE,2023-01-06,97.5909,1026010
SAP.DE,2023-01-09,93.7475,2814244
SAP.DE,2023-01-10,94.8456,1053818
SAP.DE,2023-01-11,94.6317,1039559
SAP.DE,2023-01-12,92.7459,1156018
SAP.DE,2023-01-13,90.693,1460888
SAP.DE,2023-01-17,94.4651,1609312
SAP.DE,2023-01-18,95.1829,1110605
SAP.DE,2023-01-19,95.3062,1195874
SAP.DE,2023-01-20,94.5064,796191
SAP.DE,2023-01-23,95.601,1104471
SAP.DE,2023-01-24,91.0944,1823625
SAP.DE,2023-01-25,91.0364,948032
SAP.DE,2023-01-26,90.8314,972120
SAP.DE,2023-01-27,92.679,1345646
SAP.DE,2023-01-30,91.4802,1068782
SAP.DE,2023-01-31,90.3208,1204191
SAP.DE,2023-02-01,90.0713,1359817
SAP.DE,2023-02-02,88.9062,1799126
SAP.DE,2023-02-03,88.9394,701882
SAP.DE,2023-02-06,88.8367,1396960
SAP.DE,2023-02-07,88.5727,1023188
SAP.DE,2023-02-08,90.2586,813480
SAP.DE,2023-02-09,89.4348,1096578
SAP.DE,2023-02-10,89.1053,1160422
SAP.DE,2023-02-13,91.3148,1062879
SAP.DE,2023-02-14,91.5384,1071295
SAP.DE,2023-02-15,95.3308,1183040
SAP.DE,2023-02-16,95.7603,1024738
SAP.DE,2023-02-17,94.6684,562110
SAP.DE,2023-02-21,96.9656,865258
SAP.DE,2023-02-22,96.3171,1532316
SAP.DE,2023-02-23,96.8124,1271858
SAP.DE,2023-02-24,96.0312,735079
SAP.DE,2023-02-27,92.823,1167537
SAP.DE,2023-02-28,92.6176,1350377
SAP.DE,2023-03-01,90.4022,2274604
SAP.DE,2023-03-02,90.9054,1198097
SAP.DE,2023-03-03,92.4289,1187768
SAP.DE,2023-03-06,91.7795,1640695
SAP.DE,2023-03-07,93.5457,1457032
SAP.DE,2023-03-08,95.108,1119512
SAP.DE,2023-03-09,95.0039,1715673
SAP.DE,2023-03-10,97.1319,667735
SAP.DE,2023-03-13,100.8058,1914638
SAP.DE,2023-03-14,98.9153,1206408
SAP.DE,2023-03-15,100.3764,1243303
SAP.DE,2023-03-16,102.6334,941896
SAP.DE,2023-03-17,105.4984,1477177
SAP.DE,2023-03-20,102.9845,966897
SAP.DE,2023-03-21,103.1553,1611033
SAP.DE,2023-03-22,102.2078,1158240
SAP.DE,2023-03-23,105.77,1234217
SAP.DE,2023-03-24,103.0667,1210850
SAP.DE,2023-03-27,100.9941,970482
SAP.DE,2023-03-28,97.2673,1108016
SAP.DE,2023-03-29,97.4317,1113360
SAP.DE,2023-03-30,95.7618,822432
SAP.DE,2023-03-31,96.697,1131597
SAP.DE,2023-04-03,97.7922,2172538
SAP.DE,2023-04-04,95.6546,1819764
SAP.DE,2023-04-05,93.7789,1208709
SAP.DE,2023-04-06,94.6815,1657870
SAP.DE,2023-04-11,95.2024,3297012
SAP.DE,2023-04-12,94.0378,1292461
SAP.DE,2023-04-13,96.9944,1161134
SAP.DE,2023-04-14,98.5668,847385
SAP.DE,2023-04-17,98.039,1270547
SAP.DE,2023-04-18,96.5107,695202
SAP.DE,2023-04-19,94.5326,1763218
SAP.DE,2023-04-20,92.3324,1195978
SAP.DE,2023-04-21,93.5566,871068
SAP.DE,2023-04-24,92.4117,668638
SAP.DE,2023-04-25,92.0072,1299380
SAP.DE,2023-04-26,94.791,1454337
SAP.DE,2023-04-27,95.6064,913050
SAP.DE,2023-04-28,94.4097,1130250
SAP.DE,2023-05-02,94.4199,1140480
SAP.DE,2023-05-03,97.7225,780215
SAP.DE,2023-05-04,99.749,1265142
SAP.DE,2023-05-05,95.4386,2623607
SAP.DE,2023-05-08,92.8308,1208029
SAP.DE,2023-05-09,92.3801,1179249
SAP.DE,2023-05-10,94.23,970569
SAP.DE,2023-05-11,96.3871,783499
SAP.DE,2023-05-12,93.9553,967517
SAP.DE,2023-05-15,92.7181,804592
SAP.DE,2023-05-16,90.1508,1057073
SAP.DE,2023-05-17,91.5944,1131091
SAP.DE,2023-05-18,91.9654,1066335
SAP.DE,2023-05-19,92.2424,1049211
SAP.DE,2023-05-22,91.7778,735582
SAP.DE,2023-05-23,90.2453,1148090
SAP.DE,2023-05-24,88.1768,2246650
SAP.DE,2023-05-25,88.4641,1060397
SAP.DE,2023-05-26,88.533,1117395
SAP.DE,2023-05-30,92.2735,1053115
SAP.DE,2023-05-31,94.075,1483627
SAP.DE,2023-06-01,93.6972,1345540
SAP.DE,2023-06-02,92.8452,861260
SAP.DE,2023-06-05,91.2074,1441995
SAP.DE,2023-06-06,90.562,976495
SAP.DE,2023-06-07,89.3854,844381
SAP.DE,2023-06-08,87.2974,1153556
SAP.DE,2023-06-09,88.8937,1186673
SAP.DE,2023-06-12,90.8446,882912
SAP.DE,2023-06-13,90.8751,1062424
SAP.DE,2023-06-14,91.2755,631688
SAP.DE,2023-06-15,91.5769,1441501
SAP.DE,2023-06-16,88.8654,992794
SAP.DE,2023-06-20,88.8167,1016042
SAP.DE,2023-06-21,89.5283,1530486
SAP.DE,2023-06-22,89.0511,1882395
SAP.DE,2023-06-23,90.4067,1450896
SAP.DE,2023-06-26,90.2381,791722
SAP.DE,2023-06-27,92.3753,1547792
SAP.DE,2023-06-28,91.2683,1130094
SAP.DE,2023-06-29,91.7034,805145
SAP.DE,2023-06-30,88.6455,1660829
SAP.DE,2023-07-03,85.9489,951563
SAP.DE,2023-07-05,84.4334,1196030
SAP.DE,2023-07-06,80.59,1886726
SAP.DE,2023-07-07,79.1007,1507198
SAP.DE,2023-07-10,78.9341,1091882
SAP.DE,2023-07-11,80.0442,998519
SAP.DE,2023-07-12,81.5278,4700359
SAP.DE,2023-07-13,82.9165,929333
SAP.DE,2023-07-14,81.691,731073
SAP.DE,2023-07-17,80.2707,1148005
SAP.DE,2023-07-18,81.5788,1371361
SAP.DE,2023-07-19,79.8152,1171664
SAP.DE,2023-07-20,80.0174,861082
SAP.DE,2023-07-21,81.95,1329663
SAP.DE,2023-07-24,81.3878,1470328
SAP.DE,2023-07-25,82.3255,1023575
SAP.DE,2023-07-26,82.7068,776349
SAP.DE,2023-07-27,81.2009,927875
SAP.DE,2023-07-28,83.1813,1317512
SAP.DE,2023-07-31,85.0361,1081649
SAP.DE,2023-08-01,85.122,628013
SAP.DE,2023-08-02,85.4107,1043600
SAP.DE,2023-08-03,83.3171,1147449
SAP.DE,2023-08-04,84.999,953232
SAP.DE,2023-08-07,84.5064,776142
SAP.DE,2023-08-08,84.0334,1144244
SAP.DE,2023-08-09,85.0031,892193
SAP.DE,2023-08-10,84.0946,686016
SAP.DE,2023-08-11,85.4468,1145362
SAP.DE,2023-08-14,85.6744,1165297
SAP.DE,2023-08-15,85.2969,705828
SAP.DE,2023-08-16,86.0659,1330809
SAP.DE,2023-08-17,83.1775,918825
SAP.DE,2023-08-18,81.8288,879606
SAP.DE,2023-08-21,82.3921,684035
SAP.DE,2023-08-22,82.2966,1190896
SAP.DE,2023-08-23,81.1232,1836262
SAP.DE,2023-08-24,80.8901,1066081
SAP.DE,2023-08-25,80.8943,873751
SAP.DE,2023-08-28,79.5262,946481
SAP.DE,2023-08-29,77.6421,1506979
SAP.DE,2023-08-30,76.8482,1288091
SAP.DE,2023-08-31,77.0642,1190512
SAP.DE,2023-09-01,75.5117,1303518
SAP.DE,2023-09-05,75.4194,1593557
SAP.DE,2023-09-06,75.7318,898370
SAP.DE,2023-09-07,77.2566,1777735
SAP.DE,2023-09-08,77.3696,690565
SAP.DE,2023-09-11,76.8944,859092
SAP.DE,2023-09-12,78.5976,1283013
SAP.DE,2023-09-13,76.4865,1962860
SAP.DE,2023-09-14,75.0994,1200493
SAP.DE,2023-09-15,72.7833,1562082
SAP.DE,2023-09-18,70.6919,1041551
SAP.DE,2023-09-19,72.2082,1305101
SAP.DE,2023-09-20,73.3314,925170
SAP.DE,2023-09-21,79.7968,2783613
SAP.DE,2023-09-22,83.5471,1425255
SAP.DE,2023-09-25,82.0939,753561
SAP.DE,2023-09-26,82.2987,959148
SAP.DE,2023-09-27,85.0341,914295
SAP.DE,2023-09-28,88.2777,1429371
SAP.DE,2023-09-29,91.7642,1653303
SAP.DE,2023-10-02,96.3038,1588534
SAP.DE,2023-10-04,90.3395,1314844
SAP.DE,2023-10-05,88.2008,1695337
SAP.DE,2023-10-06,86.1546,1191810
SAP.DE,2023-10-09,85.9059,975471
SAP.DE,2023-10-10,87.5735,4298898
SAP.DE,2023-10-11,88.3432,1047952
SAP.DE,2023-10-12,88.5512,1225083
SAP.DE,2023-10-13,90.303,1327470
SAP.DE,2023-10-16,91.3818,1473060
SAP.DE,2023-10-17,90.6743,1379461
SAP.DE,2023-10-18,89.7561,835888
SAP.DE,2023-10-19,89.8373,1025339
SAP.DE,2023-10-20,90.7004,1031732
SAP.DE,2023-10-23,92.1429,719871
SAP.DE,2023-10-24,91.2202,774424
SAP.DE,2023-10-25,88.2116,784762
SAP.DE,2023-10-26,89.2796,1000312
SAP.DE,2023-10-27,89.2388,1595504
SAP.DE,2023-10-30,91.1882,902738
SAP.DE,2023-10-31,89.4187,1444198
SAP.DE,2023-11-01,86.2699,1301451
SAP.DE,2023-11-02,86.5754,765383
SAP.DE,2023-11-03,86.6762,1172642
SAP.DE,2023-11-06,90.3826,1025126
SAP.DE,2023-11-07,95.3672,780485
SAP.DE,2023-11-08,93.9596,1043158
SAP.DE,2023-11-09,94.7713,768061
SAP.DE,2023-11-10,92.8915,1128473
SAP.DE,2023-11-13,94.2179,897140
SAP.DE,2023-11-14,95.3806,1861656
SAP.DE,2023-11-15,96.2834,1154839
SAP.DE,2023-11-16,94.0898,865471
SAP.DE,2023-11-17,92.0452,1071270
SAP.DE,2023-11-20,91.9393,789295
SAP.DE,2023-11-21,90.9145,1215326
SAP.DE,2023-11-22,89.9234,1230639
SAP.DE,2023-11-24,92.4864,806661
SAP.DE,2023-11-27,94.384,1446987
SAP.DE,2023-11-28,96.6849,1157839
SAP.DE,2023-11-29,96.3171,680102
SAP.DE,2023-11-30,95.4422,1801439
SAP.DE,2023-12-01,91.3681,994594
SAP.DE,2023-12-04,93.6932,970214
SAP.DE,2023-12-05,93.4596,1083441
SAP.DE,2023-12-06,92.9214,1303134
SAP.DE,2023-12-07,93.6375,1058147
SAP.DE,2023-12-08,92.5865,1182001
SAP.DE,2023-12-11,92.3373,812929
SAP.DE,2023-12-12,93.0643,949712
SAP.DE,2023-12-13,94.0701,989387
SAP.DE,2023-12-14,94.9825,1106249
SAP.DE,2023-12-15,94.0784,718505
SAP.DE,2023-12-18,97.5936,1449172
SAP.DE,2023-12-19,94.7966,989758
SAP.DE,2023-12-20,93.6016,1018333
SAP.DE,2023-12-21,93.2953,806042
SAP.DE,2023-12-22,94.238,1413587
SAP.DE,2023-12-27,93.8777,976428
SAP.DE,2023-12-28,93.7433,711285
SAP.DE,2023-12-29,99.0614,1997921
SAP.DE,2024-01-02,98.3792,1229521
SAP.DE,2024-01-03,99.4168,1327858
SAP.DE,2024-01-04,100.2689,1183751
SAP.DE,2024-01-05,98.0832,907475
SAP.DE,2024-01-08,98.9253,1076940
SAP.DE,2024-01-09,96.9345,1128026
SAP.DE,2024-01-10,98.725,4000292
SAP.DE,2024-01-11,96.1004,1890296
SAP.DE,2024-01-12,98.3519,1426434
SAP.DE,2024-01-16,98.7389,1608775
SAP.DE,2024-01-17,96.9437,1110423
SAP.DE,2024-01-18,98.5654,1553523
SAP.DE,2024-01-19,95.7112,1221495
SAP.DE,2024-01-22,97.8548,640926
SAP.DE,2024-01-23,97.9538,871652
SAP.DE,2024-01-24,98.5852,1422814
SAP.DE,2024-01-25,99.6033,838830
SAP.DE,2024-01-26,100.3244,1208530
SAP.DE,2024-01-29,103.9738,1490805
SAP.DE,2024-01-30,101.6107,663263
SAP.DE,2024-01-31,102.5797,1497209
SAP.DE,2024-02-01,101.3155,1431826
SAP.DE,2024-02-02,102.1404,1058360
SAP.DE,2024-02-05,100.6431,957809
SAP.DE,2024-02-06,99.3466,1400996
SAP.DE,2024-02-07,96.4301,1434514
SAP.DE,2024-02-08,93.3065,1340489
SAP.DE,2024-02-09,92.0794,1279082
SAP.DE,2024-02-12,89.6796,724204
SAP.DE,2024-02-13,88.0976,1020770
SAP.DE,2024-02-14,88.8898,813798
SAP.DE,2024-02-15,87.6921,1268210
SAP.DE,2024-02-16,87.7209,778364
SAP.DE,2024-02-20,89.404,1094091
SAP.DE,2024-02-21,89.3938,1021710
SAP.DE,2024-02-22,89.9221,1200004
SAP.DE,2024-02-23,93.1793,841902
SAP.DE,2024-02-26,90.831,1154457
SAP.DE,2024-02-27,91.2324,1098427
SAP.DE,2024-02-28,92.1306,1322025
SAP.DE,2024-02-29,91.5339,1749168
SAP.DE,2024-03-01,94.0247,822769
SAP.DE,2024-03-04,92.4837,1053691
SAP.DE,2024-03-05,94.9992,1404303
SAP.DE,2024-03-06,98.1209,1912371
SAP.DE,2024-03-07,98.5737,712287
SAP.DE,2024-03-08,99.755,935470
SAP.DE,2024-03-11,100.1288,1151978
SAP.DE,2024-03-12,102.4267,1549671
SAP.DE,2024-03-13,101.9836,1105720
SAP.DE,2024-03-14,103.3896,791685
SAP.DE,2024-03-15,104.5646,1168514
SAP.DE,2024-03-18,105.7832,797099
SAP.DE,2024-03-19,104.5971,1522221
SAP.DE,2024-03-20,105.132,1035244
SAP.DE,2024-03-21,101.8743,1752950
SAP.DE,2024-03-22,101.391,1144616
SAP.DE,2024-03-25,103.0111,1067540
SAP.DE,2024-03-26,101.9542,1021153
SAP.DE,2024-03-27,100.7343,1123900
SAP.DE,2024-03-28,99.1442,1120450
SAP.DE,2024-04-02,95.9427,1459575
SAP.DE,2024-04-03,95.607,1211145
SAP.DE,2024-04-04,93.8403,966416
SAP.DE,2024-04-05,94.8848,1285127
SAP.DE,2024-04-08,95.0044,728949
SAP.DE,2024-04-09,93.8947,708235
SAP.DE,2024-04-10,91.5146,872607
SAP.DE,2024-04-11,94.2451,4538629
SAP.DE,2024-04-12,94.8988,1138963
SAP.DE,2024-04-15,94.6598,1132919
SAP.DE,2024-04-16,94.7001,1464330
SAP.DE,2024-04-17,95.344,728555
SAP.DE,2024-04-18,95.6044,1749468
SAP.DE,2024-04-19,96.0759,974691
SAP.DE,2024-04-22,95.285,777112
SAP.DE,2024-04-23,94.5056,1262147
SAP.DE,2024-04-24,90.9301,1658452
SAP.DE,2024-04-25,92.7107,1396425
SAP.DE,2024-04-26,93.3336,1156374
SAP.DE,2024-04-29,90.8654,1146686
SAP.DE,2024-04-30,90.2612,1623676
SAP.DE,2024-05-02,90.5391,1255386
SAP.DE,2024-05-03,89.4993,1394008
SAP.DE,2024-05-06,88.7045,763766
SAP.DE,2024-05-07,90.4911,744105
SAP.DE,2024-05-08,89.6796,1863270
SAP.DE,2024-05-10,91.9736,1278343
SAP.DE,2024-05-13,90.7132,1222436
SAP.DE,2024-05-14,92.2618,1059298
SAP.DE,2024-05-15,92.1521,863042
SAP.DE,2024-05-16,89.6623,1251493
SAP.DE,2024-05-17,86.6738,1132753
SAP.DE,2024-05-20,88.3002,1215794
SAP.DE,2024-05-21,87.37,1182473
SAP.DE,2024-05-22,85.7987,1745236
SAP.DE,2024-05-23,87.2267,1423727
SAP.DE,2024-05-24,89.0237,939856
SAP.DE,2024-05-28,87.2263,2436899
SAP.DE,2024-05-29,88.4523,778513
SAP.DE,2024-05-30,87.6316,1136425
SAP.DE,2024-05-31,88.8059,1371312
SAP.DE,2024-06-03,88.7738,890238
SAP.DE,2024-06-04,93.8332,1432571
SAP.DE,2024-06-05,99.671,1275379
SAP.DE,2024-06-06,101.1816,1204277
SAP.DE,2024-06-07,100.6331,911282
SAP.DE,2024-06-10,96.1208,1077455
SAP.DE,2024-06-11,95.4871,1078514
SAP.DE,2024-06-12,99.357,1674202
SAP.DE,2024-06-13,101.0666,1364415
SAP.DE,2024-06-14,102.5088,507791
SAP.DE,2024-06-17,103.8448,839827
SAP.DE,2024-06-18,108.1157,803939
SAP.DE,2024-06-20,113.5272,1621883
SAP.DE,2024-06-21,119.8632,606642
SAP.DE,2024-06-24,118.1133,1050226
SAP.DE,2024-06-25,120.0206,1123771
SAP.DE,2024-06-26,114.6598,1174855
SAP.DE,2024-06-27,109.7203,1123837
SAP.DE,2024-06-28,106.6848,1739902
SAP.DE,2024-07-01,111.7018,1105174
SAP.DE,2024-07-02,114.1269,1034848
SAP.DE,2024-07-03,112.2874,850319
SAP.DE,2024-07-05,115.0896,845200
SAP.DE,2024-07-08,106.0697,1529486
SAP.DE,2024-07-09,102.2566,1023673
SAP.DE,2024-07-10,100.4769,1095629
SAP.DE,2024-07-11,97.3917,1448719
SAP.DE,2024-07-12,97.6304,4015004
SAP.DE,2024-07-15,98.4004,759458
SAP.DE,2024-07-16,97.8137,1631175
SAP.DE,2024-07-17,99.5973,1175328
SAP.DE,2024-07-18,100.6914,1095946
SAP.DE,2024-07-19,100.2147,569981
SAP.DE,2024-07-22,97.7703,1148213
SAP.DE,2024-07-23,102.2559,1573057
SAP.DE,2024-07-24,100.3756,1038755
SAP.DE,2024-07-25,102.4142,959241
SAP.DE,2024-07-26,103.4916,900168
SAP.DE,2024-07-29,100.725,863479
SAP.DE,2024-07-30,101.9337,1218898
SAP.DE,2024-07-31,98.2038,2197660
SAP.DE,2024-08-01,94.0887,741953
SAP.DE,2024-08-02,95.1543,996582
SAP.DE,2024-08-05,97.4124,1475854
SAP.DE,2024-08-06,95.5618,1260198
SAP.DE,2024-08-07,98.0979,1076861
SAP.DE,2024-08-08,100.8548,1206458
SAP.DE,2024-08-09,100.979,945922
SAP.DE,2024-08-12,106.9832,1326027
SAP.DE,2024-08-13,112.126,1416308
SAP.DE,2024-08-14,115.6636,748967
SAP.DE,2024-08-15,112.2722,1419758
SAP.DE,2024-08-16,113.4942,1531240
SAP.DE,2024-08-19,114.3895,933563
SAP.DE,2024-08-20,115.648,1179317
SAP.DE,2024-08-21,116.3949,1024970
SAP.DE,2024-08-22,116.258,636896
SAP.DE,2024-08-23,114.7623,1159717
SAP.DE,2024-08-26,115.9064,1150801
SAP.DE,2024-08-27,116.8651,1345351
SAP.DE,2024-08-28,118.5596,1046336
SAP.DE,2024-08-29,118.0942,557702
SAP.DE,2024-08-30,117.7465,1421495
SAP.DE,2024-09-03,117.3983,1047051
SAP.DE,2024-09-04,115.2677,1290855
SAP.DE,2024-09-05,113.8386,1125112
SAP.DE,2024-09-06,113.7966,999018
SAP.DE,2024-09-09,111.9268,1482018
SAP.DE,2024-09-10,117.795,1124656
SAP.DE,2024-09-11,115.6967,1034995
SAP.DE,2024-09-12,115.2405,1802059
SAP.DE,2024-09-13,116.6173,879450
SAP.DE,2024-09-16,116.4984,1097062
SAP.DE,2024-09-17,119.741,1327494
SAP.DE,2024-09-18,119.6324,873463
SAP.DE,2024-09-19,120.0724,1434120
SAP.DE,2024-09-20,123.4574,1080332
SAP.DE,2024-09-23,125.006,1016987
SAP.DE,2024-09-24,122.685,1679044
SAP.DE,2024-09-25,125.7913,1788626
SAP.DE,2024-09-26,125.8242,1136570
SAP.DE,2024-09-27,128.4572,1055949
SAP.DE,2024-09-30,130.123,1256112
SAP.DE,2024-10-01,128.0241,1690014
SAP.DE,2024-10-02,127.866,1005275
SAP.DE,2024-10-04,127.2046,674385
SAP.DE,2024-10-07,129.8947,1115947
SAP.DE,2024-10-08,133.7134,1007572
SAP.DE,2024-10-09,139.5845,1094037
SAP.DE,2024-10-10,137.2721,5049677
SAP.DE,2024-10-11,137.0756,1167428
SAP.DE,2024-10-14,140.1467,902393
SAP.DE,2024-10-15,141.679,2008128
SAP.DE,2024-10-16,142.7234,798959
SAP.DE,2024-10-17,144.6877,1016070
SAP.DE,2024-10-18,149.8437,1383087
SAP.DE,2024-10-21,149.5154,830101
SAP.DE,2024-10-22,155.1062,1369165
SAP.DE,2024-10-23,152.0463,1126658
SAP.DE,2024-10-24,152.0447,1212846
SAP.DE,2024-10-25,154.8838,1089683
SAP.DE,2024-10-28,152.7008,892163
SAP.DE,2024-10-29,146.9202,1529382
SAP.DE,2024-10-30,143.5295,1945849
SAP.DE,2024-10-31,140.3899,1979274
SAP.DE,2024-11-01,139.1806,764417
SAP.DE,2024-11-04,138.4101,935800
SAP.DE,2024-11-05,137.1648,584184
SAP.DE,2024-11-06,139.0089,1074266
SAP.DE,2024-11-07,140.2046,1071586
SAP.DE,2024-11-08,139.6596,842462
SAP.DE,2024-11-11,138.4171,1084107
SAP.DE,2024-11-12,136.8092,1598987
SAP.DE,2024-11-13,136.4812,1385914
SAP.DE,2024-11-14,135.0983,634678
SAP.DE,2024-11-15,133.962,439816
SAP.DE,2024-11-18,133.1029,1491800
SAP.DE,2024-11-19,133.3371,937170
SAP.DE,2024-11-20,133.4976,1277688
SAP.DE,2024-11-21,131.6954,1319787
SAP.DE,2024-11-22,129.6163,1092624
SAP.DE,2024-11-25,124.5394,837947
SAP.DE,2024-11-26,125.6455,1280269
SAP.DE,2024-11-27,129.5654,567679
SAP.DE,2024-11-29,127.5723,1778266
SAP.DE,2024-12-02,128.7768,1294995
SAP.DE,2024-12-03,124.8983,804137
SAP.DE,2024-12-04,124.646,757682
SAP.DE,2024-12-05,126.9207,1599368
SAP.DE,2024-12-06,128.368,1100391
SAP.DE,2024-12-09,125.4495,734363
SAP.DE,2024-12-10,124.4923,1018570
SAP.DE,2024-12-11,122.4026,1245555
SAP.DE,2024-12-12,120.018,1051450
SAP.DE,2024-12-13,119.9156,646350
SAP.DE,2024-12-16,121.2369,769802
SAP.DE,2024-12-17,120.4291,2747327
SAP.DE,2024-12-18,121.8908,1116504
SAP.DE,2024-12-19,121.7724,884374
SAP.DE,2024-12-20,121.4486,1038026
SAP.DE,2024-12-23,121.5249,1076843
SAP.DE,2024-12-24,124.2096,1528608
SAP.DE,2024-12-27,124.5921,1001081
SAP.DE,2024-12-30,121.5,943036
SAP.DE,2024-12-31,122.5546,1726197
SHEL.L,2023-01-03,23.4,6243320
SHEL.L,2023-01-04,23.124,5901031
SHEL.L,2023-01-05,22.9208,6654209
SHEL.L,2023-01-06,22.9422,7528478
SHEL.L,2023-01-09,22.6039,13470644
SHEL.L,2023-01-10,22.7691,7235028
SHEL.L,2023-01-11,23.0031,6326318
SHEL.L,2023-01-12,22.8487,5734998
SHEL.L,2023-01-13,22.7464,5445189
SHEL.L,2023-01-17,22.9296,6410557
SHEL.L,2023-01-18,22.5946,5339587
SHEL.L,2023-01-19,22.6332,4982135
SHEL.L,2023-01-20,22.5405,6314791
SHEL.L,2023-01-23,22.5213,5199954
SHEL.L,2023-01-24,22.5083,3129401
SHEL.L,2023-01-25,22.7878,6354645
SHEL.L,2023-01-26,22.2673,4282825
SHEL.L,2023-01-27,22.5212,6890133
SHEL.L,2023-01-30,22.3158,5773819
SHEL.L,2023-01-31,21.829,11605755
SHEL.L,2023-02-01,22.567,12529219
SHEL.L,2023-02-02,22.2978,4070193
SHEL.L,2023-02-03,22.1679,7124388
SHEL.L,2023-02-06,23.0065,6245529
SHEL.L,2023-02-07,22.4621,3982169
SHEL.L,2023-02-08,22.2018,4861935
SHEL.L,2023-02-09,21.81,11643533
SHEL.L,2023-02-10,21.8886,4336569
SHEL.L,2023-02-13,22.0994,6311346
SHEL.L,2023-02-14,21.8987,5588321
SHEL.L,2023-02-15,21.4753,10925847
SHEL.L,2023-02-16,20.7361,4483805
SHEL.L,2023-02-17,20.892,6700194
SHEL.L,2023-02-21,21.1377,8284803
SHEL.L,2023-02-22,20.4526,5458208
SHEL.L,2023-02-23,20.4599,7396735
SHEL.L,2023-02-24,20.2227,4562074
SHEL.L,2023-02-27,19.7504,5289000
SHEL.L,2023-02-28,19.1687,12219518
SHEL.L,2023-03-01,19.2955,7540414
SHEL.L,2023-03-02,19.7857,9299018
SHEL.L,2023-03-03,20.3472,4752466
SHEL.L,2023-03-06,19.7482,7089918
SHEL.L,2023-03-07,20.1606,9861180
SHEL.L,2023-03-08,20.0522,10766876
SHEL.L,2023-03-09,18.9298,9422283
SHEL.L,2023-03-10,19.1796,6494816
SHEL.L,2023-03-13,19.2066,4825600
SHEL.L,2023-03-14,19.2156,5259064
SHEL.L,2023-03-15,19.4388,3182704
SHEL.L,2023-03-16,19.2254,7348364
SHEL.L,2023-03-17,19.6836,5093841
SHEL.L,2023-03-20,19.8122,4607240
SHEL.L,2023-03-21,19.0725,8686537
SHEL.L,2023-03-22,18.8496,8067521
SHEL.L,2023-03-23,19.1162,7595520
SHEL.L,2023-03-24,19.6514,6148154
SHEL.L,2023-03-27,18.984,7428782
SHEL.L,2023-03-28,19.4608,9947924
SHEL.L,2023-03-29,19.1973,7500746
SHEL.L,2023-03-30,19.4807,10148031
SHEL.L,2023-03-31,19.7606,7875525
SHEL.L,2023-04-03,20.0404,7201334
SHEL.L,2023-04-04,20.4464,8957417
SHEL.L,2023-04-05,20.7625,5491484
SHEL.L,2023-04-06,21.1838,7296332
SHEL.L,2023-04-11,20.671,17225131
SHEL.L,2023-04-12,21.1588,7185028
SHEL.L,2023-04-13,20.7951,10233212
SHEL.L,2023-04-14,20.7549,4322392
SHEL.L,2023-04-17,21.0996,6210230
SHEL.L,2023-04-18,21.7587,7650067
SHEL.L,2023-04-19,21.6514,8875394
SHEL.L,2023-04-20,21.0654,5549583
SHEL.L,2023-04-21,21.1129,5438682
SHEL.L,2023-04-24,20.986,4681152
SHEL.L,2023-04-25,21.1881,7448256
SHEL.L,2023-04-26,20.9392,6510056
SHEL.L,2023-04-27,21.247,7571411
SHEL.L,2023-04-28,20.8602,20376014
SHEL.L,2023-05-02,21.2823,6410686
SHEL.L,2023-05-03,21.3872,7725828
SHEL.L,2023-05-04,21.8471,4638078
SHEL.L,2023-05-05,21.3827,6277631
SHEL.L,2023-05-09,21.8702,4989289
SHEL.L,2023-05-10,21.4951,9789310
SHEL.L,2023-05-11,21.2983,6075663
SHEL.L,2023-05-12,21.7255,2894524
SHEL.L,2023-05-15,21.6776,5545891
SHEL.L,2023-05-16,20.9642,6724081
SHEL.L,2023-05-17,20.7483,7803792
SHEL.L,2023-05-18,20.8723,6798688
SHEL.L,2023-05-19,20.3054,4308668
SHEL.L,2023-05-22,20.1015,5900601
SHEL.L,2023-05-23,19.9822,5070342
SHEL.L,2023-05-24,19.6062,8032071
SHEL.L,2023-05-25,19.5067,4900952
SHEL.L,2023-05-26,18.9161,6180579
SHEL.L,2023-05-30,18.7466,8085885
SHEL.L,2023-05-31,19.3689,10003549
SHEL.L,2023-06-01,19.5442,5798177
SHEL.L,2023-06-02,19.86,5359506
SHEL.L,2023-06-05,19.8286,6696558
SHEL.L,2023-06-06,19.367,5562798
SHEL.L,2023-06-07,19.8037,10936738
SHEL.L,2023-06-08,20.0941,5675042
SHEL.L,2023-06-09,21.1777,11430585
SHEL.L,2023-06-12,20.8129,7743780
SHEL.L,2023-06-13,21.0078,7041224
SHEL.L,2023-06-14,20.2959,5729038
SHEL.L,2023-06-15,20.6617,7901244
SHEL.L,2023-06-16,20.1169,5922018
SHEL.L,2023-06-20,20.4643,7723055
SHEL.L,2023-06-21,20.4927,6880140
SHEL.L,2023-06-22,20.3169,6182864
SHEL.L,2023-06-23,20.4765,6805530
SHEL.L,2023-06-26,20.512,7458457
SHEL.L,2023-06-27,20.7127,4423496
SHEL.L,2023-06-28,20.2375,6412462
SHEL.L,2023-06-29,19.2812,8076598
SHEL.L,2023-06-30,19.746,8344425
SHEL.L,2023-07-03,19.4528,6894719
SHEL.L,2023-07-05,19.5979,3335777
SHEL.L,2023-07-06,19.6525,6512831
SHEL.L,2023-07-07,19.3572,6457456
SHEL.L,2023-07-10,19.8287,5903496
SHEL.L,2023-07-11,20.3011,12113865
SHEL.L,2023-07-12,20.5097,14977128
SHEL.L,2023-07-13,20.6558,7787657
SHEL.L,2023-07-14,20.8109,5429723
SHEL.L,2023-07-17,20.2618,4102182
SHEL.L,2023-07-18,20.3936,5319126
SHEL.L,2023-07-19,20.4377,7282757
SHEL.L,2023-07-20,20.5595,7627579
SHEL.L,2023-07-21,21.2055,8237657
SHEL.L,2023-07-24,21.4848,6355255
SHEL.L,2023-07-25,21.3309,6334955
SHEL.L,2023-07-26,21.5055,6090121
SHEL.L,2023-07-27,21.3452,5616989
SHEL.L,2023-07-28,21.5659,6995049
SHEL.L,2023-07-31,21.0811,9645904
SHEL.L,2023-08-01,20.42,5772426
SHEL.L,2023-08-02,20.2826,6888670
SHEL.L,2023-08-03,20.2523,5967629
SHEL.L,2023-08-04,20.6107,7831299
SHEL.L,2023-08-07,20.2546,5270322
SHEL.L,2023-08-08,20.9051,12443026
SHEL.L,2023-08-09,20.6297,6718739
SHEL.L,2023-08-10,20.5523,6605447
SHEL.L,2023-08-11,21.4071,9798624
SHEL.L,2023-08-14,20.8843,4379955
SHEL.L,2023-08-15,21.137,7525424
SHEL.L,2023-08-16,21.2232,8642371
SHEL.L,2023-08-17,21.3228,7793036
SHEL.L,2023-08-18,20.7901,5669305
SHEL.L,2023-08-21,20.8511,5743208
SHEL.L,2023-08-22,21.5052,6753453
SHEL.L,2023-08-23,21.7242,7252482
SHEL.L,2023-08-24,21.7772,7511900
SHEL.L,2023-08-25,22.1978,6220629
SHEL.L,2023-08-29,22.3387,5916517
SHEL.L,2023-08-30,22.6042,6718280
SHEL.L,2023-08-31,22.4651,7397083
SHEL.L,2023-09-01,22.3324,6587896
SHEL.L,2023-09-05,22.1865,6604668
SHEL.L,2023-09-06,22.1433,6702301
SHEL.L,2023-09-07,21.6747,4440856
SHEL.L,2023-09-08,22.0716,7654542
SHEL.L,2023-09-11,22.0385,6144010
SHEL.L,2023-09-12,21.9477,5174599
SHEL.L,2023-09-13,21.1945,10054159
SHEL.L,2023-09-14,20.9245,4277492
SHEL.L,2023-09-15,20.2076,7613471
SHEL.L,2023-09-18,20.0188,8644843
SHEL.L,2023-09-19,19.755,8132326
SHEL.L,2023-09-20,20.5255,6595376
SHEL.L,2023-09-21,20.7168,6555533
SHEL.L,2023-09-22,20.6169,4986396
SHEL.L,2023-09-25,20.9291,4232762
SHEL.L,2023-09-26,21.0296,3933024
SHEL.L,2023-09-27,21.0991,6515358
SHEL.L,2023-09-28,21.6438,6281093
SHEL.L,2023-09-29,21.2699,7421470
SHEL.L,2023-10-02,21.8778,5896163
SHEL.L,2023-10-03,22.8255,5801671
SHEL.L,2023-10-04,21.7139,6685817
SHEL.L,2023-10-05,21.0738,6412696
SHEL.L,2023-10-06,21.2966,5420472
SHEL.L,2023-10-09,21.2476,5894840
SHEL.L,2023-10-10,22.6663,27981993
SHEL.L,2023-10-11,22.2198,4423370
SHEL.L,2023-10-12,22.9026,7145013
SHEL.L,2023-10-13,22.6049,6640185
SHEL.L,2023-10-16,21.9242,6890587
SHEL.L,2023-10-17,22.7752,8213615
SHEL.L,2023-10-18,23.3934,5637435
SHEL.L,2023-10-19,23.4386,9764906
SHEL.L,2023-10-20,22.6501,6705832
SHEL.L,2023-10-23,21.7798,4733056
SHEL.L,2023-10-24,22.1525,15578763
SHEL.L,2023-10-25,23.2479,11013179
SHEL.L,2023-10-26,23.9489,6869417
SHEL.L,2023-10-27,23.5772,5670043
SHEL.L,2023-10-30,23.1972,5304455
SHEL.L,2023-10-31,23.2638,3812830
SHEL.L,2023-11-01,23.89,7524544
SHEL.L,2023-11-02,22.9657,6012419
SHEL.L,2023-11-03,22.8113,7092693
SHEL.L,2023-11-06,22.028,5353598
SHEL.L,2023-11-07,21.364,7000119
SHEL.L,2023-11-08,20.4673,7436592
SHEL.L,2023-11-09,21.0836,7693739
SHEL.L,2023-11-10,20.8319,5410763
SHEL.L,2023-11-13,21.9306,5808442
SHEL.L,2023-11-14,22.6646,6367234
SHEL.L,2023-11-15,22.6606,5533573
SHEL.L,2023-11-16,22.7169,4962113
SHEL.L,2023-11-17,22.4659,4985057
SHEL.L,2023-11-20,22.5636,6228298
SHEL.L,2023-11-21,22.6577,7801721
SHEL.L,2023-11-22,22.7577,6194960
SHEL.L,2023-11-24,22.3114,6014530
SHEL.L,2023-11-27,22.4356,2583546
SHEL.L,2023-11-28,22.2593,7143504
SHEL.L,2023-11-29,23.181,8660006
SHEL.L,2023-11-30,22.918,9760361
SHEL.L,2023-12-01,22.0005,6261000
SHEL.L,2023-12-04,22.5513,6134115
SHEL.L,2023-12-05,22.2319,9059046
SHEL.L,2023-12-06,21.7548,4978190
SHEL.L,2023-12-07,22.35,8326351
SHEL.L,2023-12-08,22.3082,4518400
SHEL.L,2023-12-11,22.6196,9894661
SHEL.L,2023-12-12,22.3501,6509094
SHEL.L,2023-12-13,22.1977,4804874
SHEL.L,2023-12-14,22.1188,7843176
SHEL.L,2023-12-15,21.7611,7966144
SHEL.L,2023-12-18,21.239,4159783
SHEL.L,2023-12-19,20.9516,5714172
SHEL.L,2023-12-20,21.2805,4036480
SHEL.L,2023-12-21,21.7407,7062891
SHEL.L,2023-12-22,21.7206,7435120
SHEL.L,2023-12-27,21.9859,5415927
SHEL.L,2023-12-28,22.2891,7102155
SHEL.L,2023-12-29,22.6495,6836865
SHEL.L,2024-01-02,22.45,5106901
SHEL.L,2024-01-03,23.2507,7718001
SHEL.L,2024-01-04,23.3254,5310761
SHEL.L,2024-01-05,23.1661,6388014
SHEL.L,2024-01-08,22.9152,6425277
SHEL.L,2024-01-09,23.6175,6612335
SHEL.L,2024-01-10,22.9173,19760671
SHEL.L,2024-01-11,23.0817,5168202
SHEL.L,2024-01-12,22.3364,4980480
SHEL.L,2024-01-16,22.7277,7944016
SHEL.L,2024-01-17,22.4674,6788468
SHEL.L,2024-01-18,22.1862,8402043
SHEL.L,2024-01-19,21.5835,6013546
SHEL.L,2024-01-22,21.1544,4598478
SHEL.L,2024-01-23,20.4689,6272441
SHEL.L,2024-01-24,20.8417,6257942
SHEL.L,2024-01-25,21.2233,8687739
SHEL.L,2024-01-26,20.8304,4980943
SHEL.L,2024-01-29,20.4534,8121511
SHEL.L,2024-01-30,20.4362,3287589
SHEL.L,2024-01-31,21.027,13951973
SHEL.L,2024-02-01,21.696,9462178
SHEL.L,2024-02-02,21.7276,4698457
SHEL.L,2024-02-05,22.1361,4339191
SHEL.L,2024-02-06,22.5813,6528671
SHEL.L,2024-02-07,22.5353,6699402
SHEL.L,2024-02-08,22.1277,5889969
SHEL.L,2024-02-09,22.9296,10304145
SHEL.L,2024-02-12,23.2441,5526294
SHEL.L,2024-02-13,22.511,8058588
SHEL.L,2024-02-14,22.4698,5903400
SHEL.L,2024-02-15,21.6017,10899891
SHEL.L,2024-02-16,21.7999,4467232
SHEL.L,2024-02-20,21.429,6329702
SHEL.L,2024-02-21,20.9361,6023418
SHEL.L,2024-02-22,21.4533,5185663
SHEL.L,2024-02-23,21.7942,6011386
SHEL.L,2024-02-26,22.2163,3311394
SHEL.L,2024-02-27,21.8479,8242315
SHEL.L,2024-02-28,21.0111,5996274
SHEL.L,2024-02-29,21.0041,14190236
SHEL.L,2024-03-01,20.9004,7300568
SHEL.L,2024-03-04,20.9016,6442858
SHEL.L,2024-03-05,21.09,7475342
SHEL.L,2024-03-06,21.029,8842959
SHEL.L,2024-03-07,21.3912,8757808
SHEL.L,2024-03-08,21.6316,5079251
SHEL.L,2024-03-11,21.9331,4778468
SHEL.L,2024-03-12,22.7176,6151904
SHEL.L,2024-03-13,22.82,7737277
SHEL.L,2024-03-14,23.3959,5509618
SHEL.L,2024-03-15,23.0682,9721261
SHEL.L,2024-03-18,23.4523,4471734
SHEL.L,2024-03-19,23.4586,4606537
SHEL.L,2024-03-20,23.6994,6417313
SHEL.L,2024-03-21,24.2923,5843866
SHEL.L,2024-03-22,24.1632,5009989
SHEL.L,2024-03-25,24.4177,5164432
SHEL.L,2024-03-26,24.2039,5280091
SHEL.L,2024-03-27,24.0609,4683429
SHEL.L,2024-03-28,23.8726,6664836
SHEL.L,2024-04-02,23.9931,7381384
SHEL.L,2024-04-03,24.2181,4934388
SHEL.L,2024-04-04,23.8226,7010010
SHEL.L,2024-04-05,24.0092,6918571
SHEL.L,2024-04-08,23.9696,3370919
SHEL.L,2024-04-09,23.9356,5931255
SHEL.L,2024-04-10,24.272,7151414
SHEL.L,2024-04-11,23.9939,24110967
SHEL.L,2024-04-12,24.2021,5687762
SHEL.L,2024-04-15,24.5842,6218858
SHEL.L,2024-04-16,25.0902,8850027
SHEL.L,2024-04-17,24.8697,5575375
SHEL.L,2024-04-18,25.3921,7529734
SHEL.L,2024-04-19,25.9593,7452419
SHEL.L,2024-04-22,26.122,7015257
SHEL.L,2024-04-23,25.4015,7386246
SHEL.L,2024-04-24,25.5966,4534847
SHEL.L,2024-04-25,25.5859,8021382
SHEL.L,2024-04-26,24.3848,6041532
SHEL.L,2024-04-29,24.0866,5959462
SHEL.L,2024-04-30,24.5311,11925055
SHEL.L,2024-05-01,24.2032,6698723
SHEL.L,2024-05-02,24.9709,6553728
SHEL.L,2024-05-03,25.9171,7064273
SHEL.L,2024-05-07,25.003,8619679
SHEL.L,2024-05-08,25.2358,6429880
SHEL.L,2024-05-09,25.5496,4055131
SHEL.L,2024-05-10,25.6709,6767149
SHEL.L,2024-05-13,25.6715,4792922
SHEL.L,2024-05-14,25.3626,7136468
SHEL.L,2024-05-15,24.2011,12223701
SHEL.L,2024-05-16,23.2146,9824297
SHEL.L,2024-05-17,23.6286,5003675
SHEL.L,2024-05-20,23.582,5155167
SHEL.L,2024-05-21,23.9815,7811626
SHEL.L,2024-05-22,23.5034,5055443
SHEL.L,2024-05-23,23.3837,4907545
SHEL.L,2024-05-24,23.5483,6802459
SHEL.L,2024-05-28,23.6598,5459969
SHEL.L,2024-05-29,23.1924,7826758
SHEL.L,2024-05-30,23.5417,4714160
SHEL.L,2024-05-31,24.2852,6770117
SHEL.L,2024-06-03,23.7187,5084564
SHEL.L,2024-06-04,24.6618,6150673
SHEL.L,2024-06-05,24.2238,4745377
SHEL.L,2024-06-06,23.6001,7724101
SHEL.L,2024-06-07,24.1698,4824770
SHEL.L,2024-06-10,23.5186,8465658
SHEL.L,2024-06-11,22.7364,9090050
SHEL.L,2024-06-12,24.7617,8013354
SHEL.L,2024-06-13,27.0092,7914344
SHEL.L,2024-06-14,26.2595,4881244
SHEL.L,2024-06-17,25.7106,5884271
SHEL.L,2024-06-18,25.7762,6601868
SHEL.L,2024-06-20,26.7569,7193053
SHEL.L,2024-06-21,27.9621,6413847
SHEL.L,2024-06-24,28.4614,5260829
SHEL.L,2024-06-25,29.2578,9393475
SHEL.L,2024-06-26,26.7474,6749140
SHEL.L,2024-06-27,27.3968,5682359
SHEL.L,2024-06-28,25.8051,7304241
SHEL.L,2024-07-01,26.7947,4400681
SHEL.L,2024-07-02,25.8552,4705612
SHEL.L,2024-07-03,26.8242,6750170
SHEL.L,2024-07-05,26.5189,0
SHEL.L,2024-07-08,26.0414,10490750
SHEL.L,2024-07-09,26.426,8257099
SHEL.L,2024-07-10,25.9651,5204277
SHEL.L,2024-07-11,25.1515,9345773
SHEL.L,2024-07-12,25.0407,12697750
SHEL.L,2024-07-15,24.7878,11729919
SHEL.L,2024-07-16,25.8603,5935840
SHEL.L,2024-07-17,25.9393,5533729
SHEL.L,2024-07-18,26.0177,5196673
SHEL.L,2024-07-19,25.6093,6375159
SHEL.L,2024-07-22,25.8287,2972330
SHEL.L,2024-07-23,26.0728,5069754
SHEL.L,2024-07-24,25.7773,6261317
SHEL.L,2024-07-25,25.8197,6475311
SHEL.L,2024-07-26,25.7961,6989087
SHEL.L,2024-07-29,26.6739,4765435
SHEL.L,2024-07-30,26.2684,9600557
SHEL.L,2024-07-31,26.4949,7642513
SHEL.L,2024-08-01,26.072,7691468
SHEL.L,2024-08-02,26.6976,7324052
SHEL.L,2024-08-13,26.4073,6287701
SHEL.L,2024-08-14,26.9256,8337621
SHEL.L,2024-08-15,27.0139,4398579
SHEL.L,2024-08-16,27.0378,6536886
SHEL.L,2024-08-19,27.3185,5828141
SHEL.L,2024-08-20,27.5155,5706881
SHEL.L,2024-08-21,27.9473,9147774
SHEL.L,2024-08-22,27.0722,5203669
SHEL.L,2024-08-23,27.6219,6218273
SHEL.L,2024-08-27,27.7553,6214123
SHEL.L,2024-08-28,28.1926,5227355
SHEL.L,2024-08-29,27.7738,9050090
SHEL.L,2024-08-30,28.2117,11971267
SHEL.L,2024-09-03,28.2257,5082403
SHEL.L,2024-09-04,28.4438,5603528
SHEL.L,2024-09-05,28.3722,7450525
SHEL.L,2024-09-06,28.7986,6035696
SHEL.L,2024-09-09,28.7276,4987590
SHEL.L,2024-09-10,29.4024,10213476
SHEL.L,2024-09-11,28.8052,8150108
SHEL.L,2024-09-12,28.2535,6000923
SHEL.L,2024-09-13,28.1833,4665746
SHEL.L,2024-09-16,27.7814,4788081
SHEL.L,2024-09-17,28.4454,7727395
SHEL.L,2024-09-18,27.5258,10489545
SHEL.L,2024-09-19,28.4622,7880234
SHEL.L,2024-09-20,27.0145,8292304
SHEL.L,2024-09-23,27.9541,9161600
SHEL.L,2024-09-24,27.7145,5610600
SHEL.L,2024-09-25,27.9946,7404009
SHEL.L,2024-09-26,27.4282,6012417
SHEL.L,2024-09-27,27.5548,4563892
SHEL.L,2024-09-30,26.4282,7868829
SHEL.L,2024-10-01,27.3656,6713266
SHEL.L,2024-10-02,28.294,7567009
SHEL.L,2024-10-03,27.9667,6255125
SHEL.L,2024-10-04,27.2095,6777903
SHEL.L,2024-10-07,27.5047,13492677
SHEL.L,2024-10-08,28.1948,10828359
SHEL.L,2024-10-09,27.7805,6091340
SHEL.L,2024-10-10,28.076,20070722
SHEL.L,2024-10-11,27.7859,6460205
SHEL.L,2024-10-14,28.0783,4996318
SHEL.L,2024-10-15,28.4955,5840000
SHEL.L,2024-10-16,28.6817,9166087
SHEL.L,2024-10-17,29.2775,8564334
SHEL.L,2024-10-18,28.4589,7296064
SHEL.L,2024-10-21,28.4235,3836969
SHEL.L,2024-10-22,28.3526,8146173
SHEL.L,2024-10-23,28.0849,8397679
SHEL.L,2024-10-24,28.6252,6834331
SHEL.L,2024-10-25,29.4708,7246304
SHEL.L,2024-10-28,28.6875,4960469
SHEL.L,2024-10-29,28.5125,9969758
SHEL.L,2024-10-30,27.7009,7772463
SHEL.L,2024-10-31,26.7709,10486760
SHEL.L,2024-11-01,27.2684,8467294
SHEL.L,2024-11-04,26.5995,4621399
SHEL.L,2024-11-05,26.9224,5537606
SHEL.L,2024-11-06,27.3522,9280633
SHEL.L,2024-11-07,26.8297,5824483
SHEL.L,2024-11-08,25.8613,7989091
SHEL.L,2024-11-11,25.418,6102495
SHEL.L,2024-11-12,25.0322,6347011
SHEL.L,2024-11-13,25.2016,6846218
SHEL.L,2024-11-14,25.2375,5123017
SHEL.L,2024-11-15,24.9726,6630806
SHEL.L,2024-11-18,24.7258,4936309
SHEL.L,2024-11-19,24.2113,4812545
SHEL.L,2024-11-20,23.5834,5919564
SHEL.L,2024-11-21,24.055,8918683
SHEL.L,2024-11-22,23.3846,4828312
SHEL.L,2024-11-25,22.745,9123869
SHEL.L,2024-11-26,22.5784,7293071
SHEL.L,2024-11-27,22.305,5579853
SHEL.L,2024-11-29,22.5564,5966685
SHEL.L,2024-12-02,22.6174,4246823
SHEL.L,2024-12-03,22.7373,5609767
SHEL.L,2024-12-04,22.8425,9254681
SHEL.L,2024-12-05,22.8882,5819560
SHEL.L,2024-12-06,22.7721,3968795
SHEL.L,2024-12-09,22.6485,4377221
SHEL.L,2024-12-10,22.294,8218124
SHEL.L,2024-12-11,21.6366,6628136
SHEL.L,2024-12-12,21.385,7144556
SHEL.L,2024-12-13,22.5091,5289102
SHEL.L,2024-12-16,22.5016,6273033
SHEL.L,2024-12-17,22.7508,7349501
SHEL.L,2024-12-18,22.6756,8854819
SHEL.L,2024-12-19,22.5629,6233785
SHEL.L,2024-12-20,22.362,8018433
SHEL.L,2024-12-23,21.9232,6868108
SHEL.L,2024-12-24,22.3234,7947655
SHEL.L,2024-12-27,23.3053,7516518
SHEL.L,2024-12-30,23.321,5581506
SHEL.L,2024-12-31,23.0225,8855676
XOM,2023-01-03,110.0,17618633
XOM,2023-01-04,110.5336,25862056
XOM,2023-01-05,108.8489,18456788
XOM,2023-01-06,109.4891,13556280
XOM,2023-01-09,109.8226,49119100
XOM,2023-01-10,108.758,25852740
XOM,2023-01-11,106.8775,15121118
XOM,2023-01-12,107.5993,17570533
XOM,2023-01-13,109.8099,13245776
XOM,2023-01-17,110.1948,23715569
XOM,2023-01-18,109.3812,17792030
XOM,2023-01-19,107.9696,24049209
XOM,2023-01-20,107.5143,20144586
XOM,2023-01-23,110.6766,19478115
XOM,2023-01-24,107.8838,21093201
XOM,2023-01-25,105.2312,22694528
XOM,2023-01-26,104.6274,19645690
XOM,2023-01-27,107.1162,18285851
XOM,2023-01-30,107.8278,14931710
XOM,2023-01-31,106.6788,31515697
XOM,2023-02-01,103.9656,23480741
XOM,2023-02-02,105.3808,18572180
XOM,2023-02-03,106.5974,12154355
XOM,2023-02-06,107.0196,15791616
XOM,2023-02-07,105.5052,17293754
XOM,2023-02-08,106.7517,23927821
XOM,2023-02-09,111.6684,26591221
XOM,2023-02-10,110.7944,22921603
XOM,2023-02-13,109.8445,11950643
XOM,2023-02-14,109.9995,12495793
XOM,2023-02-15,110.7475,18057245
XOM,2023-02-16,112.7799,17108837
XOM,2023-02-17,113.7525,8523585
XOM,2023-02-21,113.5512,15707998
XOM,2023-02-22,110.2278,13363653
XOM,2023-02-23,110.5138,19142898
XOM,2023-02-24,104.8162,27388311
XOM,2023-02-27,106.3492,13831444
XOM,2023-02-28,104.3555,55340040
XOM,2023-03-01,104.5772,12548740
XOM,2023-03-02,106.5751,23518827
XOM,2023-03-03,106.8001,14226510
XOM,2023-03-06,105.1799,9077328
XOM,2023-03-07,108.4047,19046482
XOM,2023-03-08,106.1212,26632372
XOM,2023-03-09,103.7097,13715412
XOM,2023-03-10,99.1827,16538637
XOM,2023-03-13,96.9742,17379774
XOM,2023-03-14,99.6559,15585522
XOM,2023-03-15,99.6822,17128934
XOM,2023-03-16,98.8877,26192314
XOM,2023-03-17,98.36,14496338
XOM,2023-03-20,98.8774,13647023
XOM,2023-03-21,97.9511,18728245
XOM,2023-03-22,94.2591,24954803
XOM,2023-03-23,91.6028,15464191
XOM,2023-03-24,91.9935,15637018
XOM,2023-03-27,93.606,15894216
XOM,2023-03-28,92.7152,24007875
XOM,2023-03-29,94.1629,11788392
XOM,2023-03-30,93.9205,21237900
XOM,2023-03-31,94.3188,25953014
XOM,2023-04-03,95.0105,11350551
XOM,2023-04-04,96.3771,14919091
XOM,2023-04-05,97.25,15798446
XOM,2023-04-06,99.4898,17232467
XOM,2023-04-10,104.5791,12691026
XOM,2023-04-11,104.2977,60451797
XOM,2023-04-12,104.7338,15721357
XOM,2023-04-13,105.5354,17957558
XOM,2023-04-14,106.7249,10219768
XOM,2023-04-17,104.4258,13697510
XOM,2023-04-18,106.785,15070261
XOM,2023-04-19,105.5934,19020627
XOM,2023-04-20,105.8529,15599036
XOM,2023-04-21,105.4926,13814503
XOM,2023-04-24,103.5172,6196663
XOM,2023-04-25,105.8044,12287916
XOM,2023-04-26,106.5446,17304937
XOM,2023-04-27,111.8391,17577903
XOM,2023-04-28,111.4013,31626924
XOM,2023-05-01,109.7947,18852098
XOM,2023-05-02,107.2876,14248357
XOM,2023-05-03,106.5652,14421179
XOM,2023-05-04,108.8779,37312406
XOM,2023-05-05,109.6694,14462762
XOM,2023-05-08,109.1541,24373533
XOM,2023-05-09,109.983,12890428
XOM,2023-05-10,112.1296,20736608
XOM,2023-05-11,114.2734,24245293
XOM,2023-05-12,117.4904,19633395
XOM,2023-05-15,115.3398,15398519
XOM,2023-05-16,,14219357
XOM,2023-05-17,113.007,13789079
XOM,2023-05-18,113.2006,14678607
XOM,2023-05-19,111.3438,19254718
XOM,2023-05-22,110.7922,16007813
XOM,2023-05-23,107.5645,15959924
XOM,2023-05-24,103.2013,21590848
XOM,2023-05-25,103.5444,12541218
XOM,2023-05-26,99.2983,14602827
XOM,2023-05-30,95.793,11852272
XOM,2023-05-31,97.7057,23064122
XOM,2023-06-01,97.8686,12905591
XOM,2023-06-02,98.3404,17670616
XOM,2023-06-05,96.3672,10540156
XOM,2023-06-06,94.9316,12982074
XOM,2023-06-07,95.0293,20099421
XOM,2023-06-08,95.3857,18098397
XOM,2023-06-09,93.5883,27495165
XOM,2023-06-12,93.1363,21118209
XOM,2023-06-13,91.0353,15546861
XOM,2023-06-14,89.3179,21672982
XOM,2023-06-15,89.9716,16487899
XOM,2023-06-16,91.0545,9108482
XOM,2023-06-20,91.4142,16713680
XOM,2023-06-21,91.0481,18871543
XOM,2023-06-22,91.5402,18095147
XOM,2023-06-23,90.6385,8384914
XOM,2023-06-26,89.5752,15301854
XOM,2023-06-27,93.3191,15815686
XOM,2023-06-28,91.3659,18346000
XOM,2023-06-29,90.7631,25167240
XOM,2023-06-30,89.7729,20780190
XOM,2023-07-03,89.9049,15752069
XOM,2023-07-05,87.5473,26888017
XOM,2023-07-06,90.7084,11790544
XOM,2023-07-07,93.3845,21711524
XOM,2023-07-10,95.0358,15134393
XOM,2023-07-11,91.249,31011998
XOM,2023-07-12,94.0938,45190276
XOM,2023-07-13,92.6568,17621940
XOM,2023-07-14,94.7519,18306264
XOM,2023-07-17,95.2116,19298261
XOM,2023-07-18,96.729,20874671
XOM,2023-07-19,99.7971,27659637
XOM,2023-07-20,102.4546,17747165
XOM,2023-07-21,102.218,22625809
XOM,2023-07-24,103.1895,12175436
XOM,2023-07-25,104.1961,13259330
XOM,2023-07-26,104.8647,11675595
XOM,2023-07-27,103.968,21640190
XOM,2023-07-28,102.9593,17332589
XOM,2023-07-31,102.7856,24391970
XOM,2023-08-01,102.2518,11563059
XOM,2023-08-02,101.9877,15802565
XOM,2023-08-03,102.0474,18018148
XOM,2023-08-04,102.8268,24462194
XOM,2023-08-07,104.4805,19929871
XOM,2023-08-08,107.1376,18826355
XOM,2023-08-09,107.6833,28368559
XOM,2023-08-10,110.6882,26718003
XOM,2023-08-11,113.1756,13998192
XOM,2023-08-14,109.8553,14154468
XOM,2023-08-15,110.8166,17752911
XOM,2023-08-16,115.6905,11584360
XOM,2023-08-17,116.3249,12166828
XOM,2023-08-18,113.5931,11849549
XOM,2023-08-21,114.3987,14376573
XOM,2023-08-22,114.4247,13598237
XOM,2023-08-23,114.9047,15457017
XOM,2023-08-24,116.5734,18898854
XOM,2023-08-25,110.7975,18006074
XOM,2023-08-28,110.7845,11989528
XOM,2023-08-29,111.785,14539620
XOM,2023-08-30,111.4432,17194170
XOM,2023-08-31,110.6215,20496242
XOM,2023-09-01,107.872,25805777
XOM,2023-09-05,106.5429,20258400
XOM,2023-09-06,104.8346,16110949
XOM,2023-09-07,103.4031,20728441
XOM,2023-09-08,105.2215,16164310
XOM,2023-09-11,105.1695,19287462
XOM,2023-09-12,103.3572,13219122
XOM,2023-09-13,101.1056,21270212
XOM,2023-09-14,97.553,19452421
XOM,2023-09-15,101.2887,16017264
XOM,2023-09-18,106.0789,18819204
XOM,2023-09-19,111.6164,15430590
XOM,2023-09-20,111.3898,13491544
XOM,2023-09-21,109.9314,13884535
XOM,2023-09-22,111.6016,20506071
XOM,2023-09-25,104.5049,14286849
XOM,2023-09-26,104.3511,14376628
XOM,2023-09-27,108.2104,22645551
XOM,2023-09-28,107.4526,14947352
XOM,2023-09-29,110.3047,19892561
XOM,2023-10-02,112.8176,16595119
XOM,2023-10-03,114.1157,20974149
XOM,2023-10-04,118.9175,23607705
XOM,2023-10-05,110.2424,17633705
XOM,2023-10-06,118.6571,23517523
XOM,2023-10-09,119.4669,14948516
XOM,2023-10-10,115.5314,53711771
XOM,2023-10-11,117.1429,14380673
XOM,2023-10-12,115.3996,18665203
XOM,2023-10-13,121.526,21066040
XOM,2023-10-16,121.77,14181435
XOM,2023-10-17,121.0763,19752717
XOM,2023-10-18,118.1574,15224367
XOM,2023-10-19,127.2098,16849128
XOM,2023-10-20,128.4178,14676411
XOM,2023-10-23,133.7897,19382004
XOM,2023-10-24,131.4071,18837894
XOM,2023-10-25,134.5398,20173638
XOM,2023-10-26,136.7316,15419920
XOM,2023-10-27,141.1535,14013598
XOM,2023-10-30,136.2526,26495232
XOM,2023-10-31,138.2608,38223977
XOM,2023-11-01,129.9072,16454873
XOM,2023-11-02,135.7373,21889572
XOM,2023-11-03,132.3371,15542934
XOM,2023-11-06,134.5508,12825076
XOM,2023-11-07,128.3725,18875801
XOM,2023-11-08,123.9203,29029817
XOM,2023-11-09,122.8927,15933612
XOM,2023-11-10,121.3767,19970251
XOM,2023-11-13,122.5344,13729910
XOM,2023-11-14,120.4671,20191136
XOM,2023-11-15,119.3095,15547015
XOM,2023-11-16,119.8234,11427214
XOM,2023-11-17,115.3031,12698818
XOM,2023-11-20,114.7675,10497390
XOM,2023-11-21,114.3966,14000695
XOM,2023-11-22,114.362,22345583
XOM,2023-11-24,113.581,12214134
XOM,2023-11-27,111.8169,17663368
XOM,2023-11-28,114.612,19231047
XOM,2023-11-29,116.4732,16334230
XOM,2023-11-30,114.7124,33837759
XOM,2023-12-01,115.0773,15097531
XOM,2023-12-04,116.2112,16135765
XOM,2023-12-05,118.0157,23030134
XOM,2023-12-06,115.8341,15442847
XOM,2023-12-07,113.8658,15192688
XOM,2023-12-08,115.8948,15480187
XOM,2023-12-11,122.7416,14673110
XOM,2023-12-12,126.3815,19193803
XOM,2023-12-13,128.1895,17594854
XOM,2023-12-14,125.4589,29278719
XOM,2023-12-15,128.2504,15951944
XOM,2023-12-18,129.4705,12557808
XOM,2023-12-19,127.8667,21012922
XOM,2023-12-20,131.1197,17718864
XOM,2023-12-21,134.2911,29478952
XOM,2023-12-22,131.5451,27646371
XOM,2023-12-26,130.1037,26310098
XOM,2023-12-27,130.0956,14549829
XOM,2023-12-28,136.1526,26485251
XOM,2023-12-29,134.5637,19035844
XOM,2024-01-02,134.0158,21686429
XOM,2024-01-03,131.8375,20263475
XOM,2024-01-04,127.8885,23965469
XOM,2024-01-05,125.6984,19838852
XOM,2024-01-08,126.7575,14252673
XOM,2024-01-09,123.3099,24683922
XOM,2024-01-10,126.0546,90986412
XOM,2024-01-11,122.262,24409696
XOM,2024-01-12,124.7933,13882685
XOM,2024-01-16,119.172,20371287
XOM,2024-01-17,118.335,30205509
XOM,2024-01-18,120.4588,15507476
XOM,2024-01-19,118.4321,8692373
XOM,2024-01-22,119.0692,20753318
XOM,2024-01-23,116.331,21418008
XOM,2024-01-24,112.0922,21120280
XOM,2024-01-25,114.1564,17200043
XOM,2024-01-26,112.5662,16664174
XOM,2024-01-29,109.1427,18593992
XOM,2024-01-30,107.78,26712966
XOM,2024-01-31,109.2351,27903715
XOM,2024-02-01,111.2739,14344901
XOM,2024-02-02,108.518,11403547
XOM,2024-02-05,110.8838,23299067
XOM,2024-02-06,108.3017,18752979
XOM,2024-02-07,,12853255
XOM,2024-02-08,105.8986,7246783
XOM,2024-02-09,105.5777,14751266
XOM,2024-02-12,108.7712,10323971
XOM,2024-02-13,106.9348,19863527
XOM,2024-02-14,109.5675,27253761
XOM,2024-02-15,108.2651,12329008
XOM,2024-02-16,112.6348,14961625
XOM,2024-02-20,110.2229,28858581
XOM,2024-02-21,108.144,20572209
XOM,2024-02-22,104.4497,17805035
XOM,2024-02-23,101.0443,16715617
XOM,2024-02-26,102.6741,20414468
XOM,2024-02-27,102.3082,21545036
XOM,2024-02-28,101.8781,9972495
XOM,2024-02-29,100.5754,21397478
XOM,2024-03-01,97.8959,12105433
XOM,2024-03-04,98.2198,16659069
XOM,2024-03-05,95.9564,13465336
XOM,2024-03-06,93.1341,23738444
XOM,2024-03-07,92.8131,10363544
XOM,2024-03-08,89.6907,10374390
XOM,2024-03-11,89.4412,20047295
XOM,2024-03-12,93.2342,24481756
XOM,2024-03-13,90.1729,12146045
XOM,2024-03-14,91.2519,14807851
XOM,2024-03-15,94.0671,13882867
XOM,2024-03-18,95.0936,34931342
XOM,2024-03-19,99.562,28180161
XOM,2024-03-20,99.8012,23555761
XOM,2024-03-21,102.1797,19480480
XOM,2024-03-22,103.6908,8957460
XOM,2024-03-25,102.5136,21538689
XOM,2024-03-26,103.7539,17715468
XOM,2024-03-27,102.3417,15257048
XOM,2024-03-28,103.6619,26409715
XOM,2024-04-01,101.0785,10454967
XOM,2024-04-02,101.7833,22360354
XOM,2024-04-03,104.3861,27547202
XOM,2024-04-04,105.8255,18189346
XOM,2024-04-05,108.4188,27149939
XOM,2024-04-08,108.3142,9057725
XOM,2024-04-09,110.6428,18989375
XOM,2024-04-10,111.414,17283269
XOM,2024-04-11,105.1223,53156220
XOM,2024-04-12,103.7572,14808104
XOM,2024-04-15,105.5068,13473112
XOM,2024-04-16,106.8581,11336497
XOM,2024-04-17,105.7089,26184929
XOM,2024-04-18,106.1487,29574858
XOM,2024-04-19,105.8917,11376441
XOM,2024-04-22,108.2782,33627062
XOM,2024-04-23,108.8714,24405382
XOM,2024-04-24,104.5679,12482890
XOM,2024-04-25,104.3176,17474882
XOM,2024-04-26,104.5938,7199017
XOM,2024-04-29,101.0307,11803254
XOM,2024-04-30,103.7652,20530576
XOM,2024-05-01,105.6263,22274510
XOM,2024-05-02,101.2278,26680048
XOM,2024-05-03,100.7628,20941183
XOM,2024-05-06,99.0398,19650540
XOM,2024-05-07,96.8971,14018107
XOM,2024-05-08,99.286,29605414
XOM,2024-05-09,100.55,20239130
XOM,2024-05-10,103.4905,12751677
XOM,2024-05-13,104.6193,14771320
XOM,2024-05-14,106.5014,22896272
XOM,2024-05-15,109.0018,20374717
XOM,2024-05-16,110.0389,16602201
XOM,2024-05-17,107.9683,13025716
XOM,2024-05-20,108.9957,15151792
XOM,2024-05-21,113.1269,9858519
XOM,2024-05-22,113.1395,12583512
XOM,2024-05-23,108.8117,24591419
XOM,2024-05-24,105.0454,15113451
XOM,2024-05-28,107.8417,19236964
XOM,2024-05-29,105.1641,20893800
XOM,2024-05-30,106.8165,24156575
XOM,2024-05-31,109.2557,20773046
XOM,2024-06-03,109.7395,8814288
XOM,2024-06-04,113.1439,18625057
XOM,2024-06-05,115.4992,14858078
XOM,2024-06-06,110.2524,18216128
XOM,2024-06-07,119.9396,18456244
XOM,2024-06-10,114.9228,19560492
XOM,2024-06-11,116.0782,13074595
XOM,2024-06-12,118.8018,16695079
XOM,2024-06-13,126.7997,29381270
XOM,2024-06-14,127.0902,16074444
XOM,2024-06-17,125.9305,12232356
XOM,2024-06-18,130.7146,14049839
XOM,2024-06-20,135.0446,16882517
XOM,2024-06-21,142.4631,19412436
XOM,2024-06-24,139.6405,17047632
XOM,2024-06-25,139.7773,19382036
XOM,2024-06-26,136.0419,21509100
XOM,2024-06-27,136.9752,14649022
XOM,2024-06-28,126.9516,25165773
XOM,2024-07-01,135.4241,14204635
XOM,2024-07-02,132.0395,13915115
XOM,2024-07-03,131.2281,23450741
XOM,2024-07-05,133.1976,10230608
XOM,2024-07-08,133.7504,21697407
XOM,2024-07-09,122.9289,21552108
XOM,2024-07-10,118.8862,20417494
XOM,2024-07-11,119.5297,27500424
XOM,2024-07-12,119.6332,86094659
XOM,2024-07-15,125.2793,16686631
XOM,2024-07-16,130.108,28656835
XOM,2024-07-17,132.1054,18026981
XOM,2024-07-18,133.1466,20171220
XOM,2024-07-19,129.1591,20767468
XOM,2024-07-22,131.1587,17511252
XOM,2024-07-23,129.7047,14761572
XOM,2024-07-24,131.24,14785707
XOM,2024-07-25,126.9596,15726665
XOM,2024-07-26,123.7749,16020038
XOM,2024-07-29,119.5867,12362746
XOM,2024-07-30,119.2113,15328343
XOM,2024-07-31,114.8762,25779344
XOM,2024-08-01,113.5496,16142775
XOM,2024-08-02,111.1067,20602375
XOM,2024-08-05,114.719,11771996
XOM,2024-08-06,111.5442,15390988
XOM,2024-08-07,114.2318,10356541
XOM,2024-08-08,113.6226,11229274
XOM,2024-08-09,115.2776,16760295
XOM,2024-08-12,114.6026,8418435
XOM,2024-08-13,116.5534,17860835
XOM,2024-08-14,118.2252,20686765
XOM,2024-08-15,116.3723,21503874
XOM,2024-08-16,114.7442,12841788
XOM,2024-08-19,114.8221,14013015
XOM,2024-08-20,114.8103,17158461
XOM,2024-08-21,113.5484,18982262
XOM,2024-08-22,113.3521,12346387
XOM,2024-08-23,120.6491,20513195
XOM,2024-08-26,119.179,19810499
XOM,2024-08-27,119.4203,17072429
XOM,2024-08-28,118.0985,19572427
XOM,2024-08-29,118.2328,17055023
XOM,2024-08-30,116.758,15096512
XOM,2024-09-03,115.6927,16657225
XOM,2024-09-04,116.9866,16844825
XOM,2024-09-05,116.509,32640855
XOM,2024-09-06,116.6951,22251848
XOM,2024-09-09,118.8294,13322910
XOM,2024-09-10,119.23,15183370
XOM,2024-09-11,120.0635,13234450
XOM,2024-09-12,120.6151,13418512
XOM,2024-09-13,122.6759,19199193
XOM,2024-09-16,124.687,15952032
XOM,2024-09-17,126.4433,31733844
XOM,2024-09-18,125.7428,14033048
XOM,2024-09-19,,29153048
XOM,2024-09-20,130.7593,21610349
XOM,2024-09-23,126.5768,24097561
XOM,2024-09-24,127.0629,13761567
XOM,2024-09-25,124.937,26441730
XOM,2024-09-26,126.5193,22768046
XOM,2024-09-27,125.4289,19851269
XOM,2024-09-30,130.2783,26915157
XOM,2024-10-01,126.3965,36488980
XOM,2024-10-02,125.7475,20905142
XOM,2024-10-03,125.5065,15926105
XOM,2024-10-04,120.1118,12063277
XOM,2024-10-07,118.1377,8448156
XOM,2024-10-08,118.0229,13015216
XOM,2024-10-09,115.8141,18219240
XOM,2024-10-10,115.9273,38601135
XOM,2024-10-11,114.6325,22335787
XOM,2024-10-14,114.8539,12715996
XOM,2024-10-15,111.2029,15231292
XOM,2024-10-16,114.2121,21598937
XOM,2024-10-17,112.197,14974707
XOM,2024-10-18,113.8576,20159603
XOM,2024-10-21,113.2431,16151454
XOM,2024-10-22,114.3315,18442251
XOM,2024-10-23,114.9108,15612663
XOM,2024-10-24,113.0624,27107280
XOM,2024-10-25,113.1758,11316463
XOM,2024-10-28,111.5854,19061061
XOM,2024-10-29,110.8398,13975326
XOM,2024-10-30,105.0474,18056635
XOM,2024-10-31,105.5242,15906865
XOM,2024-11-01,103.7049,20609811
XOM,2024-11-04,100.5049,16078647
XOM,2024-11-05,97.5848,26769092
XOM,2024-11-06,99.1611,19622926
XOM,2024-11-07,98.0693,21943206
XOM,2024-11-08,93.8634,22056101
XOM,2024-11-11,94.326,13837336
XOM,2024-11-12,95.5924,13879102
XOM,2024-11-13,96.3252,15196557
XOM,2024-11-14,97.0839,25762861
XOM,2024-11-15,97.8548,11551971
XOM,2024-11-18,100.5875,17422042
XOM,2024-11-19,98.155,24169694
XOM,2024-11-20,101.3599,19161357
XOM,2024-11-21,101.138,9894385
XOM,2024-11-22,101.755,17701130
XOM,2024-11-25,99.8306,15576043
XOM,2024-11-26,99.839,14376310
XOM,2024-11-27,99.2201,15429141
XOM,2024-11-29,99.477,22526995
XOM,2024-12-02,100.7574,13039970
XOM,2024-12-03,99.7124,19185647
XOM,2024-12-04,95.9783,17210296
XOM,2024-12-05,95.096,17035391
XOM,2024-12-06,94.2178,15762808
XOM,2024-12-09,93.2021,10670175
XOM,2024-12-10,93.7775,19949894
XOM,2024-12-11,92.911,22304389
XOM,2024-12-12,95.2183,10552271
XOM,2024-12-13,96.1565,12107966
XOM,2024-12-16,97.7686,18587457
XOM,2024-12-17,94.7736,11522450
XOM,2024-12-18,95.3524,14318614
XOM,2024-12-19,94.2936,11862169
XOM,2024-12-20,92.9544,19791965
XOM,2024-12-23,93.8491,20299272
XOM,2024-12-24,94.6398,19735022
XOM,2024-12-26,93.6382,22092770
XOM,2024-12-27,98.3189,13735085
XOM,2024-12-30,97.0038,17923190
XOM,2024-12-31,100.679,30077164
