trade_id,timestamp,ticker,side,qty,price,trader,venue
T701745,2024-12-16 12:39:00,XOM,SELL,2600.0,98.3544,silva.m,XNYS
T700732,2024-11-21 14:41:00,NVDA,BUY,4000.0,1233.7105,silva.m,XNAS
T701398,2024-12-05 15:23:00,GS,SELL,3300.0,515.1412,haddad.y,XNYS
T700079,2024-11-14 15:59:00,AAPL,SELL,800.0,358.1031,silva.m,BATS
T702592,2024-12-02 10:01:00,TSLA,SELL,19.0,192.6442,haddad.y,XNYS
T701526,2024-10-30 13:08:00,XOM,BUY,1600.0,106.9056,novak.p,BATS
T700852,2024-12-17 12:28:00,NVDA,BUY,4200.0,979.5272,kim.r,XNYS
T701478,2024-12-23 13:15:00,GS,BUY,100.0,501.3621,novak.p,XNYS
T700997,2024-11-13 15:49:00,JPM,BUY,4100.0,291.4202,novak.p,BATS
T701787,2024-12-24 13:37:00,XOM,SELL,3500.0,94.1021,novak.p,XNAS
T700742,2024-11-22 15:30:00,NVDA,BUY,600.0,1256.8703,okafor.a,BATS
T701678,2024-12-02 10:43:00,XOM,SELL,300.0,99.9233,kim.r,XNYS
T702496,2024-11-11 10:20:00,TSLA,BUY,2300.0,210.4793,silva.m,XNAS
T702678,2024-12-17 14:46:00,TSLA,SELL,600.0,208.939,kim.r,XNAS
T700125,2024-11-25 10:33:00,AAPL,SELL,3500.0,364.9627,okafor.a,XNAS
T701292,2024-11-13 09:48:00,GS,BUY,6.0,473.5321,kim.r,BATS
T702923,2024-12-05 14:46:00,BP.L,BUY,38.0,4.808,novak.p,XNYS
T702002,2024-12-05 11:57:00,KO,BUY,44.0,63.7213,silva.m,XNYS
T701513,2024-12-31 15:05:00,GS,BUY,400.0,552.8316,haddad.y,DARK
T700928,2024-10-30 11:18:00,JPM,SELL,3800.0,296.1784,okafor.a,XNYS
T701476,2024-12-23 10:41:00,GS,SELL,1900.0,496.9454,haddad.y,XNYS
T700735,2024-11-22 09:57:00,NVDA,BUY,2400.0,1253.188,okafor.a,XNAS
T702575,2024-11-26 12:17:00,TSLA,BUY,200.0,186.5034,haddad.y,XNYS
T700420,2024-11-20 15:30:00,MSFT,BUY,3500.0,258.7023,okafor.a,XNYS
T701851,2024-11-05 10:23:00,KO,SELL,100.0,64.1393,novak.p,BATS
T702279,2024-12-02 11:24:00,PG,BUY,700.0,150.6307,silva.m,BATS
T700587,2024-12-24 15:42:00,MSFT,SELL,4400.0,265.2702,novak.p,XNYS
T700095,2024-11-18 15:33:00,AAPL,BUY,2200.0,364.1553,okafor.a,XNYS
T700959,2024-11-05 15:09:00,JPM,SELL,100.0,298.2616,haddad.y,DARK
T700752,2024-11-26 09:49:00,NVDA,BUY,12.0,1202.1463,haddad.y,XNYS
T702556,2024-11-21 13:15:00,TSLA,BUY,1600.0,194.0721,kim.r,XNYS
T702806,2024-11-11 10:50:00,BP.L,SELL,1200.0,4.4625,haddad.y,XNAS
T701647,2024-11-22 13:14:00,XOM,BUY,42.0,101.5422,silva.m,DARK
T702186,2024-11-12 13:11:00,PG,BUY,2600.0,142.998,novak.p,BATS
T702021,2024-12-10 12:51:00,KO,BUY,600.0,64.0217,kim.r,BATS
T700206,2024-12-11 13:02:00,AAPL,BUY,4300.0,404.1509,silva.m,XNAS
T702622,2024-12-06 09:37:00,TSLA,SELL,2900.0,199.6792,haddad.y,BATS
T702547,2024-11-20 11:00:00,TSLA,BUY,1000.0,213.9626,kim.r,DARK
T700579,2024-12-23 15:15:00,MSFT,SELL,2200.0,270.351,kim.r,XNYS
T702296,2024-12-04 14:31:00,PG,BUY,2400.0,152.3398,novak.p,XNYS
T701109,2024-12-09 10:56:00,JPM,BUY,31.0,306.1713,silva.m,XNYS
T702734,2024-12-30 14:34:00,TSLA,BUY,1800.0,211.509,novak.p,XNAS
T702786,2024-11-06 12:17:00,BP.L,BUY,3500.0,4.3988,silva.m,XNYS
T701102,2024-12-06 12:07:00,JPM,BUY,1600.0,302.9635,silva.m,BATS
T701363,2024-11-29 09:36:00,GS,SELL,600.0,498.2579,silva.m,XNAS
T701971,2024-11-29 11:42:00,KO,BUY,200.0,61.7723,silva.m,XNAS
T701227,2024-10-30 15:06:00,GS,BUY,3.0,478.651,okafor.a,XNAS
T701903,2024-11-14 12:40:00,KO,BUY,1700.0,61.5987,haddad.y,XNYS
T700707,2024-11-15 14:07:00,NVDA,SELL,2700.0,1190.8695,novak.p,XNAS
T701397,2024-12-05 14:31:00,GS,BUY,1800.0,516.4432,okafor.a,XNYS
T701813,2024-12-31 09:49:00,XOM,SELL,400.0,96.9491,haddad.y,XNAS
T700631,2024-10-31 09:55:00,NVDA,BUY,2400.0,1413.2325,novak.p,XNAS
T700658,2024-11-06 09:58:00,NVDA,SELL,2900.0,1373.8239,haddad.y,XNYS
T701977,2024-12-02 10:35:00,KO,SELL,42.0,61.7574,haddad.y,XNYS
T700180,2024-12-06 09:59:00,AAPL,BUY,3400.0,394.4603,silva.m,XNYS
T701853,2024-11-05 11:46:00,KO,SELL,400.0,63.9772,okafor.a,XNAS
T702581,2024-11-27 14:35:00,TSLA,BUY,31.0,187.8151,haddad.y,XNAS
T702264,2024-11-27 09:54:00,PG,BUY,3700.0,147.349,haddad.y,XNYS
T700186,2024-12-06 15:48:00,AAPL,SELL,4100.0,,silva.m,BATS
T702124,2024-10-30 09:51:00,PG,SELL,23.0,145.0186,haddad.y,DARK
T702579,2024-11-27 10:28:00,TSLA,SELL,3200.0,187.4976,novak.p,DARK
T701098,2024-12-05 15:51:00,JPM,BUY,100.0,301.5854,novak.p,XNYS
T702217,2024-11-18 14:08:00,PG,SELL,2700.0,144.2901,novak.p,DARK
T700419,2024-11-20 13:40:00,MSFT,SELL,4300.0,255.7528,novak.p,XNAS
T702941,2024-12-10 09:37:00,BP.L,SELL,500.0,4.7173,novak.p,BATS
T700652,2024-11-05 12:04:00,NVDA,SELL,1000.0,1394.9558,novak.p,XNAS
T702164,2024-11-07 13:29:00,PG,BUY,4100.0,144.3157,novak.p,DARK
T700414,2024-11-20 11:11:00,MSFT,BUY,3600.0,255.878,silva.m,XNAS
T700736,2024-11-22 10:45:00,NVDA,BUY,800.0,1258.13,novak.p,BATS
T702055,2024-12-16 15:41:00,KO,BUY,1900.0,64.1932,okafor.a,XNAS
T702591,2024-12-02 09:55:00,TSLA,BUY,3400.0,193.0266,okafor.a,
T702146,2024-11-04 12:47:00,PG,SELL,3600.0,146.0119,okafor.a,XNAS
T702371,2024-12-19 12:20:00,PG,BUY,200.0,150.4982,kim.r,XNAS
T702924,2024-12-05 15:59:00,BP.L,BUY,2500.0,4.7429,okafor.a,BATS
T702821,2024-11-13 14:01:00,BP.L,BUY,500.0,4.4246,silva.m,DARK
T701164,2024-12-19 15:10:00,JPM,SELL,3000.0,328.2844,okafor.a,XNYS
T701441,2024-12-16 12:12:00,GS,BUY,4400.0,472.8147,silva.m,XNYS
T702753,2024-10-30 11:21:00,BP.L,SELL,2100.0,4.4466,kim.r,XNYS
T702628,2024-12-09 13:41:00,TSLA,BUY,3300.0,207.1764,kim.r,XNAS
T701422,2024-12-11 10:30:00,GS,BUY,700.0,449.7486,silva.m,XNYS
T700898,2024-12-26 15:39:00,NVDA,SELL,2200.0,1088.1072,kim.r,XNAS
T702588,2024-11-29 15:27:00,TSLA,SELL,1200.0,192.3329,silva.m,XNAS
T700427,2024-11-21 15:37:00,MSFT,BUY,32.0,255.9636,okafor.a,XNYS
T700929,2024-10-30 11:25:00,JPM,SELL,400.0,295.7435,silva.m,DARK
T702230,2024-11-20 10:26:00,PG,BUY,900.0,146.5085,okafor.a,XNYS
T702043,2024-12-13 11:01:00,KO,SELL,3400.0,64.5953,haddad.y,XNYS
T702326,2024-12-10 09:59:00,PG,BUY,4000.0,151.7741,okafor.a,BATS
T700526,2024-12-12 12:18:00,MSFT,BUY,200.0,245.8127,silva.m,XNYS
T702384,2024-12-20 11:40:00,PG,BUY,2700.0,152.7217,haddad.y,BATS
T702457,2024-11-01 15:45:00,TSLA,SELL,1900.0,236.0542,kim.r,XNYS
T700824,2024-12-11 11:41:00,NVDA,SELL,1300.0,1107.6865,haddad.y,XNAS
T700121,2024-11-22 12:50:00,AAPL,SELL,5.0,371.0093,kim.r,BATS
T701720,2024-12-10 15:32:00,XOM,BUY,1500.0,93.813,haddad.y,BATS
T700305,2024-10-30 11:35:00,MSFT,SELL,3500.0,267.7131,silva.m,XNYS
T701096,2024-12-05 11:11:00,JPM,SELL,3200.0,305.3291,okafor.a,BATS
T701081,2024-12-03 13:44:00,JPM,BUY,3700.0,304.9189,haddad.y,DARK
T702074,2024-12-19 15:09:00,KO,BUY,4100.0,65.2709,kim.r,XNYS
T700746,2024-11-25 10:20:00,NVDA,BUY,1900.0,1246.9905,okafor.a,XNAS
T701213,2024-12-31 10:56:00,JPM,SELL,4100.0,329.5375,kim.r,BATS
T702060,2024-12-17 15:17:00,KO,BUY,3300.0,65.4366,haddad.y,XNYS
T701538,2024-11-01 10:28:00,XOM,SELL,4000.0,105.5978,novak.p,DARK
T702665,2024-12-13 15:31:00,TSLA,SELL,3500.0,212.2629,novak.p,XNAS
T702035,2024-12-12 13:49:00,KO,BUY,2400.0,64.3593,novak.p,DARK
T700314,2024-10-31 14:38:00,MSFT,BUY,4000.0,264.658,silva.m,BATS
T702975,2024-12-17 14:20:00,BP.L,SELL,42.0,4.6423,okafor.a,BATS
T701781,2024-12-23 11:23:00,XOM,BUY,4300.0,93.1759,okafor.a,BATS
T701471,2024-12-20 15:18:00,GS,BUY,1200.0,493.9018,kim.r,XNYS
T700890,2024-12-24 15:55:00,NVDA,SELL,4400.0,1097.0355,haddad.y,DARK
T702328,2024-12-10 14:18:00,PG,BUY,800.0,151.3028,novak.p,BATS
T701920,2024-11-19 12:01:00,KO,SELL,2500.0,61.2255,haddad.y,BATS
T700203,2024-12-11 09:49:00,AAPL,BUY,1100.0,394.8459,okafor.a,XNYS
T702373,2024-12-19 13:30:00,PG,SELL,1200.0,151.3498,novak.p,XNAS
T701223,2024-10-30 10:15:00,GS,BUY,2400.0,479.5333,novak.p,BATS
T702081,2024-12-20 15:46:00,KO,BUY,3900.0,65.0348,silva.m,BATS
T702889,2024-11-27 12:38:00,BP.L,BUY,2900.0,4.9069,haddad.y,XNYS
T702867,2024-11-22 13:12:00,BP.L,BUY,1800.0,4.9158,okafor.a,XNAS
T701429,2024-12-12 14:13:00,GS,BUY,400.0,445.7915,silva.m,BATS
T703025,2024-12-27 15:19:00,BP.L,BUY,3300.0,4.3177,okafor.a,BATS
T700539,2024-12-16 10:25:00,MSFT,SELL,500.0,253.8974,novak.p,XNAS
T702845,2024-11-19 09:38:00,BP.L,BUY,300.0,4.7135,silva.m,XNYS
T700296,2024-12-31 15:46:00,AAPL,SELL,2200.0,,kim.r,XNYS
T702059,2024-12-17 14:47:00,KO,BUY,2100.0,65.4374,silva.m,XNYS
T701235,2024-10-31 11:52:00,GS,BUY,22.0,482.622,okafor.a,XNYS
T702799,2024-11-08 11:49:00,BP.L,BUY,4100.0,4.492,kim.r,XNYS
T702505,2024-11-12 14:43:00,TSLA,SELL,600.0,211.7229,kim.r,XNAS
T702443,2024-10-31 14:12:00,TSLA,BUY,4400.0,236.8349,kim.r,XNYS
T702358,2024-12-17 11:13:00,PG,SELL,300.0,152.7774,novak.p,XNAS
T700224,2024-12-16 15:32:00,AAPL,BUY,200.0,399.3334,novak.p,XNAS
T700798,2024-12-05 13:22:00,NVDA,BUY,3200.0,1099.4054,okafor.a,DARK
T702086,2024-12-23 11:39:00,KO,SELL,2500.0,65.0036,kim.r,XNAS
T702526,2024-11-15 13:22:00,TSLA,BUY,3200.0,209.0086,haddad.y,XNAS
T701083,2024-12-03 14:42:00,JPM,SELL,100.0,302.9653,silva.m,BATS
T701464,2024-12-19 14:34:00,GS,SELL,2800.0,481.5177,kim.r,BATS
T701040,2024-11-22 11:57:00,JPM,BUY,4000.0,306.1087,novak.p,XNAS
T701189,2024-12-24 14:05:00,JPM,BUY,3600.0,336.3261,kim.r,XNYS
T700361,2024-11-08 11:45:00,MSFT,SELL,3900.0,244.4922,kim.r,XNAS
T701549,2024-11-04 11:33:00,XOM,SELL,16.0,101.1525,haddad.y,BATS
T703035,2024-12-31 10:35:00,BP.L,SELL,4300.0,4.2171,silva.m,XNYS
T702761,2024-10-31 11:01:00,BP.L,BUY,1800.0,4.5384,okafor.a,BATS
T701418,2024-12-10 15:09:00,GS,SELL,15.0,453.1618,novak.p,XNAS
T700877,2024-12-23 09:37:00,NVDA,BUY,3100.0,1022.0915,kim.r,XNYS
T700804,2024-12-06 10:32:00,NVDA,SELL,4200.0,1120.3648,silva.m,XNYS
T700676,2024-11-11 10:35:00,NVDA,BUY,3000.0,1243.5256,novak.p,XNAS
T702773,2024-11-04 11:09:00,BP.L,BUY,1200.0,4.596,silva.m,XNYS
T702580,2024-11-27 11:10:00,TSLA,SELL,2600.0,185.9142,novak.p,BATS
T701170,2024-12-20 12:52:00,JPM,BUY,2400.0,337.0719,silva.m,XNAS
T701297,2024-11-14 13:46:00,GS,SELL,3100.0,477.1227,silva.m,XNYS
T701166,2024-12-20 09:37:00,JPM,BUY,300.0,330.1597,novak.p,XNYS
T701252,2024-11-04 15:02:00,GS,BUY,40.0,477.0108,silva.m,BATS
T701320,2024-11-19 15:15:00,GS,BUY,19.0,464.6955,haddad.y,BATS
T702254,2024-11-25 15:38:00,PG,BUY,1900.0,147.6551,silva.m,XNYS
T700984,2024-11-11 15:35:00,JPM,BUY,2700.0,285.8648,haddad.y,DARK
T701816,2024-12-31 13:16:00,XOM,SELL,42.0,98.1474,novak.p,BATS
T701881,2024-11-11 09:46:00,KO,SELL,1400.0,62.5341,novak.p,XNAS
T701444,2024-12-16 15:37:00,GS,SELL,2200.0,478.7887,haddad.y,XNAS
T701783,2024-12-23 15:28:00,XOM,SELL,18.0,94.1915,silva.m,DARK
T702942,2024-12-10 13:11:00,BP.L,BUY,1200.0,4.7465,silva.m,DARK
T700892,2024-12-26 11:08:00,NVDA,BUY,300.0,1094.9881,kim.r,XNYS
T702623,2024-12-06 10:09:00,TSLA,BUY,1500.0,199.9607,okafor.a,BATS
T701608,2024-11-15 15:21:00,XOM,SELL,1400.0,97.6583,haddad.y,XNAS
T700858,2024-12-18 13:14:00,NVDA,SELL,900.0,981.9976,novak.p,XNAS
T702798,2024-11-08 10:17:00,BP.L,SELL,3200.0,4.508,haddad.y,XNYS
T701989,2024-12-03 15:59:00,KO,BUY,17.0,62.6252,kim.r,XNYS
T700672,2024-11-08 13:36:00,NVDA,BUY,4400.0,1265.1794,kim.r,XNAS
T702978,2024-12-17 15:55:00,BP.L,BUY,900.0,4.6341,kim.r,XNAS
T701502,2024-12-30 12:02:00,GS,BUY,200.0,536.6798,novak.p,XNYS
T700713,2024-11-18 15:50:00,NVDA,SELL,500.0,1254.3472,okafor.a,DARK
T700717,2024-11-19 14:50:00,NVDA,SELL,2400.0,1251.709,kim.r,DARK
T700801,2024-12-05 15:48:00,NVDA,BUY,1400.0,1109.2225,okafor.a,BATS
T701337,2024-11-22 12:34:00,GS,BUY,3700.0,472.4376,silva.m,
T700582,2024-12-24 09:38:00,MSFT,SELL,3800.0,268.1118,silva.m,XNAS
T700943,2024-11-01 10:59:00,JPM,BUY,2900.0,297.2479,haddad.y,BATS
T700983,2024-11-11 15:28:00,JPM,BUY,2600.0,285.3022,silva.m,DARK
T702363,2024-12-18 09:37:00,PG,BUY,1800.0,151.9314,silva.m,XNYS
T701352,2024-11-26 14:07:00,GS,SELL,2400.0,484.1666,kim.r,XNAS
T701803,2024-12-27 13:34:00,XOM,SELL,4100.0,95.9579,novak.p,BATS
T701389,2024-12-04 12:33:00,GS,SELL,4300.0,527.7044,novak.p,BATS
T702495,2024-11-08 15:55:00,TSLA,BUY,1800.0,213.1651,novak.p,DARK
T702413,2024-12-30 13:33:00,PG,BUY,1100.0,160.0158,silva.m,DARK
T701578,2024-11-08 15:45:00,XOM,SELL,400.0,94.1915,silva.m,XNAS
T701453,2024-12-18 09:51:00,GS,BUY,1300.0,485.9201,silva.m,BATS
T702731,2024-12-30 09:57:00,TSLA,BUY,800.0,208.3151,haddad.y,BATS
T701541,2024-11-01 12:24:00,XOM,SELL,1400.0,104.5932,okafor.a,XNYS
T702564,2024-11-22 14:45:00,TSLA,BUY,3300.0,193.3988,okafor.a,XNAS
T701275,2024-11-08 15:15:00,GS,BUY,1600.0,,kim.r,XNAS
T702986,2024-12-18 13:38:00,BP.L,SELL,2800.0,4.5593,silva.m,XNAS
T703020,2024-12-27 13:42:00,BP.L,SELL,100.0,4.3028,okafor.a,XNYS
T700430,2024-11-22 11:44:00,MSFT,SELL,1600.0,256.2991,kim.r,XNYS
T702718,2024-12-26 11:17:00,TSLA,BUY,1000.0,225.3125,kim.r,DARK
T701766,2024-12-19 09:42:00,XOM,BUY,200.0,95.6805,novak.p,BATS
T700275,2024-12-26 15:09:00,AAPL,SELL,1100.0,395.9118,haddad.y,BATS
T701010,2024-11-18 09:31:00,JPM,SELL,1200.0,293.6576,silva.m,XNAS
T701095,2024-12-05 10:56:00,JPM,BUY,600.0,306.7521,okafor.a,XNAS
T701039,2024-11-22 11:56:00,JPM,BUY,2100.0,306.2387,silva.m,XNYS
T700803,2024-12-06 09:50:00,NVDA,BUY,1000.0,1116.4565,novak.p,XNAS
T700416,2024-11-20 12:47:00,MSFT,SELL,1800.0,257.0058,novak.p,DARK
T702983,2024-12-18 11:19:00,BP.L,SELL,2500.0,4.5574,silva.m,XNAS
T702515,2024-11-14 11:31:00,TSLA,SELL,3900.0,213.8205,silva.m,XNYS
T702027,2024-12-10 15:47:00,KO,SELL,1300.0,63.8474,haddad.y,XNYS
T701242,2024-11-01 13:04:00,GS,BUY,4300.0,486.6158,haddad.y,XNAS
T700767,2024-11-29 12:16:00,NVDA,SELL,2100.0,1133.4128,kim.r,XNAS
T702842,2024-11-18 13:16:00,BP.L,BUY,2300.0,4.6452,kim.r,XNAS
T700426,2024-11-21 15:04:00,MSFT,BUY,1300.0,256.696,okafor.a,XNYS
T702608,2024-12-04 12:31:00,TSLA,BUY,900.0,199.8789,novak.p,XNAS
T702989,2024-12-19 12:20:00,BP.L,BUY,2800.0,4.5213,novak.p,XNAS
T702721,2024-12-26 15:20:00,TSLA,BUY,12.0,220.1615,okafor.a,BATS
T701382,2024-12-03 12:14:00,GS,BUY,100.0,520.3215,kim.r,XNYS
T701543,2024-11-01 13:36:00,XOM,BUY,4000.0,104.5136,novak.p,XNAS
T701167,2024-12-20 09:48:00,JPM,SELL,3300.0,330.5906,kim.r,XNAS
T702003,2024-12-05 12:07:00,KO,BUY,4400.0,63.7262,haddad.y,BATS
T702430,2024-10-29 12:29:00,TSLA,BUY,1600.0,240.5629,silva.m,XNYS
T700172,2024-12-05 09:58:00,AAPL,BUY,23.0,390.9702,novak.p,BATS
T701742,2024-12-13 14:36:00,XOM,BUY,700.0,96.0979,silva.m,BATS
T702853,2024-11-20 12:17:00,BP.L,BUY,2900.0,4.7295,haddad.y,BATS
T701192,2024-12-26 11:22:00,JPM,SELL,4000.0,338.1188,okafor.a,XNAS
T700110,2024-11-20 15:42:00,AAPL,BUY,1000.0,376.8101,silva.m,XNAS
T700070,2024-11-13 11:38:00,AAPL,BUY,1300.0,354.4966,kim.r,XNYS
T700356,2024-11-07 11:56:00,MSFT,SELL,2000.0,245.0001,kim.r,BATS
T702517,2024-11-14 14:33:00,TSLA,BUY,600.0,211.2457,silva.m,XNYS
T700444,2024-11-25 15:28:00,MSFT,BUY,38.0,253.9315,okafor.a,XNYS
T702372,2024-12-19 12:29:00,PG,BUY,1700.0,150.4614,kim.r,XNAS
T700841,2024-12-16 09:48:00,NVDA,SELL,200.0,1037.5097,haddad.y,DARK
T700369,2024-11-11 13:42:00,MSFT,SELL,1400.0,247.6104,silva.m,XNYS
T702241,2024-11-22 11:13:00,PG,SELL,3700.0,147.1385,okafor.a,DARK
T702162,2024-11-07 10:39:00,PG,BUY,2800.0,144.6308,kim.r,XNYS
T700034,2024-11-04 14:40:00,AAPL,SELL,3200.0,354.4751,silva.m,DARK
T701780,2024-12-23 10:23:00,XOM,SELL,4300.0,92.7372,haddad.y,XNYS
T701463,2024-12-19 13:43:00,GS,BUY,1400.0,483.6064,haddad.y,BATS
T702011,2024-12-06 13:19:00,KO,BUY,37.0,63.6289,haddad.y,XNYS
T702689,2024-12-19 13:21:00,TSLA,SELL,2400.0,216.3493,novak.p,XNAS
T701602,2024-11-14 13:49:00,XOM,SELL,900.0,96.7058,novak.p,XNAS
T700819,2024-12-10 12:45:00,NVDA,SELL,4300.0,1119.1784,silva.m,XNAS
T701475,2024-12-23 10:24:00,GS,BUY,2600.0,498.2739,haddad.y,BATS
T700259,2024-12-23 13:01:00,AAPL,BUY,900.0,397.0941,silva.m,XNAS
T702114,2024-12-31 10:06:00,KO,BUY,3200.0,68.599,kim.r,BATS
T700030,2024-11-04 09:54:00,AAPL,BUY,20.0,350.7311,novak.p,XNYS
T701276,2024-11-08 15:22:00,GS,BUY,4400.0,477.0703,haddad.y,XNAS
T700415,2024-11-20 12:41:00,MSFT,BUY,33.0,256.9601,haddad.y,XNYS
T701232,2024-10-31 09:53:00,GS,SELL,1500.0,479.4016,kim.r,XNAS
T700760,2024-11-27 11:58:00,NVDA,SELL,3100.0,1130.6988,silva.m,XNAS
T700118,2024-11-22 09:56:00,AAPL,SELL,39.0,369.5297,kim.r,XNAS
T700532,2024-12-13 09:49:00,MSFT,SELL,36.0,249.1833,kim.r,XNAS
T700375,2024-11-12 14:58:00,MSFT,SELL,3200.0,242.7236,haddad.y,XNAS
T701224,2024-10-30 10:47:00,GS,SELL,3400.0,479.7979,okafor.a,XNAS
T701203,2024-12-27 15:37:00,JPM,BUY,700.0,333.3762,silva.m,XNYS
T702599,2024-12-03 10:55:00,TSLA,BUY,2200.0,199.3842,haddad.y,XNAS
T702218,2024-11-19 09:40:00,PG,SELL,2500.0,143.9533,kim.r,XNYS
T701972,2024-11-29 12:54:00,KO,SELL,3800.0,62.3311,okafor.a,XNYS
T701802,2024-12-27 13:32:00,XOM,BUY,1500.0,96.0128,okafor.a,BATS
T700318,2024-11-01 09:30:00,MSFT,SELL,4000.0,265.9766,okafor.a,BATS
T701759,2024-12-18 09:41:00,XOM,BUY,2100.0,94.9256,silva.m,XNYS
T700651,2024-11-05 10:40:00,NVDA,BUY,3100.0,1394.4601,kim.r,XNAS
T700063,2024-11-11 15:03:00,AAPL,SELL,3900.0,356.2774,novak.p,BATS
T701805,2024-12-27 13:52:00,XOM,BUY,42.0,96.0912,kim.r,XNYS
T701485,2024-12-24 15:27:00,GS,SELL,2900.0,519.2814,okafor.a,XNYS
T702563,2024-11-22 13:44:00,TSLA,SELL,1800.0,194.0828,silva.m,XNAS
T701005,2024-11-15 10:51:00,JPM,BUY,3700.0,293.948,okafor.a,XNAS
T700386,2024-11-14 11:38:00,MSFT,SELL,3400.0,237.5147,novak.p,BATS
T701124,2024-12-11 14:50:00,JPM,BUY,3200.0,310.856,novak.p,DARK
T700280,2024-12-27 15:24:00,AAPL,SELL,2.0,390.0474,novak.p,XNYS
T702426,2024-10-29 09:58:00,TSLA,BUY,1000.0,238.9953,novak.p,XNAS
T701579,2024-11-11 10:19:00,XOM,SELL,2600.0,94.1423,haddad.y,BATS
T702635,2024-12-10 11:44:00,TSLA,BUY,2400.0,213.5957,novak.p,XNAS
T700362,2024-11-08 12:46:00,MSFT,SELL,4200.0,244.4494,silva.m,XNAS
T700440,2024-11-25 11:31:00,MSFT,BUY,20.0,252.2535,haddad.y,BATS
T702023,2024-12-10 14:04:00,KO,SELL,200.0,64.2824,kim.r,XNYS
T702386,2024-12-23 09:37:00,PG,SELL,2400.0,151.5145,novak.p,XNYS
T700502,2024-12-06 14:54:00,MSFT,BUY,17.0,268.3751,kim.r,XNAS
T701670,2024-11-29 10:07:00,XOM,BUY,3600.0,98.9979,silva.m,BATS
T700485,2024-12-03 15:32:00,MSFT,SELL,13.0,253.5716,kim.r,XNAS
T700933,2024-10-30 15:40:00,JPM,SELL,3500.0,296.8189,haddad.y,XNYS
T701140,2024-12-16 09:46:00,JPM,SELL,900.0,312.727,novak.p,XNYS
T702661,2024-12-13 10:37:00,TSLA,BUY,2500.0,211.7205,silva.m,XNYS
T701627,2024-11-19 14:27:00,XOM,SELL,4000.0,98.6936,okafor.a,BATS
T702350,2024-12-16 10:44:00,PG,BUY,2500.0,152.9377,haddad.y,DARK
T702510,2024-11-13 12:38:00,TSLA,SELL,2900.0,212.2109,silva.m,DARK
T701387,2024-12-04 11:09:00,GS,SELL,1400.0,528.5591,kim.r,BATS
T701573,2024-11-08 11:16:00,XOM,BUY,3300.0,97.3805,kim.r,XNAS
T701123,2024-12-11 14:43:00,JPM,BUY,3200.0,310.5692,haddad.y,XNYS
T702293,2024-12-04 10:04:00,PG,BUY,3700.0,150.9573,silva.m,BATS
T700454,2024-11-26 15:52:00,MSFT,BUY,9.0,251.0582,silva.m,XNAS
T702519,2024-11-14 14:57:00,TSLA,BUY,600.0,209.5076,kim.r,BATS
T700842,2024-12-16 10:04:00,NVDA,BUY,1500.0,1035.9542,okafor.a,XNAS
T700190,2024-12-09 13:56:00,AAPL,BUY,3000.0,396.5599,haddad.y,BATS
T702593,2024-12-02 10:55:00,TSLA,BUY,500.0,195.0528,silva.m,DARK
T702850,2024-11-19 15:58:00,BP.L,BUY,1600.0,4.7647,haddad.y,XNAS
T700694,2024-11-14 09:56:00,NVDA,BUY,1600.0,1213.523,silva.m,DARK
T702724,2024-12-27 14:15:00,TSLA,SELL,3600.0,212.5763,kim.r,XNYS
T700450,2024-11-26 12:36:00,MSFT,SELL,4400.0,252.9773,novak.p,XNYS
T702471,2024-11-05 12:31:00,TSLA,SELL,2200.0,236.9532,silva.m,DARK
T701206,2024-12-30 13:01:00,JPM,BUY,800.0,332.856,haddad.y,XNYS
T700002,2024-10-29 10:01:00,AAPL,SELL,1800.0,367.8562,okafor.a,XNAS
T700643,2024-11-04 09:52:00,NVDA,SELL,700.0,1461.4049,haddad.y,XNYS
T700527,2024-12-12 12:26:00,MSFT,BUY,2900.0,246.1833,haddad.y,XNAS
T701061,2024-11-27 15:41:00,JPM,BUY,300.0,307.0091,silva.m,BATS
T700372,2024-11-12 12:08:00,MSFT,BUY,17.0,245.4858,novak.p,XNYS
T702964,2024-12-13 12:12:00,BP.L,SELL,3100.0,4.764,kim.r,XNAS
T702246,2024-11-22 15:43:00,PG,BUY,15.0,148.1381,haddad.y,XNAS
T702552,2024-11-21 09:39:00,TSLA,BUY,3600.0,199.9684,okafor.a,XNYS
T701291,2024-11-13 09:35:00,GS,SELL,2.0,471.6676,silva.m,BATS
T701517,2024-10-29 14:06:00,XOM,BUY,11.0,110.7507,okafor.a,DARK
T700921,2024-10-29 10:08:00,JPM,BUY,400.0,300.3287,kim.r,XNAS
T700412,2024-11-19 15:36:00,MSFT,BUY,1600.0,253.7761,novak.p,BATS
T701514,2024-12-31 15:26:00,GS,SELL,1400.0,552.6026,okafor.a,BATS
T701457,2024-12-18 14:32:00,GS,SELL,2700.0,490.3289,kim.r,DARK
T700802,2024-12-06 09:40:00,NVDA,SELL,3700.0,1112.9815,silva.m,XNAS
T700584,2024-12-24 13:21:00,MSFT,BUY,2100.0,267.5993,silva.m,XNAS
T702516,2024-11-14 12:36:00,TSLA,SELL,500.0,211.302,haddad.y,XNAS
T702425,2024-12-31 15:38:00,PG,BUY,200.0,163.5324,okafor.a,BATS
T700699,2024-11-14 14:42:00,NVDA,SELL,400.0,1206.9574,okafor.a,DARK
T700640,2024-11-01 15:54:00,NVDA,BUY,2900.0,1459.8709,kim.r,DARK
T702733,2024-12-30 13:30:00,TSLA,SELL,3600.0,209.0462,kim.r,DARK
T701377,2024-12-02 15:25:00,GS,BUY,3400.0,,novak.p,XNAS
T700456,2024-11-27 10:14:00,MSFT,SELL,3100.0,251.3547,haddad.y,DARK
T701533,2024-10-31 13:14:00,XOM,SELL,700.0,105.5205,haddad.y,BATS
T702317,2024-12-09 10:39:00,PG,BUY,2700.0,153.2758,okafor.a,XNAS
T701338,2024-11-22 13:08:00,GS,BUY,3200.0,472.2121,haddad.y,XNYS
T701815,2024-12-31 11:26:00,XOM,BUY,2200.0,97.0973,silva.m,XNAS
T702704,2024-12-23 11:29:00,TSLA,SELL,4100.0,226.5201,kim.r,DARK
T702638,2024-12-10 14:16:00,TSLA,BUY,1900.0,211.7981,silva.m,DARK
T702682,2024-12-18 12:10:00,TSLA,BUY,1200.0,211.4208,silva.m,XNAS
T700278,2024-12-27 12:58:00,AAPL,SELL,1500.0,391.8144,kim.r,XNYS
T701157,2024-12-18 13:39:00,JPM,BUY,700.0,327.0315,haddad.y,DARK
T700151,2024-12-02 11:57:00,AAPL,SELL,1700.0,378.727,novak.p,XNAS
T702762,2024-10-31 12:44:00,BP.L,SELL,600.0,4.5169,novak.p,XNAS
T702166,2024-11-07 14:36:00,PG,BUY,1700.0,143.9672,silva.m,XNAS
T700340,2024-11-05 11:09:00,MSFT,SELL,2700.0,253.3172,haddad.y,XNAS
T702886,2024-11-27 10:15:00,BP.L,SELL,600.0,4.9137,novak.p,DARK
T701938,2024-11-21 15:42:00,KO,SELL,400.0,61.4113,okafor.a,XNAS
T700727,2024-11-20 15:39:00,NVDA,BUY,2000.0,1235.6261,haddad.y,XNYS
T701271,2024-11-08 13:07:00,GS,BUY,900.0,474.7644,kim.r,DARK
T702130,2024-10-31 09:36:00,PG,SELL,2900.0,145.958,kim.r,XNAS
T702891,2024-11-27 14:37:00,BP.L,SELL,4300.0,4.8179,kim.r,XNAS
T702655,2024-12-12 15:49:00,TSLA,BUY,2200.0,211.5049,okafor.a,BATS
T702267,2024-11-27 15:47:00,PG,BUY,3100.0,149.3653,okafor.a,XNAS
T700523,2024-12-11 15:59:00,MSFT,SELL,18.0,244.3556,kim.r,BATS
T700142,2024-11-27 13:46:00,AAPL,SELL,31.0,373.6196,kim.r,
T702991,2024-12-19 13:18:00,BP.L,SELL,2000.0,4.4904,kim.r,XNYS
T700720,2024-11-19 15:38:00,NVDA,SELL,4200.0,1248.2372,haddad.y,XNAS
T700099,2024-11-19 10:06:00,AAPL,SELL,1400.0,366.2909,okafor.a,BATS
T700770,2024-11-29 14:39:00,NVDA,BUY,1800.0,1146.797,novak.p,BATS
T701537,2024-11-01 10:21:00,XOM,SELL,2000.0,105.4878,novak.p,XNYS
T702680,2024-12-17 15:39:00,TSLA,SELL,2700.0,209.5598,kim.r,BATS
T702527,2024-11-15 14:44:00,TSLA,BUY,500.0,212.2816,kim.r,BATS
T700325,2024-11-01 14:02:00,MSFT,BUY,1100.0,259.8265,silva.m,XNYS
T700855,2024-12-17 13:25:00,NVDA,BUY,2600.0,983.9728,kim.r,XNYS
T700945,2024-11-01 13:44:00,JPM,SELL,2000.0,298.7616,silva.m,BATS
T700879,2024-12-23 09:53:00,NVDA,SELL,1500.0,1027.3417,silva.m,XNYS
T701674,2024-11-29 13:58:00,XOM,SELL,4300.0,99.6397,kim.r,XNAS
T701312,2024-11-18 09:34:00,GS,BUY,2700.0,468.4015,novak.p,BATS
T700358,2024-11-07 15:36:00,MSFT,BUY,8.0,246.6251,silva.m,DARK
T702897,2024-11-29 15:44:00,BP.L,SELL,27.0,4.78,kim.r,XNAS
T700514,2024-12-10 10:09:00,MSFT,BUY,20.0,258.53,kim.r,XNYS
T700669,2024-11-08 09:39:00,NVDA,BUY,43.0,1297.8007,haddad.y,XNYS
T700961,2024-11-06 09:40:00,JPM,SELL,3000.0,298.2363,silva.m,XNYS
T702870,2024-11-22 15:16:00,BP.L,BUY,3000.0,4.9027,kim.r,XNYS
T701183,2024-12-24 10:01:00,JPM,SELL,3100.0,343.3978,okafor.a,BATS
T700513,2024-12-09 15:45:00,MSFT,SELL,2300.0,258.7915,haddad.y,BATS
T700536,2024-12-13 14:18:00,MSFT,SELL,1200.0,251.0689,silva.m,BATS
T702333,2024-12-11 13:42:00,PG,BUY,33.0,152.7772,kim.r,XNAS
T700036,2024-11-05 09:50:00,AAPL,BUY,2.0,353.6989,novak.p,DARK
T702242,2024-11-22 14:23:00,PG,SELL,700.0,,novak.p,XNAS
T700562,2024-12-19 10:54:00,MSFT,SELL,2300.0,262.4314,okafor.a,XNYS
T700883,2024-12-23 15:35:00,NVDA,BUY,300.0,1073.9068,okafor.a,XNAS
T700547,2024-12-17 10:09:00,MSFT,SELL,21.0,256.953,haddad.y,XNYS
T700377,2024-11-12 15:29:00,MSFT,BUY,2900.0,240.792,okafor.a,XNYS
T701038,2024-11-21 15:46:00,JPM,SELL,3900.0,303.4922,haddad.y,DARK
T701933,2024-11-21 10:55:00,KO,BUY,4000.0,61.1686,haddad.y,BATS
T700795,2024-12-05 10:12:00,NVDA,BUY,5.0,1083.1229,kim.r,BATS
T702423,2024-12-31 15:16:00,PG,SELL,1600.0,163.47,silva.m,DARK
T701333,2024-11-21 15:25:00,GS,BUY,4400.0,476.2369,silva.m,XNYS
T701032,2024-11-21 10:22:00,JPM,SELL,1300.0,303.587,novak.p,XNAS
T700889,2024-12-24 15:40:00,NVDA,SELL,1900.0,1094.4518,okafor.a,XNAS
T701090,2024-12-04 15:50:00,JPM,SELL,3200.0,307.1304,haddad.y,XNAS
T700773,2024-12-02 14:54:00,NVDA,BUY,500.0,1103.2931,kim.r,XNAS
T701375,2024-12-02 13:48:00,GS,BUY,3000.0,508.2364,novak.p,XNYS
T701067,2024-11-29 15:10:00,JPM,BUY,3900.0,303.346,silva.m,DARK
T702686,2024-12-19 09:53:00,TSLA,BUY,4400.0,214.4448,silva.m,XNYS
T700468,2024-11-29 15:00:00,MSFT,SELL,24.0,252.2919,okafor.a,XNAS
T702410,2024-12-30 10:21:00,PG,BUY,3800.0,160.5842,haddad.y,XNYS
T701942,2024-11-22 09:57:00,KO,BUY,300.0,61.9896,okafor.a,XNYS
T701293,2024-11-13 10:14:00,GS,BUY,200.0,473.2454,silva.m,XNYS
T700836,2024-12-13 12:08:00,NVDA,SELL,2500.0,1056.6072,silva.m,XNYS
T702401,2024-12-26 13:44:00,PG,SELL,3900.0,156.2782,novak.p,BATS
T701693,2024-12-04 15:42:00,XOM,BUY,2600.0,96.2736,novak.p,XNYS
T701134,2024-12-12 11:27:00,JPM,SELL,2700.0,311.556,novak.p,BATS
T701561,2024-11-06 15:23:00,XOM,BUY,3600.0,99.0614,haddad.y,XNAS
T700071,2024-11-13 12:20:00,AAPL,BUY,3100.0,355.1082,silva.m,XNYS
T702648,2024-12-11 15:58:00,TSLA,SELL,2800.0,215.5444,haddad.y,XNYS
T700891,2024-12-24 15:56:00,NVDA,SELL,4300.0,1096.5649,okafor.a,BATS
T701523,2024-10-30 10:28:00,XOM,BUY,1100.0,109.7982,kim.r,BATS
T700596,2024-12-26 15:37:00,MSFT,BUY,,264.8793,haddad.y,DARK
T702115,2024-12-31 12:18:00,KO,BUY,500.0,69.3031,novak.p,BATS
T701690,2024-12-04 13:00:00,XOM,BUY,2500.0,98.3473,kim.r,XNYS
T700674,2024-11-11 09:40:00,NVDA,BUY,28.0,1249.817,okafor.a,XNAS
T700857,2024-12-18 11:27:00,NVDA,BUY,1400.0,986.6554,okafor.a,XNAS
T701228,2024-10-30 15:20:00,GS,BUY,3400.0,478.9305,novak.p,XNYS
T700178,2024-12-06 09:33:00,AAPL,SELL,42.0,393.4623,novak.p,BATS
T701430,2024-12-12 14:44:00,GS,BUY,3300.0,446.1973,silva.m,XNAS
T703025,2024-12-27 15:19:00,BP.L,BUY,3300.0,4.3177,okafor.a,BATS
T701306,2024-11-15 11:42:00,GS,BUY,2100.0,476.0808,kim.r,XNYS
T702601,2024-12-03 12:40:00,TSLA,BUY,2600.0,198.6944,okafor.a,XNYS
T701892,2024-11-12 15:58:00,KO,BUY,28.0,61.5747,novak.p,XNYS
T700729,2024-11-21 11:35:00,NVDA,SELL,3000.0,1239.2457,haddad.y,XNAS
T702077,2024-12-20 09:50:00,KO,BUY,2000.0,65.4428,silva.m,XNYS
T702156,2024-11-06 09:35:00,PG,BUY,4200.0,144.4479,novak.p,DARK
T700087,2024-11-15 15:53:00,AAPL,BUY,3300.0,355.2568,kim.r,BATS
T700701,2024-11-14 15:53:00,NVDA,BUY,1600.0,1207.3822,silva.m,XNAS
T702212,2024-11-18 10:10:00,PG,BUY,15.0,144.6169,kim.r,BATS
T701761,2024-12-18 12:22:00,XOM,BUY,1800.0,94.6425,kim.r,XNYS
T700666,2024-11-07 12:09:00,NVDA,BUY,4400.0,1296.0449,haddad.y,XNAS
T702215,2024-11-18 10:24:00,PG,BUY,4200.0,144.1264,novak.p,DARK
T702160,2024-11-06 15:43:00,PG,BUY,4300.0,145.0042,silva.m,XNYS
T702921,2024-12-05 12:18:00,BP.L,BUY,3700.0,4.8423,novak.p,XNAS
T701625,2024-11-19 12:13:00,XOM,SELL,8.0,99.9199,kim.r,XNAS
T702735,2024-12-30 15:38:00,TSLA,SELL,,211.5028,novak.p,XNAS
T702143,2024-11-01 15:36:00,PG,BUY,1700.0,145.4335,novak.p,XNYS
T702102,2024-12-27 10:08:00,KO,BUY,2500.0,68.4515,haddad.y,XNAS
T700716,2024-11-19 14:38:00,NVDA,SELL,600.0,1249.1441,okafor.a,XNAS
T702370,2024-12-18 15:25:00,PG,SELL,44.0,151.4034,silva.m,BATS
T702536,2024-11-18 15:53:00,TSLA,BUY,100.0,207.5039,haddad.y,XNAS
T700662,2024-11-06 14:57:00,NVDA,BUY,2500.0,1318.4546,kim.r,XNAS
T701470,2024-12-20 14:49:00,GS,BUY,2200.0,492.5691,kim.r,XNAS
T702195,2024-11-13 13:21:00,PG,BUY,300.0,143.1577,haddad.y,XNYS
T702525,2024-11-15 11:29:00,TSLA,BUY,3500.0,206.4126,novak.p,XNAS
T701902,2024-11-14 12:14:00,KO,SELL,700.0,61.6958,silva.m,XNAS
T700580,2024-12-23 15:29:00,MSFT,SELL,3400.0,269.2218,okafor.a,XNAS
T702729,2024-12-27 15:58:00,TSLA,BUY,900.0,208.6097,haddad.y,BATS
T702131,2024-10-31 09:45:00,PG,SELL,43.0,146.1436,novak.p,XNYS
T702403,2024-12-26 14:58:00,PG,BUY,3300.0,157.1795,novak.p,BATS
T702613,2024-12-05 09:39:00,TSLA,BUY,4400.0,200.8339,silva.m,DARK
T701193,2024-12-26 11:24:00,JPM,SELL,1900.0,338.0104,novak.p,XNYS
T700226,2024-12-17 10:03:00,AAPL,BUY,2700.0,398.4044,silva.m,BATS
T701181,2024-12-23 15:52:00,JPM,SELL,2700.0,339.5169,haddad.y,XNYS
T700638,2024-11-01 12:44:00,NVDA,BUY,2100.0,1436.9049,novak.p,BATS
T700400,2024-11-18 12:39:00,MSFT,SELL,2300.0,243.6864,haddad.y,XNAS
T701631,2024-11-20 10:26:00,XOM,BUY,1100.0,98.3632,novak.p,XNAS
T702253,2024-11-25 15:14:00,PG,BUY,3500.0,147.8206,kim.r,XNYS
T702261,2024-11-26 14:04:00,PG,BUY,1000.0,148.6802,kim.r,XNYS
T700691,2024-11-13 12:13:00,NVDA,BUY,500.0,1198.5762,silva.m,BATS
T701353,2024-11-26 14:48:00,GS,BUY,1600.0,484.2081,haddad.y,XNAS
T700429,2024-11-22 11:13:00,MSFT,BUY,2600.0,257.007,kim.r,BATS
T702702,2024-12-23 09:41:00,TSLA,SELL,3100.0,223.7608,silva.m,XNYS
T702794,2024-11-07 12:37:00,BP.L,SELL,1800.0,4.469,silva.m,BATS
T701684,2024-12-03 12:56:00,XOM,SELL,8.0,99.3991,silva.m,DARK
T701922,2024-11-19 13:13:00,KO,SELL,3500.0,61.4073,novak.p,BATS
T702840,2024-11-18 11:31:00,BP.L,SELL,34.0,4.6842,haddad.y,DARK
T702650,2024-12-12 10:07:00,TSLA,BUY,200.0,216.2264,silva.m,XNYS
T702693,2024-12-20 09:56:00,TSLA,SELL,100.0,221.513,kim.r,BATS
T702748,2024-10-29 12:26:00,BP.L,SELL,2700.0,4.5347,novak.p,BATS
T700338,2024-11-05 10:58:00,MSFT,SELL,600.0,252.722,okafor.a,DARK
T700026,2024-11-01 15:36:00,AAPL,SELL,2500.0,352.8098,okafor.a,XNYS
T700740,2024-11-22 13:38:00,NVDA,BUY,3600.0,1256.3827,silva.m,XNYS
T702193,2024-11-13 10:41:00,PG,BUY,1300.0,141.6832,novak.p,BATS
T700024,2024-11-01 13:44:00,AAPL,SELL,1900.0,353.8349,silva.m,BATS
T701550,2024-11-04 14:01:00,XOM,BUY,900.0,101.4046,novak.p,BATS
T701820,2024-10-29 09:49:00,KO,BUY,1900.0,65.2333,okafor.a,XNYS
T701695,2024-12-05 10:28:00,XOM,SELL,800.0,95.9264,okafor.a,XNYS
T700000,2024-10-29 09:36:00,AAPL,SELL,3800.0,369.1916,kim.r,BATS
T702161,2024-11-07 09:58:00,PG,BUY,900.0,144.6134,haddad.y,XNAS
T702546,2024-11-20 10:36:00,TSLA,BUY,200.0,215.0026,silva.m,XNYS
T702017,2024-12-09 14:18:00,KO,SELL,1400.0,63.8314,haddad.y,XNYS
T700748,2024-11-25 12:40:00,NVDA,BUY,1000.0,1225.6035,novak.p,XNYS
T700060,2024-11-11 09:56:00,AAPL,BUY,2000.0,353.403,haddad.y,XNYS
T700705,2024-11-15 09:49:00,NVDA,SELL,34.0,1204.3386,haddad.y,XNYS
T701116,2024-12-10 11:55:00,JPM,BUY,2800.0,305.0693,haddad.y,XNAS
T701771,2024-12-19 15:09:00,XOM,BUY,1900.0,94.7937,kim.r,BATS
T701842,2024-11-04 09:44:00,KO,BUY,2300.0,62.9731,haddad.y,XNAS
T700474,2024-12-02 10:12:00,MSFT,BUY,17.0,254.7291,novak.p,XNYS
T701082,2024-12-03 14:10:00,JPM,SELL,1200.0,304.3186,novak.p,XNAS
T701432,2024-12-13 09:47:00,GS,SELL,24.0,449.8186,okafor.a,XNAS
T703019,2024-12-27 09:59:00,BP.L,SELL,26.0,4.3383,okafor.a,BATS
T700433,2024-11-22 14:33:00,MSFT,SELL,800.0,253.8246,silva.m,XNAS
T701318,2024-11-19 14:31:00,GS,SELL,4300.0,464.3187,silva.m,XNAS
T701643,2024-11-21 14:45:00,XOM,BUY,42.0,101.9326,haddad.y,BATS
T700734,2024-11-21 15:52:00,NVDA,SELL,2300.0,1247.1403,okafor.a,XNYS
T701325,2024-11-20 11:53:00,GS,BUY,3100.0,461.4659,okafor.a,DARK
T702336,2024-12-11 15:17:00,PG,SELL,2800.0,152.4827,kim.r,XNYS
T702506,2024-11-12 14:45:00,TSLA,BUY,600.0,211.1374,novak.p,XNYS
T700423,2024-11-21 10:25:00,MSFT,BUY,1000.0,259.8526,kim.r,XNYS
T700241,2024-12-18 15:53:00,AAPL,BUY,900.0,402.7712,silva.m,XNAS
T700592,2024-12-26 12:45:00,MSFT,SELL,2100.0,265.516,haddad.y,BATS
T701323,2024-11-20 10:14:00,GS,SELL,1300.0,462.0931,haddad.y,DARK
T702557,2024-11-21 14:02:00,TSLA,BUY,300.0,193.7949,novak.p,BATS
T700131,2024-11-26 11:34:00,AAPL,SELL,3800.0,364.54,novak.p,XNAS
T702136,2024-10-31 14:42:00,PG,SELL,2000.0,146.7896,novak.p,XNAS
T701515,2024-10-29 09:35:00,XOM,SELL,3000.0,111.421,okafor.a,XNYS
T702943,2024-12-10 14:15:00,BP.L,BUY,700.0,4.7824,silva.m,XNAS
T700194,2024-12-09 15:17:00,AAPL,BUY,3000.0,396.0172,kim.r,BATS
T701070,2024-12-02 10:32:00,JPM,SELL,300.0,301.3169,haddad.y,XNYS
T701077,2024-12-03 11:12:00,JPM,SELL,3300.0,304.7559,novak.p,XNAS
T700848,2024-12-16 15:55:00,NVDA,SELL,3800.0,982.7095,okafor.a,XNAS
T701298,2024-11-14 13:52:00,GS,BUY,2700.0,477.5226,novak.p,BATS
T702054,2024-12-16 15:21:00,KO,SELL,400.0,64.1432,haddad.y,BATS
T700170,2024-12-05 09:35:00,AAPL,SELL,600.0,389.703,silva.m,XNAS
T701753,2024-12-17 12:19:00,XOM,BUY,900.0,96.0919,novak.p,XNYS
T701650,2024-11-22 15:39:00,XOM,SELL,2100.0,101.7275,okafor.a,XNYS
T702936,2024-12-09 11:48:00,BP.L,SELL,4000.0,4.7197,novak.p,XNAS
T700854,2024-12-17 13:00:00,NVDA,BUY,19.0,982.6357,okafor.a,BATS
T701905,2024-11-15 09:32:00,KO,BUY,200.0,62.0136,novak.p,XNYS
T700568,2024-12-20 09:41:00,MSFT,BUY,1500.0,259.4704,okafor.a,XNAS
T700219,2024-12-16 09:42:00,AAPL,BUY,2900.0,399.4706,novak.p,XNAS
T702993,2024-12-19 14:42:00,BP.L,BUY,2600.0,4.4785,kim.r,XNYS
T703031,2024-12-30 15:06:00,BP.L,BUY,100.0,4.256,kim.r,XNAS
T702325,2024-12-10 09:53:00,PG,SELL,100.0,151.364,kim.r,XNYS
T701179,2024-12-23 14:59:00,JPM,BUY,4200.0,339.4606,kim.r,XNYS
T702225,2024-11-19 14:13:00,PG,SELL,40.0,145.687,silva.m,DARK
T702752,2024-10-30 09:53:00,BP.L,SELL,2400.0,,haddad.y,BATS
T701153,2024-12-18 09:36:00,JPM,BUY,3600.0,318.4301,okafor.a,BATS
T700939,2024-10-31 15:04:00,JPM,BUY,1800.0,294.6695,novak.p,DARK
T702872,2024-11-22 15:46:00,BP.L,SELL,2000.0,4.9223,silva.m,BATS
T700267,2024-12-24 13:36:00,AAPL,SELL,3700.0,396.9859,okafor.a,XNYS
T701763,2024-12-18 14:27:00,XOM,BUY,29.0,95.3613,kim.r,XNYS
T702847,2024-11-19 14:33:00,BP.L,SELL,1200.0,4.7331,okafor.a,XNAS
T703002,2024-12-23 15:13:00,BP.L,SELL,37.0,4.3308,kim.r,DARK
T702376,2024-12-19 14:54:00,PG,SELL,13.0,151.5099,haddad.y,DARK
T701598,2024-11-13 13:51:00,XOM,BUY,3500.0,96.0938,kim.r,XNAS
T702696,2024-12-20 11:24:00,TSLA,SELL,3900.0,,kim.r,XNAS
T700561,2024-12-19 09:56:00,MSFT,SELL,3800.0,262.2819,haddad.y,BATS
T700253,2024-12-20 14:26:00,AAPL,BUY,29.0,395.4881,okafor.a,BATS
T701587,2024-11-12 11:33:00,XOM,BUY,32.0,94.3942,novak.p,XNYS
T702050,2024-12-16 10:32:00,KO,BUY,2900.0,64.3844,haddad.y,BATS
T701165,2024-12-19 15:36:00,JPM,SELL,32.0,327.6897,okafor.a,XNYS
T702968,2024-12-16 11:02:00,BP.L,SELL,4400.0,4.6682,haddad.y,BATS
T700295,2024-12-31 14:46:00,AAPL,SELL,8.0,404.1096,kim.r,XNYS
T701180,2024-12-23 15:04:00,JPM,BUY,2800.0,339.3989,kim.r,DARK
T700053,2024-11-07 15:57:00,AAPL,SELL,1000.0,360.6327,silva.m,DARK
T701799,2024-12-27 09:48:00,XOM,SELL,100.0,93.6127,novak.p,XNAS
T700328,2024-11-04 10:19:00,MSFT,BUY,3400.0,256.7657,novak.p,XNAS
T702596,2024-12-02 15:28:00,TSLA,SELL,1600.0,197.3682,silva.m,DARK
T700757,2024-11-27 09:32:00,NVDA,BUY,1900.0,1136.3586,novak.p,XNYS
T700270,2024-12-24 15:14:00,AAPL,SELL,1500.0,401.1098,okafor.a,DARK
T700301,2024-10-29 15:33:00,MSFT,BUY,44.0,271.7192,silva.m,XNAS
T700365,2024-11-11 10:15:00,MSFT,BUY,2400.0,245.3445,okafor.a,XNAS
T701991,2024-12-04 09:56:00,KO,SELL,700.0,62.9265,novak.p,DARK
T701869,2024-11-07 14:43:00,KO,BUY,33.0,62.4346,kim.r,XNAS
T702084,2024-12-23 09:50:00,KO,SELL,3000.0,64.9958,kim.r,BATS
T702051,2024-12-16 12:02:00,KO,SELL,3900.0,63.9354,okafor.a,XNYS
T700737,2024-11-22 10:49:00,NVDA,SELL,100.0,1259.2232,haddad.y,XNYS
T701530,2024-10-31 09:31:00,XOM,SELL,1500.0,,kim.r,BATS
T701512,2024-12-31 14:48:00,GS,BUY,4400.0,552.2976,silva.m,BATS
T700191,2024-12-09 13:57:00,AAPL,SELL,3900.0,396.3275,silva.m,XNYS
T700704,2024-11-15 09:48:00,NVDA,BUY,3000.0,1203.9584,novak.p,XNYS
T700981,2024-11-11 11:40:00,JPM,SELL,2600.0,284.1234,kim.r,DARK
T700374,2024-11-12 13:19:00,MSFT,BUY,1300.0,243.6855,okafor.a,XNAS
T700962,2024-11-06 10:11:00,JPM,BUY,1400.0,298.2264,haddad.y,DARK
T701262,2024-11-06 10:38:00,GS,BUY,2300.0,454.5895,okafor.a,XNYS
T701146,2024-12-16 15:30:00,JPM,SELL,1300.0,312.6473,kim.r,BATS
T700291,2024-12-31 09:33:00,AAPL,SELL,4000.0,389.6002,novak.p,DARK
T701379,2024-12-03 10:09:00,GS,BUY,41.0,514.2925,silva.m,XNYS
T701225,2024-10-30 12:50:00,GS,BUY,10.0,485.4429,kim.r,DARK
T700632,2024-10-31 10:22:00,NVDA,BUY,3300.0,1419.6996,okafor.a,BATS
T701721,2024-12-10 15:37:00,XOM,BUY,1200.0,93.7524,silva.m,BATS
T702566,2024-11-25 09:58:00,TSLA,BUY,1300.0,195.865,silva.m,XNYS
T702382,2024-12-20 10:09:00,PG,SELL,400.0,151.1896,silva.m,XNYS
T701447,2024-12-17 12:09:00,GS,SELL,4400.0,482.6384,silva.m,XNAS
T702171,2024-11-08 14:08:00,PG,SELL,1000.0,145.9009,novak.p,XNAS
T700619,2024-10-29 14:19:00,NVDA,BUY,4200.0,1408.0522,novak.p,BATS
T702843,2024-11-18 15:05:00,BP.L,BUY,2000.0,4.7096,novak.p,XNYS
T701649,2024-11-22 15:05:00,XOM,SELL,1300.0,101.7632,novak.p,XNYS
T701864,2024-11-07 10:31:00,KO,BUY,1600.0,62.7761,silva.m,BATS
T702260,2024-11-26 13:11:00,PG,BUY,2100.0,147.6031,silva.m,XNAS
T700179,2024-12-06 09:51:00,AAPL,BUY,300.0,394.3446,okafor.a,DARK
T703023,2024-12-27 14:59:00,BP.L,SELL,3600.0,4.3476,okafor.a,XNYS
T701267,2024-11-07 12:15:00,GS,SELL,2900.0,471.297,kim.r,XNYS
T702894,2024-11-29 11:22:00,BP.L,BUY,900.0,4.7923,silva.m,XNAS
T700488,2024-12-04 15:24:00,MSFT,SELL,600.0,262.0875,silva.m,XNYS
T701778,2024-12-20 15:26:00,XOM,SELL,37.0,92.9286,haddad.y,XNAS
T700603,2024-12-27 15:34:00,MSFT,SELL,2800.0,267.956,haddad.y,BATS
T700051,2024-11-07 13:19:00,AAPL,BUY,3800.0,360.7577,haddad.y,XNYS
T702237,2024-11-21 12:43:00,PG,SELL,900.0,146.3706,okafor.a,
T702565,2024-11-22 15:48:00,TSLA,SELL,700.0,194.1673,kim.r,BATS
T700670,2024-11-08 09:59:00,NVDA,SELL,1300.0,1296.0766,silva.m,XNAS
T701313,2024-11-18 09:44:00,GS,BUY,6.0,469.0742,silva.m,XNAS
T700063,2024-11-11 15:03:00,AAPL,SELL,3900.0,356.2774,novak.p,BATS
T700964,2024-11-06 14:34:00,JPM,SELL,1600.0,295.4155,silva.m,BATS
T701244,2024-11-01 14:36:00,GS,BUY,1400.0,480.3244,okafor.a,XNAS
T700750,2024-11-26 09:32:00,NVDA,BUY,,1202.7063,haddad.y,XNYS
T702574,2024-11-26 10:15:00,TSLA,SELL,1500.0,191.1725,haddad.y,XNAS
T700210,2024-12-12 10:35:00,AAPL,SELL,1400.0,406.1272,kim.r,BATS
T701257,2024-11-05 15:05:00,GS,BUY,31.0,457.0358,silva.m,XNYS
T700847,2024-12-16 15:39:00,NVDA,BUY,1500.0,,kim.r,XNAS
T702456,2024-11-01 15:15:00,TSLA,SELL,40.0,236.9414,novak.p,XNAS
T702754,2024-10-30 11:24:00,BP.L,BUY,3.0,4.4598,haddad.y,XNAS
T702706,2024-12-23 14:15:00,TSLA,SELL,1200.0,221.5509,okafor.a,BATS
T701876,2024-11-08 14:35:00,KO,BUY,2600.0,62.1045,okafor.a,BATS
T701366,2024-11-29 13:00:00,GS,SELL,3800.0,494.4443,silva.m,XNYS
T701104,2024-12-06 14:07:00,JPM,BUY,2600.0,303.8326,silva.m,BATS
T700339,2024-11-05 11:04:00,MSFT,BUY,1400.0,253.3052,okafor.a,XNAS
T702418,2024-12-31 11:19:00,PG,BUY,4300.0,162.0592,kim.r,XNYS
T702209,2024-11-15 11:57:00,PG,BUY,3000.0,145.451,okafor.a,XNAS
T700684,2024-11-12 10:27:00,NVDA,SELL,300.0,1197.8161,silva.m,BATS
T701838,2024-11-01 11:09:00,KO,SELL,3400.0,63.8662,kim.r,XNYS
T702831,2024-11-15 10:16:00,BP.L,SELL,300.0,4.4835,okafor.a,XNYS
T702041,2024-12-13 10:50:00,KO,BUY,2500.0,64.6372,haddad.y,XNYS
T701144,2024-12-16 13:46:00,JPM,SELL,3800.0,314.7461,haddad.y,XNYS
T702277,2024-12-02 10:25:00,PG,SELL,3700.0,150.8301,novak.p,XNYS
T700992,2024-11-12 15:56:00,JPM,SELL,1500.0,291.5292,novak.p,BATS
T701068,2024-11-29 15:37:00,JPM,BUY,700.0,302.5511,kim.r,XNAS
T702441,2024-10-31 10:46:00,TSLA,BUY,4000.0,238.7362,silva.m,XNAS
T701946,2024-11-22 15:16:00,KO,SELL,4000.0,61.8825,kim.r,XNAS
T700833,2024-12-12 12:10:00,NVDA,SELL,4100.0,1101.0293,silva.m,BATS
T702493,2024-11-08 14:41:00,TSLA,SELL,1200.0,214.3985,silva.m,DARK
T700612,2024-12-31 09:33:00,MSFT,SELL,3000.0,262.0911,okafor.a,BATS
T702790,2024-11-07 11:06:00,BP.L,SELL,3400.0,4.4343,haddad.y,XNYS
T700354,2024-11-07 10:00:00,MSFT,SELL,4100.0,246.3771,kim.r,XNYS
T702848,2024-11-19 15:44:00,BP.L,BUY,1100.0,4.7626,silva.m,XNYS
T701686,2024-12-03 14:53:00,XOM,BUY,3600.0,99.4885,silva.m,XNYS
T700762,2024-11-27 13:06:00,NVDA,SELL,3500.0,1127.3009,kim.r,XNYS
T702549,2024-11-20 14:59:00,TSLA,BUY,3500.0,204.2963,kim.r,XNYS
T702090,2024-12-23 15:45:00,KO,SELL,400.0,65.9303,okafor.a,XNAS
T702190,2024-11-13 09:32:00,PG,BUY,4000.0,142.771,haddad.y,BATS
T702675,2024-12-17 11:06:00,TSLA,SELL,3600.0,210.0006,okafor.a,XNAS
T702307,2024-12-06 10:16:00,PG,BUY,2400.0,153.0636,haddad.y,XNAS
T700058,2024-11-08 14:36:00,AAPL,BUY,2300.0,355.779,kim.r,XNAS
T702188,2024-11-12 15:24:00,PG,BUY,3700.0,143.0616,okafor.a,DARK
T702100,2024-12-26 15:05:00,KO,SELL,400.0,67.7158,silva.m,XNAS
T701990,2024-12-04 09:41:00,KO,SELL,4300.0,62.8171,haddad.y,XNYS
T701078,2024-12-03 12:25:00,JPM,BUY,42.0,304.8712,haddad.y,XNAS
T700214,2024-12-13 11:48:00,AAPL,BUY,41.0,407.0213,okafor.a,DARK
T702362,2024-12-17 15:58:00,PG,BUY,4200.0,152.2238,okafor.a,XNAS
T701705,2024-12-06 10:36:00,XOM,SELL,400.0,95.1612,novak.p,XNAS
T701210,2024-12-31 09:35:00,JPM,BUY,1000.0,332.1008,novak.p,BATS
T702595,2024-12-02 14:53:00,TSLA,SELL,200.0,196.2687,okafor.a,XNAS
T700637,2024-11-01 09:55:00,NVDA,BUY,1700.0,1437.2967,haddad.y,BATS
T702276,2024-11-29 15:57:00,PG,SELL,2100.0,150.6461,silva.m,
T700832,2024-12-12 11:20:00,NVDA,SELL,500.0,1107.0116,kim.r,BATS
T700453,2024-11-26 15:27:00,MSFT,BUY,300.0,251.4847,kim.r,XNAS
T701784,2024-12-23 15:37:00,XOM,BUY,2400.0,94.3186,kim.r,DARK
T702815,2024-11-12 13:13:00,BP.L,SELL,1800.0,4.4607,kim.r,BATS
T701591,2024-11-12 15:41:00,XOM,SELL,2500.0,95.3074,novak.p,XNYS
T700213,2024-12-13 09:51:00,AAPL,BUY,2700.0,408.1554,okafor.a,XNYS
T702056,2024-12-17 10:55:00,KO,SELL,1000.0,64.685,okafor.a,XNYS
T702746,2024-10-29 09:51:00,BP.L,BUY,4000.0,4.5026,okafor.a,DARK
T700993,2024-11-13 10:14:00,JPM,SELL,3700.0,290.4073,kim.r,XNYS
T700341,2024-11-05 11:49:00,MSFT,BUY,1800.0,253.5721,okafor.a,BATS
T700147,2024-11-29 14:33:00,AAPL,SELL,2200.0,378.0421,kim.r,XNAS
T702877,2024-11-25 15:27:00,BP.L,SELL,2100.0,4.8452,okafor.a,XNAS
T702500,2024-11-11 15:03:00,TSLA,BUY,1500.0,212.6686,silva.m,BATS
T702075,2024-12-19 15:34:00,KO,SELL,38.0,65.2241,novak.p,XNAS
T701216,2024-12-31 15:49:00,JPM,BUY,2.0,326.269,novak.p,XNAS
T700217,2024-12-13 15:58:00,AAPL,BUY,11.0,400.5669,silva.m,XNAS
T701496,2024-12-27 15:53:00,GS,SELL,2400.0,542.436,okafor.a,XNYS
T700452,2024-11-26 14:34:00,MSFT,BUY,4100.0,251.5195,novak.p,XNYS
T701759,2024-12-18 09:41:00,XOM,BUY,1050.0,94.9256,silva.m,DARK
T701520,2024-10-29 14:36:00,XOM,BUY,3400.0,110.6761,kim.r,XNAS
T701263,2024-11-06 14:21:00,GS,SELL,3300.0,464.9905,novak.p,XNAS
T700690,2024-11-13 10:24:00,NVDA,BUY,,1198.7557,haddad.y,XNAS
T700897,2024-12-26 15:01:00,NVDA,BUY,17.0,1090.9358,silva.m,BATS
T701141,2024-12-16 09:58:00,JPM,SELL,1900.0,313.5369,silva.m,XNYS
T701483,2024-12-24 13:16:00,GS,SELL,3800.0,513.5953,silva.m,XNAS
T701776,2024-12-20 13:08:00,XOM,BUY,2300.0,92.9636,novak.p,BATS
T702532,2024-11-18 12:51:00,TSLA,BUY,44.0,209.173,silva.m,XNYS
T701428,2024-12-12 13:17:00,GS,SELL,3800.0,447.5827,silva.m,DARK
T702061,2024-12-17 15:38:00,KO,BUY,4200.0,65.6248,haddad.y,DARK
T702795,2024-11-07 15:34:00,BP.L,BUY,2600.0,4.5005,novak.p,XNAS
T702139,2024-11-01 10:22:00,PG,SELL,1600.0,146.9164,novak.p,BATS
T702359,2024-12-17 11:42:00,PG,BUY,2300.0,153.0359,kim.r,XNYS
T701385,2024-12-03 15:24:00,GS,SELL,3800.0,526.504,haddad.y,XNYS
T702468,2024-11-05 10:24:00,TSLA,SELL,1300.0,235.0599,okafor.a,BATS
T703007,2024-12-24 10:58:00,BP.L,BUY,3800.0,4.3606,haddad.y,XNYS
T700075,2024-11-14 09:43:00,AAPL,SELL,3.0,354.8343,haddad.y,BATS
T700974,2024-11-08 14:29:00,JPM,BUY,800.0,287.5669,okafor.a,BATS
T702335,2024-12-11 14:54:00,PG,SELL,3000.0,152.6345,kim.r,XNYS
T702744,2024-12-31 15:52:00,TSLA,BUY,3900.0,206.0319,silva.m,XNYS
T702544,2024-11-20 09:52:00,TSLA,SELL,4400.0,215.8118,novak.p,XNYS
T701305,2024-11-15 11:02:00,GS,SELL,3100.0,474.9543,novak.p,XNAS
T700150,2024-12-02 11:15:00,AAPL,SELL,12.0,378.9648,okafor.a,XNYS
T702417,2024-12-31 09:58:00,PG,BUY,1000.0,161.1024,okafor.a,XNAS
T702955,2024-12-12 10:42:00,BP.L,BUY,21.0,4.7771,kim.r,BATS
T701336,2024-11-22 11:44:00,GS,BUY,100.0,472.448,novak.p,XNAS
T702411,2024-12-30 12:56:00,PG,BUY,1100.0,160.32,novak.p,XNYS
T700484,2024-12-03 15:03:00,MSFT,SELL,4300.0,255.2102,kim.r,XNAS
T701846,2024-11-04 15:10:00,KO,BUY,1500.0,63.942,okafor.a,XNAS
T701401,2024-12-06 09:53:00,GS,SELL,14.0,513.2228,kim.r,XNYS
T700739,2024-11-22 13:01:00,NVDA,BUY,1300.0,1257.4522,haddad.y,BATS
T700920,2024-12-31 15:14:00,NVDA,BUY,300.0,,okafor.a,XNYS
T700649,2024-11-04 15:34:00,NVDA,BUY,1700.0,1408.3109,novak.p,BATS
T702387,2024-12-23 10:23:00,PG,BUY,1100.0,151.4768,kim.r,XNYS
T702555,2024-11-21 10:54:00,TSLA,SELL,800.0,196.6482,haddad.y,DARK
T701135,2024-12-13 10:08:00,JPM,SELL,1900.0,311.5773,silva.m,BATS
T700569,2024-12-20 09:42:00,MSFT,BUY,3100.0,259.7577,silva.m,XNAS
T700751,2024-11-26 09:44:00,NVDA,BUY,29.0,1200.5806,silva.m,BATS
T702940,2024-12-09 15:51:00,BP.L,BUY,1900.0,4.7159,silva.m,BATS
T700517,2024-12-10 14:09:00,MSFT,SELL,3800.0,252.2453,okafor.a,BATS
T701188,2024-12-24 13:37:00,JPM,SELL,3100.0,338.7047,okafor.a,XNYS
T700429,2024-11-22 11:13:00,MSFT,BUY,2600.0,257.007,kim.r,BATS
T701351,2024-11-26 12:10:00,GS,SELL,300.0,480.1473,novak.p,XNAS
T702641,2024-12-11 09:54:00,TSLA,SELL,100.0,213.8232,silva.m,XNAS
T702154,2024-11-05 15:44:00,PG,SELL,1100.0,144.4567,kim.r,XNAS
T700192,2024-12-09 13:58:00,AAPL,BUY,1700.0,396.5341,haddad.y,BATS
T701058,2024-11-27 13:53:00,JPM,BUY,800.0,308.0129,kim.r,XNAS
T700977,2024-11-08 15:55:00,JPM,SELL,14.0,,novak.p,XNAS
T702321,2024-12-09 14:51:00,PG,SELL,16.0,150.7134,okafor.a,XNYS
T702763,2024-10-31 13:58:00,BP.L,BUY,2300.0,4.5156,haddad.y,XNYS
T700072,2024-11-13 12:25:00,AAPL,BUY,400.0,355.0533,kim.r,DARK
T701524,2024-10-30 10:34:00,XOM,SELL,4000.0,109.4852,haddad.y,XNAS
T702767,2024-11-01 15:05:00,BP.L,SELL,2100.0,4.5997,kim.r,BATS
T700089,2024-11-18 09:59:00,AAPL,SELL,2800.0,355.8366,kim.r,XNAS
T701218,2024-10-29 12:42:00,GS,SELL,3700.0,473.3065,okafor.a,XNAS
T700017,2024-10-31 11:55:00,AAPL,SELL,1000.0,356.8795,novak.p,BATS
T700769,2024-11-29 14:23:00,NVDA,BUY,500.0,1144.0562,haddad.y,XNYS
T700664,2024-11-07 11:55:00,NVDA,SELL,2200.0,1298.3487,novak.p,XNAS
T701699,2024-12-05 14:16:00,XOM,BUY,200.0,95.1652,kim.r,DARK
T701286,2024-11-12 11:20:00,GS,SELL,200.0,478.0329,kim.r,DARK
T700115,2024-11-21 15:13:00,AAPL,BUY,32.0,371.6414,okafor.a,XNAS
T702094,2024-12-24 14:37:00,KO,BUY,4200.0,67.4076,silva.m,XNYS
T702067,2024-12-18 15:52:00,KO,SELL,3400.0,65.5684,kim.r,XNYS
T702167,2024-11-07 15:24:00,PG,BUY,3700.0,143.4013,haddad.y,DARK
T701209,2024-12-30 15:03:00,JPM,SELL,1300.0,333.9322,kim.r,XNYS
T702116,2024-12-31 13:48:00,KO,BUY,29.0,69.3495,haddad.y,XNYS
T700262,2024-12-23 15:51:00,AAPL,BUY,600.0,397.5513,kim.r,XNAS
T700524,2024-12-12 09:31:00,MSFT,SELL,400.0,244.2685,okafor.a,DARK
T701564,2024-11-06 15:48:00,XOM,BUY,1200.0,99.0495,okafor.a,XNAS
T702106,2024-12-27 14:27:00,KO,BUY,2900.0,68.6587,silva.m,DARK
T702765,2024-10-31 15:33:00,BP.L,SELL,2600.0,4.6005,haddad.y,XNAS
T703034,2024-12-31 09:35:00,BP.L,BUY,2000.0,4.2781,haddad.y,BATS
T700298,2024-10-29 10:07:00,MSFT,BUY,4300.0,267.4961,novak.p,BATS
T702502,2024-11-12 09:44:00,TSLA,SELL,23.0,209.046,haddad.y,XNAS
T701614,2024-11-18 10:41:00,XOM,SELL,3000.0,97.8195,haddad.y,XNAS
T702419,2024-12-31 11:50:00,PG,SELL,200.0,161.8925,kim.r,XNYS
T701327,2024-11-20 14:05:00,GS,BUY,1900.0,463.1375,haddad.y,BATS
T700512,2024-12-09 15:25:00,MSFT,BUY,700.0,259.5267,okafor.a,BATS
T700037,2024-11-05 13:33:00,AAPL,BUY,300.0,355.6537,okafor.a,XNAS
T702464,2024-11-04 15:32:00,TSLA,SELL,2200.0,233.3618,haddad.y,XNYS
T701704,2024-12-06 10:23:00,XOM,SELL,3500.0,95.2025,okafor.a,BATS
T702194,2024-11-13 13:19:00,PG,BUY,3000.0,143.173,novak.p,XNAS
T700398,2024-11-18 11:11:00,MSFT,BUY,3600.0,241.5742,kim.r,XNYS
T701795,2024-12-26 13:41:00,XOM,SELL,200.0,93.8026,novak.p,XNYS
T701959,2024-11-26 14:40:00,KO,SELL,1000.0,62.0551,okafor.a,XNYS
T701423,2024-12-11 10:55:00,GS,BUY,3700.0,448.0556,novak.p,XNYS
T701489,2024-12-26 10:01:00,GS,SELL,2000.0,520.3076,kim.r,BATS
T702281,2024-12-02 12:13:00,PG,SELL,500.0,149.7899,haddad.y,DARK
T701022,2024-11-19 13:06:00,JPM,BUY,3200.0,301.4498,kim.r,DARK
T701981,2024-12-03 10:12:00,KO,BUY,1700.0,61.6897,okafor.a,DARK
T700395,2024-11-15 15:29:00,MSFT,BUY,500.0,237.9773,silva.m,XNAS
T700094,2024-11-18 15:30:00,AAPL,BUY,400.0,363.5072,novak.p,BATS
T702129,2024-10-30 15:36:00,PG,BUY,25.0,145.8141,kim.r,BATS
T702189,2024-11-12 15:44:00,PG,BUY,300.0,142.9829,okafor.a,XNAS
T701261,2024-11-06 10:07:00,GS,SELL,1200.0,453.5442,silva.m,XNAS
T700838,2024-12-13 12:52:00,NVDA,BUY,400.0,1050.3654,kim.r,BATS
T700979,2024-11-11 09:47:00,JPM,BUY,3500.0,287.6123,okafor.a,BATS
T702392,2024-12-24 09:43:00,PG,BUY,10.0,151.6216,okafor.a,XNAS
T702929,2024-12-06 14:13:00,BP.L,SELL,4400.0,4.7024,haddad.y,BATS
T702701,2024-12-20 15:41:00,TSLA,SELL,1900.0,224.9107,novak.p,DARK
T701054,2024-11-27 11:31:00,JPM,BUY,3600.0,307.6989,haddad.y,BATS
T702467,2024-11-05 09:47:00,TSLA,BUY,4100.0,236.108,haddad.y,DARK
T700196,2024-12-10 09:30:00,AAPL,SELL,3300.0,394.7896,silva.m,XNYS
T700407,2024-11-19 09:54:00,MSFT,BUY,1900.0,248.7001,haddad.y,DARK
T700661,2024-11-06 12:17:00,NVDA,BUY,600.0,1343.477,kim.r,XNAS
T700578,2024-12-23 13:32:00,MSFT,BUY,10.0,268.2631,silva.m,BATS
T702290,2024-12-03 14:37:00,PG,BUY,39.0,150.7715,kim.r,XNYS
T702108,2024-12-30 10:13:00,KO,BUY,3800.0,67.9229,kim.r,XNYS
T702352,2024-12-16 11:55:00,PG,BUY,1700.0,152.5492,novak.p,XNYS
T700317,2024-10-31 15:39:00,MSFT,SELL,2000.0,266.2963,novak.p,XNYS
T702310,2024-12-06 11:08:00,PG,BUY,3500.0,152.4859,okafor.a,XNAS
T701376,2024-12-02 15:01:00,GS,SELL,1500.0,508.5425,okafor.a,XNYS
T702819,2024-11-13 09:48:00,BP.L,BUY,2400.0,4.4389,silva.m,BATS
T702732,2024-12-30 11:10:00,TSLA,SELL,2900.0,209.4879,silva.m,XNAS
T700864,2024-12-19 09:35:00,NVDA,SELL,4200.0,976.2486,haddad.y,XNAS
T701347,2024-11-26 09:52:00,GS,BUY,200.0,472.5069,silva.m,XNYS
T701085,2024-12-03 15:54:00,JPM,SELL,4300.0,302.1064,okafor.a,BATS
T700544,2024-12-16 15:18:00,MSFT,BUY,600.0,258.7542,novak.p,BATS
T701609,2024-11-15 15:30:00,XOM,SELL,2900.0,97.7869,novak.p,XNYS
T700868,2024-12-19 14:11:00,NVDA,BUY,2300.0,973.2099,novak.p,DARK
T702633,2024-12-10 09:49:00,TSLA,SELL,500.0,213.3552,novak.p,DARK
T700546,2024-12-17 10:06:00,MSFT,SELL,1800.0,256.7161,kim.r,DARK
T701256,2024-11-05 13:46:00,GS,BUY,1200.0,459.7862,haddad.y,XNAS
T701785,2024-12-23 15:55:00,XOM,BUY,2700.0,93.9154,silva.m,BATS
T702865,2024-11-22 09:55:00,BP.L,SELL,39.0,4.9105,silva.m,XNAS
T701454,2024-12-18 10:30:00,GS,BUY,500.0,,okafor.a,XNYS
T702271,2024-11-29 11:39:00,PG,BUY,23.0,148.7506,kim.r,XNYS
T702745,2024-10-29 09:49:00,BP.L,SELL,1400.0,4.4897,novak.p,DARK
T700635,2024-10-31 15:17:00,NVDA,BUY,30.0,1433.1393,silva.m,XNYS
T701987,2024-12-03 14:06:00,KO,BUY,2000.0,62.47,kim.r,XNYS
T700590,2024-12-26 10:28:00,MSFT,BUY,200.0,265.8211,okafor.a,XNYS
T701036,2024-11-21 13:24:00,JPM,SELL,2800.0,303.4842,okafor.a,XNYS
T702405,2024-12-27 09:31:00,PG,SELL,3700.0,158.2931,kim.r,XNAS
T702202,2024-11-14 13:50:00,PG,SELL,3200.0,143.9224,kim.r,XNYS
T700108,2024-11-20 11:30:00,AAPL,SELL,1100.0,376.6034,kim.r,BATS
T700718,2024-11-19 15:15:00,NVDA,SELL,1500.0,1250.5118,kim.r,BATS
T702621,2024-12-05 12:51:00,TSLA,BUY,2200.0,199.6396,novak.p,XNYS
T701315,2024-11-18 14:10:00,GS,BUY,1500.0,472.0278,silva.m,XNAS
T702316,2024-12-09 10:21:00,PG,BUY,400.0,153.7662,novak.p,XNYS
T701544,2024-11-01 14:09:00,XOM,SELL,37.0,103.8006,haddad.y,XNYS
T702432,2024-10-29 13:15:00,TSLA,BUY,40.0,242.3466,haddad.y,XNAS
T702866,2024-11-22 09:56:00,BP.L,BUY,5.0,4.9183,okafor.a,XNAS
T702788,2024-11-06 14:04:00,BP.L,BUY,2500.0,4.3703,okafor.a,XNYS
T700712,2024-11-18 11:55:00,NVDA,BUY,2900.0,1212.3324,okafor.a,BATS
T700287,2024-12-30 13:22:00,AAPL,BUY,3300.0,390.6438,kim.r,XNYS
T701796,2024-12-26 14:38:00,XOM,SELL,41.0,93.6557,haddad.y,XNAS
T701395,2024-12-05 11:22:00,GS,SELL,19.0,,kim.r,XNYS
T701884,2024-11-11 11:33:00,KO,SELL,3400.0,62.53,novak.p,XNAS
T701772,2024-12-19 15:47:00,XOM,BUY,13.0,94.491,haddad.y,BATS
T702832,2024-11-15 11:07:00,BP.L,BUY,1700.0,4.5061,okafor.a,XNAS
T701279,2024-11-11 09:41:00,GS,BUY,1800.0,474.6635,haddad.y,XNYS
T701872,2024-11-08 10:13:00,KO,SELL,900.0,62.4184,novak.p,XNAS
T700744,2024-11-25 09:32:00,NVDA,BUY,100.0,1257.3138,kim.r,XNYS
T701703,2024-12-06 10:20:00,XOM,BUY,36.0,95.2688,kim.r,XNYS
T702719,2024-12-26 11:24:00,TSLA,SELL,1000.0,224.0147,haddad.y,XNAS
T700871,2024-12-19 15:54:00,NVDA,BUY,1600.0,969.8106,haddad.y,XNYS
T700200,2024-12-10 13:46:00,AAPL,SELL,2600.0,395.3565,kim.r,DARK
T702982,2024-12-18 10:46:00,BP.L,BUY,2300.0,4.5686,silva.m,XNAS
T702039,2024-12-12 15:58:00,KO,BUY,2100.0,64.5805,silva.m,BATS
T702236,2024-11-21 10:27:00,PG,BUY,2600.0,147.1384,haddad.y,XNAS
T702951,2024-12-11 10:16:00,BP.L,SELL,500.0,4.7921,okafor.a,BATS
T702559,2024-11-21 15:21:00,TSLA,BUY,1700.0,191.1034,okafor.a,BATS
T701459,2024-12-18 15:30:00,GS,SELL,900.0,489.4509,haddad.y,XNYS
T700525,2024-12-12 09:33:00,MSFT,SELL,200.0,244.113,novak.p,BATS
T701417,2024-12-10 15:04:00,GS,SELL,900.0,453.0205,silva.m,DARK
T701734,2024-12-12 12:22:00,XOM,SELL,200.0,93.1441,silva.m,DARK
T702178,2024-11-11 11:58:00,PG,SELL,900.0,144.3549,novak.p,XNYS
T700807,2024-12-06 13:10:00,NVDA,SELL,2300.0,1131.1427,novak.p,DARK
T700506,2024-12-09 13:07:00,MSFT,BUY,2700.0,265.0631,haddad.y,XNAS
T700479,2024-12-03 11:09:00,MSFT,SELL,2200.0,254.4125,kim.r,XNAS
T700687,2024-11-12 14:29:00,NVDA,BUY,22.0,1191.7008,kim.r,BATS
T701831,2024-10-31 09:45:00,KO,SELL,100.0,63.4997,silva.m,BATS
T701420,2024-12-11 10:16:00,GS,SELL,35.0,450.4892,silva.m,XNYS
T700396,2024-11-18 09:30:00,MSFT,BUY,1900.0,238.8233,okafor.a,DARK
T702247,2024-11-22 15:53:00,PG,SELL,1300.0,148.1881,novak.p,XNAS
T703004,2024-12-23 15:56:00,BP.L,BUY,24.0,4.354,novak.p,BATS
T701969,2024-11-29 09:39:00,KO,SELL,1800.0,62.2597,novak.p,XNAS
T702886,2024-11-27 10:15:00,BP.L,SELL,1200.0,4.9137,novak.p,BATS
T701416,2024-12-10 13:08:00,GS,SELL,44.0,454.8145,kim.r,XNAS
T702095,2024-12-24 14:39:00,KO,SELL,2300.0,67.4467,silva.m,XNAS
T700602,2024-12-27 15:23:00,MSFT,SELL,3000.0,268.4669,okafor.a,BATS
T700240,2024-12-18 15:48:00,AAPL,SELL,600.0,402.4612,kim.r,BATS
T700985,2024-11-12 09:37:00,JPM,BUY,2900.0,285.4043,silva.m,XNAS
T700448,2024-11-26 09:58:00,MSFT,SELL,1700.0,253.4885,silva.m,XNYS
T700840,2024-12-13 15:20:00,NVDA,BUY,32.0,1045.8663,kim.r,DARK
T702507,2024-11-12 15:57:00,TSLA,BUY,1300.0,212.3584,silva.m,DARK
T700013,2024-10-30 15:09:00,AAPL,BUY,500.0,355.4625,novak.p,
T703015,2024-12-26 15:00:00,BP.L,BUY,2600.0,4.287,novak.p,XNAS
T702163,2024-11-07 11:59:00,PG,BUY,3800.0,144.263,novak.p,XNAS
T702736,2024-12-30 15:44:00,TSLA,BUY,1300.0,211.2227,novak.p,BATS
T702631,2024-12-09 15:44:00,TSLA,BUY,41.0,213.3496,novak.p,XNAS
T701882,2024-11-11 10:01:00,KO,SELL,2000.0,62.5221,okafor.a,XNAS
T700376,2024-11-12 15:11:00,MSFT,BUY,1000.0,242.0791,okafor.a,BATS
T701729,2024-12-11 15:46:00,XOM,BUY,4400.0,92.9278,kim.r,XNYS
T700263,2024-12-24 11:42:00,AAPL,BUY,2200.0,393.6311,silva.m,XNYS
T700615,2024-12-31 14:34:00,MSFT,SELL,2600.0,263.6901,silva.m,XNAS
T700503,2024-12-06 15:18:00,MSFT,SELL,2500.0,270.9549,kim.r,XNAS
T700057,2024-11-08 12:58:00,AAPL,BUY,2900.0,358.8317,kim.r,XNYS
T701642,2024-11-21 13:53:00,XOM,SELL,800.0,101.6325,okafor.a,DARK
T702334,2024-12-11 13:49:00,PG,BUY,500.0,152.7007,novak.p,DARK
T700266,2024-12-24 13:13:00,AAPL,BUY,1700.0,396.7415,okafor.a,XNAS
T701611,2024-11-18 09:44:00,XOM,SELL,200.0,97.8744,okafor.a,XNAS
T702725,2024-12-27 14:31:00,TSLA,BUY,1000.0,210.9129,silva.m,BATS
T700232,2024-12-17 15:36:00,AAPL,BUY,2900.0,401.7554,novak.p,BATS
T701963,2024-11-27 10:55:00,KO,BUY,2300.0,62.1019,haddad.y,XNAS
T701644,2024-11-21 15:43:00,XOM,SELL,2400.0,101.6852,silva.m,XNYS
T702287,2024-12-03 11:30:00,PG,BUY,2000.0,151.7081,okafor.a,XNAS
T702109,2024-12-30 11:36:00,KO,SELL,1100.0,68.4033,okafor.a,XNAS
T702603,2024-12-03 15:39:00,TSLA,BUY,3300.0,199.2141,okafor.a,XNAS
T701127,2024-12-12 09:34:00,JPM,SELL,4400.0,310.1151,okafor.a,XNAS
T701586,2024-11-12 11:03:00,XOM,SELL,600.0,94.4673,okafor.a,XNYS
T701084,2024-12-03 14:52:00,JPM,SELL,9.0,301.9426,okafor.a,DARK
T700785,2024-12-04 10:46:00,NVDA,BUY,1300.0,1098.2624,silva.m,XNAS
T702830,2024-11-14 15:55:00,BP.L,SELL,3100.0,4.5007,silva.m,XNYS
T700173,2024-12-05 11:12:00,AAPL,BUY,100.0,393.615,novak.p,XNYS
T700141,2024-11-27 12:40:00,AAPL,BUY,3900.0,374.7789,okafor.a,XNYS
T700204,2024-12-11 10:53:00,AAPL,SELL,400.0,397.4185,silva.m,BATS
T702072,2024-12-19 12:46:00,KO,SELL,3900.0,65.311,silva.m,BATS
T701467,2024-12-20 11:22:00,GS,BUY,3400.0,482.1384,silva.m,BATS
T702305,2024-12-05 15:41:00,PG,SELL,3500.0,153.6551,haddad.y,XNAS
T700863,2024-12-18 15:49:00,NVDA,SELL,3200.0,977.9532,kim.r,XNAS
T700971,2024-11-07 15:08:00,JPM,BUY,3400.0,294.3946,haddad.y,XNYS
T702740,2024-12-31 12:55:00,TSLA,BUY,2900.0,209.7765,haddad.y,XNYS
T701696,2024-12-05 10:43:00,XOM,SELL,2600.0,96.1688,silva.m,XNAS
T700681,2024-11-11 14:47:00,NVDA,BUY,3400.0,1213.9938,kim.r,DARK
T702402,2024-12-26 14:29:00,PG,SELL,42.0,157.5055,novak.p,XNYS
T702227,2024-11-20 09:33:00,PG,SELL,4000.0,146.0359,silva.m,XNAS
T700845,2024-12-16 13:51:00,NVDA,SELL,700.0,1007.2922,novak.p,BATS
T700895,2024-12-26 13:37:00,NVDA,SELL,5.0,1096.9127,kim.r,XNYS
T701707,2024-12-06 10:45:00,XOM,SELL,4400.0,95.2385,novak.p,XNYS
T702255,2024-11-26 09:50:00,PG,BUY,3600.0,147.9109,okafor.a,BATS
T702722,2024-12-27 11:24:00,TSLA,SELL,6.0,215.859,novak.p,XNYS
T700789,2024-12-04 14:57:00,NVDA,BUY,1600.0,1079.6291,haddad.y,DARK
T702720,2024-12-26 14:00:00,TSLA,SELL,25.0,219.3891,silva.m,BATS
T701491,2024-12-26 15:13:00,GS,BUY,1700.0,542.4029,silva.m,XNAS
T701062,2024-11-29 10:31:00,JPM,BUY,2900.0,304.762,silva.m,XNYS
T702959,2024-12-12 15:49:00,BP.L,BUY,2700.0,4.7451,okafor.a,DARK
T702918,2024-12-04 15:59:00,BP.L,BUY,4100.0,4.8311,kim.r,XNAS
T700268,2024-12-24 14:31:00,AAPL,BUY,3900.0,400.3225,silva.m,BATS
T701075,2024-12-02 14:50:00,JPM,BUY,30.0,307.2737,haddad.y,XNAS
T702783,2024-11-06 09:56:00,BP.L,SELL,3400.0,4.4344,silva.m,XNYS
T700511,2024-12-09 15:18:00,MSFT,SELL,1700.0,259.9733,okafor.a,BATS
T702643,2024-12-11 11:19:00,TSLA,BUY,900.0,214.819,novak.p,XNYS
T702478,2024-11-06 12:59:00,TSLA,BUY,3600.0,224.0111,kim.r,XNAS
T700100,2024-11-19 10:22:00,AAPL,SELL,1000.0,367.0951,haddad.y,XNYS
T700012,2024-10-30 13:06:00,AAPL,SELL,1800.0,357.8272,okafor.a,BATS
T700644,2024-11-04 11:24:00,NVDA,BUY,200.0,1454.0542,silva.m,XNAS
T702088,2024-12-23 14:00:00,KO,BUY,400.0,65.3084,okafor.a,XNYS
T700778,2024-12-03 09:41:00,NVDA,BUY,3700.0,1088.799,haddad.y,BATS
T700947,2024-11-01 15:00:00,JPM,BUY,400.0,299.7904,novak.p,XNYS
T701332,2024-11-21 12:39:00,GS,SELL,1100.0,470.7936,kim.r,XNAS
T702078,2024-12-20 10:44:00,KO,SELL,20.0,65.151,novak.p,XNYS
T701888,2024-11-12 11:17:00,KO,SELL,3700.0,62.9263,novak.p,DARK
T701381,2024-12-03 11:52:00,GS,BUY,2800.0,518.8886,silva.m,BATS
T701073,2024-12-02 12:30:00,JPM,BUY,600.0,305.754,haddad.y,XNYS
T701844,2024-11-04 12:59:00,KO,BUY,2200.0,63.4781,okafor.a,XNYS
T702911,2024-12-04 09:46:00,BP.L,BUY,42.0,4.7962,kim.r,XNAS
T700020,2024-11-01 09:34:00,AAPL,SELL,2700.0,354.7767,haddad.y,BATS
T700749,2024-11-25 15:43:00,NVDA,BUY,13.0,1205.5185,kim.r,DARK
T701086,2024-12-04 10:07:00,JPM,SELL,2800.0,303.5387,silva.m,BATS
T700117,2024-11-21 15:54:00,AAPL,BUY,33.0,371.3435,haddad.y,XNAS
T703013,2024-12-26 13:34:00,BP.L,BUY,1700.0,4.2851,kim.r,XNYS
T702512,2024-11-13 15:32:00,TSLA,SELL,1600.0,211.3232,haddad.y,BATS
T700935,2024-10-30 15:50:00,JPM,SELL,26.0,297.1879,silva.m,BATS
T700563,2024-12-19 11:45:00,MSFT,SELL,1000.0,262.0133,novak.p,XNAS
T702205,2024-11-15 10:48:00,PG,SELL,7.0,145.0296,okafor.a,BATS
T702119,2024-10-29 13:50:00,PG,BUY,800.0,144.2699,silva.m,BATS
T700490,2024-12-04 15:36:00,MSFT,BUY,800.0,261.9232,okafor.a,XNAS
T700046,2024-11-06 15:15:00,AAPL,SELL,1200.0,351.4253,novak.p,BATS
T700492,2024-12-05 09:40:00,MSFT,BUY,3000.0,262.7681,kim.r,BATS
T701732,2024-12-12 10:23:00,XOM,BUY,1100.0,92.9371,novak.p,BATS
T701845,2024-11-04 13:21:00,KO,SELL,1200.0,63.5519,silva.m,XNYS
T702397,2024-12-24 15:57:00,PG,BUY,3400.0,154.3642,silva.m,XNYS
T701029,2024-11-20 13:45:00,JPM,SELL,700.0,302.1537,okafor.a,XNYS
T702006,2024-12-05 15:46:00,KO,SELL,3600.0,63.7081,novak.p,BATS
T700768,2024-11-29 13:14:00,NVDA,BUY,1900.0,1137.0863,okafor.a,XNYS
T701414,2024-12-10 09:55:00,GS,SELL,2800.0,465.2924,novak.p,DARK
T701159,2024-12-18 15:57:00,JPM,BUY,800.0,335.9901,silva.m,XNYS
T702284,2024-12-03 09:49:00,PG,SELL,3200.0,151.95,novak.p,DARK
T702219,2024-11-19 10:07:00,PG,SELL,27.0,143.7341,silva.m,XNAS
T702888,2024-11-27 11:12:00,BP.L,BUY,3800.0,,haddad.y,XNAS
T701163,2024-12-19 13:21:00,JPM,BUY,3300.0,329.2761,haddad.y,XNAS
T701962,2024-11-27 10:41:00,KO,BUY,500.0,62.2241,okafor.a,XNAS
T700883,2024-12-23 15:35:00,NVDA,BUY,300.0,1073.9068,okafor.a,XNAS
T700564,2024-12-19 14:46:00,MSFT,BUY,3700.0,260.0271,silva.m,BATS
T700609,2024-12-30 12:53:00,MSFT,BUY,1800.0,264.1595,haddad.y,DARK
T701051,2024-11-26 13:19:00,JPM,SELL,900.0,308.8458,okafor.a,DARK
T702222,2024-11-19 11:51:00,PG,BUY,1900.0,144.476,okafor.a,XNYS
T701294,2024-11-13 13:27:00,GS,BUY,2400.0,475.8077,okafor.a,XNYS
T701384,2024-12-03 14:40:00,GS,BUY,2700.0,527.0538,haddad.y,XNYS
T701584,2024-11-11 15:38:00,XOM,BUY,600.0,94.0951,haddad.y,XNYS
T700576,2024-12-23 11:52:00,MSFT,SELL,2900.0,264.4856,okafor.a,BATS
T700626,2024-10-30 13:46:00,NVDA,BUY,700.0,1400.3714,silva.m,XNAS
T702908,2024-12-03 12:27:00,BP.L,SELL,3800.0,4.8116,silva.m,XNAS
T702994,2024-12-19 15:06:00,BP.L,BUY,1300.0,4.4641,okafor.a,XNAS
T701208,2024-12-30 14:15:00,JPM,BUY,100.0,333.5498,haddad.y,XNYS
T702756,2024-10-30 14:06:00,BP.L,BUY,1800.0,4.4469,haddad.y,XNAS
T702383,2024-12-20 11:05:00,PG,SELL,41.0,152.2631,kim.r,XNYS
T701617,2024-11-18 13:47:00,XOM,SELL,2800.0,99.273,haddad.y,DARK
T702013,2024-12-09 11:05:00,KO,SELL,300.0,63.4097,okafor.a,XNAS
T701236,2024-10-31 13:48:00,GS,SELL,27.0,487.1072,haddad.y,XNYS
T700755,2024-11-26 15:11:00,NVDA,BUY,25.0,1138.204,silva.m,XNYS
T701774,2024-12-20 11:03:00,XOM,BUY,2100.0,94.103,novak.p,BATS
T701615,2024-11-18 10:43:00,XOM,SELL,3900.0,97.7623,haddad.y,BATS
T701680,2024-12-02 13:25:00,XOM,BUY,1800.0,100.2781,haddad.y,XNAS
T700639,2024-11-01 12:56:00,NVDA,SELL,4000.0,1437.3262,haddad.y,XNYS
T701490,2024-12-26 12:35:00,GS,BUY,1100.0,528.9294,silva.m,XNAS
T700043,2024-11-06 10:51:00,AAPL,BUY,3200.0,353.5644,kim.r,XNYS
T700007,2024-10-30 09:36:00,AAPL,SELL,1300.0,360.7464,silva.m,XNAS
T702406,2024-12-27 13:50:00,PG,BUY,3200.0,160.4398,silva.m,BATS
T700738,2024-11-22 10:52:00,NVDA,BUY,1.0,1260.1001,kim.r,XNAS
T700032,2024-11-04 11:56:00,AAPL,BUY,400.0,355.3091,silva.m,BATS
T700470,2024-11-29 15:52:00,MSFT,BUY,3300.0,252.7594,kim.r,XNAS
T700471,2024-12-02 09:31:00,MSFT,SELL,4400.0,253.5802,kim.r,XNAS
T700421,2024-11-20 15:46:00,MSFT,BUY,4200.0,259.6525,okafor.a,XNAS
T701779,2024-12-23 09:30:00,XOM,BUY,14.0,92.9919,novak.p,XNAS
T702297,2024-12-04 14:47:00,PG,SELL,3200.0,152.1521,novak.p,XNYS
T701661,2024-11-26 13:36:00,XOM,BUY,20.0,99.9441,kim.r,XNAS
T701723,2024-12-11 10:51:00,XOM,SELL,6.0,92.9075,kim.r,XNYS
T702458,2024-11-04 09:38:00,TSLA,BUY,2900.0,236.117,haddad.y,BATS
T702258,2024-11-26 10:42:00,PG,SELL,18.0,147.1443,haddad.y,BATS
T702770,2024-11-01 15:47:00,BP.L,SELL,1800.0,4.6159,novak.p,DARK
T701726,2024-12-11 11:41:00,XOM,BUY,2700.0,93.0532,silva.m,XNYS
T700905,2024-12-27 14:08:00,NVDA,BUY,4200.0,1088.8462,okafor.a,XNAS
T702165,2024-11-07 13:41:00,PG,BUY,18.0,144.3147,novak.p,XNYS
T702880,2024-11-26 10:26:00,BP.L,BUY,1800.0,4.8148,kim.r,XNYS
T701698,2024-12-05 13:51:00,XOM,SELL,3500.0,95.2394,kim.r,XNAS
T701596,2024-11-13 12:55:00,XOM,BUY,3400.0,96.0567,kim.r,XNYS
T700464,2024-11-29 09:37:00,MSFT,BUY,2200.0,252.8444,haddad.y,XNAS
T702898,2024-12-02 10:40:00,BP.L,SELL,3000.0,4.7658,silva.m,BATS
T701583,2024-11-11 12:58:00,XOM,BUY,3900.0,94.6053,kim.r,
T700596,2024-12-26 15:37:00,MSFT,BUY,250.0,264.8793,haddad.y,DARK
T702245,2024-11-22 15:41:00,PG,BUY,3100.0,148.3457,okafor.a,XNAS
T700667,2024-11-07 13:52:00,NVDA,BUY,1000.0,1300.7676,okafor.a,XNAS
T700009,2024-10-30 09:58:00,AAPL,BUY,2600.0,360.4346,kim.r,XNAS
T702300,2024-12-05 14:02:00,PG,SELL,3100.0,153.323,novak.p,XNAS
T701812,2024-12-30 15:35:00,XOM,BUY,3400.0,97.0759,silva.m,BATS
T702846,2024-11-19 13:12:00,BP.L,BUY,18.0,4.7104,kim.r,BATS
T701016,2024-11-18 15:16:00,JPM,SELL,2000.0,295.3869,novak.p,BATS
T701090,2024-12-04 15:50:00,JPM,SELL,3200.0,307.1304,haddad.y,XNAS
T701002,2024-11-14 14:31:00,JPM,SELL,100.0,293.7878,silva.m,XNYS
T701531,2024-10-31 09:46:00,XOM,BUY,700.0,105.2978,silva.m,XNAS
T701057,2024-11-27 12:56:00,JPM,SELL,1600.0,307.4795,kim.r,BATS
T702332,2024-12-11 12:05:00,PG,BUY,3200.0,153.2646,kim.r,DARK
T702168,2024-11-07 15:44:00,PG,BUY,1300.0,143.573,silva.m,XNAS
T702394,2024-12-24 13:15:00,PG,BUY,2300.0,153.9751,haddad.y,XNAS
T702836,2024-11-15 14:22:00,BP.L,SELL,1400.0,,kim.r,XNAS
T700048,2024-11-07 11:44:00,AAPL,BUY,3600.0,357.958,haddad.y,DARK
T702534,2024-11-18 14:33:00,TSLA,SELL,800.0,211.3187,haddad.y,DARK
T701171,2024-12-20 12:55:00,JPM,BUY,3800.0,337.1231,kim.r,XNAS
T701818,2024-12-31 14:44:00,XOM,BUY,4100.0,99.596,kim.r,DARK
T701229,2024-10-30 15:21:00,GS,BUY,,478.9094,okafor.a,XNAS
T701740,2024-12-13 13:57:00,XOM,SELL,300.0,95.7955,novak.p,BATS
T700432,2024-11-22 14:31:00,MSFT,SELL,17.0,253.709,kim.r,XNYS
T700786,2024-12-04 11:55:00,NVDA,SELL,3100.0,1095.6683,kim.r,XNYS
T702447,2024-10-31 15:23:00,TSLA,SELL,1600.0,233.1943,haddad.y,BATS
T700124,2024-11-25 10:20:00,AAPL,BUY,500.0,364.2073,kim.r,XNAS
T700065,2024-11-12 10:49:00,AAPL,BUY,1300.0,352.9401,kim.r,XNAS
T702960,2024-12-13 09:38:00,BP.L,BUY,3300.0,4.7634,kim.r,DARK
T702354,2024-12-16 13:53:00,PG,SELL,1000.0,152.1915,silva.m,XNAS
T701916,2024-11-18 14:51:00,KO,BUY,2600.0,61.5518,novak.p,BATS
T702916,2024-12-04 13:56:00,BP.L,SELL,1300.0,4.7593,novak.p,BATS
T701807,2024-12-27 15:46:00,XOM,SELL,1400.0,97.9931,haddad.y,XNAS
T701412,2024-12-09 15:09:00,GS,SELL,1800.0,471.5691,novak.p,XNAS
T700780,2024-12-03 15:06:00,NVDA,SELL,13.0,1093.5916,novak.p,XNAS
T702479,2024-11-06 13:11:00,TSLA,BUY,3400.0,223.8077,haddad.y,XNAS
T700129,2024-11-25 15:36:00,AAPL,SELL,4000.0,361.7203,kim.r,DARK
T701240,2024-11-01 09:47:00,GS,SELL,2900.0,492.0892,kim.r,XNAS
T701443,2024-12-16 13:33:00,GS,BUY,3900.0,477.4569,novak.p,XNAS
T701436,2024-12-13 14:17:00,GS,BUY,4100.0,461.6535,haddad.y,DARK
T702337,2024-12-12 11:29:00,PG,SELL,2300.0,151.7225,haddad.y,XNYS
T703012,2024-12-26 12:32:00,BP.L,BUY,1600.0,4.3251,haddad.y,XNAS
T701528,2024-10-30 14:48:00,XOM,BUY,3800.0,105.283,novak.p,BATS
T702953,2024-12-11 15:51:00,BP.L,SELL,3400.0,4.7754,haddad.y,XNAS
T702981,2024-12-18 10:31:00,BP.L,BUY,7.0,4.5557,silva.m,XNAS
T702849,2024-11-19 15:57:00,BP.L,SELL,1300.0,4.7653,okafor.a,XNYS
T701657,2024-11-25 13:57:00,XOM,BUY,2000.0,100.8914,okafor.a,BATS
T702472,2024-11-05 12:59:00,TSLA,SELL,4200.0,239.195,okafor.a,BATS
T701368,2024-11-29 13:18:00,GS,BUY,3500.0,493.6652,kim.r,BATS
T700237,2024-12-18 11:02:00,AAPL,SELL,2700.0,401.6314,kim.r,XNYS
T701283,2024-11-11 14:16:00,GS,SELL,1300.0,480.454,novak.p,XNYS
T701980,2024-12-02 14:42:00,KO,BUY,36.0,60.9636,silva.m,XNAS
T701610,2024-11-15 15:32:00,XOM,SELL,5.0,97.8864,novak.p,XNYS
T702282,2024-12-02 12:50:00,PG,SELL,3400.0,150.7024,kim.r,XNAS
T700522,2024-12-11 15:19:00,MSFT,BUY,4000.0,245.3592,novak.p,XNAS
T700054,2024-11-08 10:43:00,AAPL,BUY,700.0,359.3957,haddad.y,BATS
T702928,2024-12-06 14:09:00,BP.L,SELL,2500.0,4.6929,silva.m,XNAS
T702930,2024-12-06 15:27:00,BP.L,SELL,1900.0,4.6931,kim.r,XNYS
T702809,2024-11-12 11:18:00,BP.L,BUY,900.0,4.4842,kim.r,DARK
T700382,2024-11-13 13:22:00,MSFT,SELL,3900.0,238.5341,haddad.y,XNAS
T702395,2024-12-24 13:22:00,PG,BUY,600.0,154.2064,okafor.a,XNYS
T702000,2024-12-05 11:29:00,KO,SELL,2400.0,63.4353,novak.p,XNYS
T702854,2024-11-20 13:30:00,BP.L,BUY,1800.0,4.7633,okafor.a,BATS
T702345,2024-12-13 13:21:00,PG,BUY,3100.0,152.6472,silva.m,DARK
T702747,2024-10-29 09:54:00,BP.L,BUY,3700.0,4.492,haddad.y,DARK
T700835,2024-12-13 11:04:00,NVDA,SELL,1900.0,1071.3774,silva.m,XNAS
T702954,2024-12-12 09:41:00,BP.L,SELL,400.0,4.7616,okafor.a,XNYS
T700463,2024-11-27 15:55:00,MSFT,SELL,3600.0,252.4048,novak.p,XNAS
T701552,2024-11-05 09:52:00,XOM,SELL,100.0,100.4418,novak.p,XNYS
T702963,2024-12-13 12:07:00,BP.L,BUY,1300.0,4.7631,silva.m,XNYS
T701365,2024-11-29 12:05:00,GS,BUY,1300.0,497.1356,okafor.a,XNYS
T701926,2024-11-19 15:48:00,KO,BUY,3400.0,61.2438,kim.r,XNYS
T702319,2024-12-09 12:37:00,PG,BUY,3100.0,152.1812,silva.m,XNAS
T701151,2024-12-17 15:36:00,JPM,SELL,2800.0,319.4859,novak.p,BATS
T701251,2024-11-04 14:32:00,GS,SELL,2900.0,478.3489,haddad.y,XNYS
T702766,2024-11-01 10:16:00,BP.L,SELL,2300.0,4.6379,haddad.y,BATS
T700595,2024-12-26 15:26:00,MSFT,BUY,400.0,266.2035,novak.p,XNYS
T701634,2024-11-20 14:36:00,XOM,SELL,1300.0,100.3513,silva.m,DARK
T702265,2024-11-27 10:43:00,PG,BUY,23.0,148.2326,silva.m,XNYS
T702101,2024-12-26 15:09:00,KO,SELL,3700.0,67.7233,novak.p,XNAS
T701769,2024-12-19 11:17:00,XOM,SELL,2600.0,95.3872,okafor.a,DARK
T701635,2024-11-20 14:50:00,XOM,BUY,700.0,100.5298,silva.m,DARK
T700367,2024-11-11 11:23:00,MSFT,BUY,2400.0,246.655,haddad.y,XNAS
T702626,2024-12-06 14:48:00,TSLA,SELL,1700.0,200.0855,kim.r,BATS
T701683,2024-12-03 12:35:00,XOM,BUY,2700.0,99.516,haddad.y,XNYS
T700097,2024-11-19 09:36:00,AAPL,BUY,15.0,365.249,silva.m,XNAS
T701767,2024-12-19 10:50:00,XOM,SELL,100.0,95.7602,silva.m,XNYS
T701886,2024-11-11 14:45:00,KO,SELL,4200.0,62.9926,okafor.a,XNAS
T701450,2024-12-17 14:38:00,GS,BUY,1800.0,483.318,kim.r,BATS
T700381,2024-11-13 11:19:00,MSFT,SELL,3200.0,238.7199,kim.r,BATS
T702958,2024-12-12 15:41:00,BP.L,SELL,3700.0,4.7477,haddad.y,XNAS
T702497,2024-11-11 11:38:00,TSLA,BUY,800.0,210.7968,kim.r,XNAS
T700028,2024-11-04 09:41:00,AAPL,BUY,400.0,351.8766,novak.p,BATS
T700447,2024-11-26 09:32:00,MSFT,SELL,100.0,253.1808,novak.p,XNAS
T702750,2024-10-29 14:02:00,BP.L,BUY,3400.0,4.475,silva.m,BATS
T700820,2024-12-10 14:29:00,NVDA,SELL,3800.0,1113.248,kim.r,XNAS
T702868,2024-11-22 13:20:00,BP.L,SELL,600.0,4.9279,haddad.y,BATS
T701930,2024-11-20 15:43:00,KO,BUY,700.0,61.6135,silva.m,BATS
T702694,2024-12-20 10:43:00,TSLA,SELL,2900.0,223.8682,okafor.a,BATS
T701113,2024-12-09 15:24:00,JPM,BUY,3900.0,303.6127,haddad.y,BATS
T702590,2024-12-02 09:48:00,TSLA,BUY,12.0,193.557,haddad.y,DARK
T700721,2024-11-19 15:39:00,NVDA,BUY,39.0,1248.1617,novak.p,XNYS
T701303,2024-11-14 15:42:00,GS,BUY,15.0,476.9737,silva.m,XNAS
T701918,2024-11-18 15:24:00,KO,BUY,1400.0,61.4697,novak.p,BATS
T701955,2024-11-25 15:54:00,KO,SELL,1000.0,61.8845,kim.r,XNYS
T701162,2024-12-19 12:50:00,JPM,SELL,1000.0,328.8832,haddad.y,XNAS
T701455,2024-12-18 10:35:00,GS,BUY,3500.0,487.3454,okafor.a,XNYS
T700779,2024-12-03 14:19:00,NVDA,BUY,19.0,1090.6913,novak.p,XNAS
T701023,2024-11-19 15:48:00,JPM,SELL,1000.0,,silva.m,BATS
T700004,2024-10-29 11:34:00,AAPL,SELL,200.0,366.8799,silva.m,XNYS
T701593,2024-11-13 09:47:00,XOM,BUY,1000.0,95.9048,kim.r,XNYS
T702803,2024-11-08 13:09:00,BP.L,BUY,4200.0,4.4574,silva.m,XNYS
T702985,2024-12-18 13:05:00,BP.L,BUY,4300.0,4.5813,novak.p,BATS
T700516,2024-12-10 14:07:00,MSFT,SELL,4200.0,252.0637,okafor.a,XNAS
T701782,2024-12-23 15:17:00,XOM,SELL,23.0,94.0176,kim.r,XNAS
T702501,2024-11-11 15:26:00,TSLA,SELL,300.0,211.2924,kim.r,XNAS
T702781,2024-11-05 15:50:00,BP.L,SELL,2500.0,4.4826,novak.p,XNYS
T700350,2024-11-06 14:55:00,MSFT,BUY,2700.0,247.3826,kim.r,DARK
T701234,2024-10-31 10:19:00,GS,SELL,2800.0,482.3759,haddad.y,BATS
T702604,2024-12-04 09:44:00,TSLA,BUY,1800.0,199.2034,haddad.y,XNAS
T701425,2024-12-11 11:43:00,GS,SELL,3.0,450.82,okafor.a,
T700660,2024-11-06 11:40:00,NVDA,SELL,4100.0,1347.5575,haddad.y,XNAS
T703030,2024-12-30 12:23:00,BP.L,SELL,3600.0,4.2317,okafor.a,XNAS
T702220,2024-11-19 10:42:00,PG,BUY,4200.0,143.7805,silva.m,DARK
T700899,2024-12-26 15:52:00,NVDA,BUY,4100.0,1088.6472,novak.p,DARK
T702197,2024-11-13 14:52:00,PG,BUY,4400.0,144.2514,novak.p,XNAS
T700158,2024-12-03 14:10:00,AAPL,SELL,39.0,385.6313,haddad.y,BATS
T700383,2024-11-13 14:01:00,MSFT,SELL,600.0,238.1677,novak.p,BATS
T702158,2024-11-06 14:08:00,PG,BUY,3700.0,144.7692,silva.m,BATS
T700140,2024-11-27 10:54:00,AAPL,BUY,1100.0,374.9943,okafor.a,XNYS
T700465,2024-11-29 12:05:00,MSFT,BUY,1400.0,252.3143,silva.m,XNAS
T702826,2024-11-14 11:29:00,BP.L,SELL,20.0,4.4805,novak.p,XNAS
T700299,2024-10-29 12:23:00,MSFT,BUY,4400.0,267.2586,silva.m,XNYS
T702649,2024-12-12 09:55:00,TSLA,SELL,2700.0,216.5305,kim.r,XNAS
T700397,2024-11-18 10:57:00,MSFT,BUY,400.0,241.6891,okafor.a,DARK
T701957,2024-11-26 10:09:00,KO,BUY,2100.0,62.2159,silva.m,XNYS
T701875,2024-11-08 11:29:00,KO,BUY,2300.0,62.1834,haddad.y,DARK
T702947,2024-12-10 15:53:00,BP.L,SELL,3000.0,4.7825,silva.m,XNAS
T701033,2024-11-21 11:15:00,JPM,BUY,3800.0,300.7868,novak.p,DARK
T702901,2024-12-02 12:48:00,BP.L,BUY,1800.0,4.747,okafor.a,BATS
T702452,2024-11-01 10:10:00,TSLA,SELL,200.0,231.2062,haddad.y,XNYS
T701122,2024-12-11 14:04:00,JPM,SELL,500.0,311.1391,haddad.y,XNAS
T701048,2024-11-25 15:35:00,JPM,BUY,3500.0,308.7596,novak.p,XNAS
T702020,2024-12-10 10:15:00,KO,SELL,34.0,63.9939,silva.m,XNAS
T700846,2024-12-16 15:02:00,NVDA,BUY,900.0,993.7995,silva.m,XNYS
T700251,2024-12-20 12:10:00,AAPL,BUY,2700.0,398.0825,okafor.a,DARK
T701396,2024-12-05 11:48:00,GS,SELL,900.0,526.8576,haddad.y,BATS
T702112,2024-12-30 13:53:00,KO,SELL,500.0,68.2831,okafor.a,XNYS
T700806,2024-12-06 13:04:00,NVDA,SELL,1700.0,1133.4695,kim.r,BATS
T702431,2024-10-29 12:39:00,TSLA,BUY,3200.0,240.5322,haddad.y,XNAS
T700715,2024-11-19 14:36:00,NVDA,SELL,1000.0,1249.8869,kim.r,XNAS
T702036,2024-12-12 14:18:00,KO,SELL,3000.0,64.203,kim.r,BATS
T702979,2024-12-17 15:59:00,BP.L,BUY,4300.0,4.6457,okafor.a,XNYS
T700987,2024-11-12 11:13:00,JPM,BUY,2900.0,288.4465,haddad.y,XNAS
T702858,2024-11-21 09:46:00,BP.L,SELL,1800.0,4.8151,novak.p,DARK
T700195,2024-12-09 15:55:00,AAPL,SELL,4000.0,394.7819,okafor.a,XNAS
T701580,2024-11-11 12:17:00,XOM,BUY,2900.0,94.8119,kim.r,XNAS
T701044,2024-11-25 09:36:00,JPM,BUY,2400.0,307.6571,novak.p,XNYS
T700279,2024-12-27 13:20:00,AAPL,SELL,3000.0,390.9128,haddad.y,BATS
T700096,2024-11-18 15:58:00,AAPL,BUY,5.0,364.9826,novak.p,XNYS
T700441,2024-11-25 13:41:00,MSFT,SELL,43.0,253.0465,okafor.a,XNYS
T701238,2024-10-31 14:59:00,GS,BUY,1000.0,493.0823,haddad.y,XNAS
T701042,2024-11-22 12:13:00,JPM,BUY,4000.0,306.0179,silva.m,BATS
T702398,2024-12-26 09:42:00,PG,BUY,4400.0,155.0775,haddad.y,XNAS
T701506,2024-12-30 15:50:00,GS,BUY,900.0,541.2516,okafor.a,XNYS
T700330,2024-11-04 12:53:00,MSFT,BUY,4300.0,256.7383,novak.p,XNYS
T701458,2024-12-18 14:38:00,GS,SELL,1500.0,489.6705,kim.r,DARK
T700861,2024-12-18 15:25:00,NVDA,BUY,700.0,977.3482,okafor.a,XNYS
T700745,2024-11-25 09:46:00,NVDA,BUY,3.0,1255.3703,okafor.a,BATS
T702726,2024-12-27 15:12:00,TSLA,BUY,13.0,208.1082,novak.p,DARK
T701111,2024-12-09 13:29:00,JPM,SELL,2900.0,304.1591,okafor.a,DARK
T702518,2024-11-14 14:48:00,TSLA,BUY,3600.0,210.0196,haddad.y,XNAS
T701402,2024-12-06 10:14:00,GS,SELL,2100.0,509.615,haddad.y,XNYS
T701448,2024-12-17 12:55:00,GS,BUY,2600.0,480.414,kim.r,XNAS
T701302,2024-11-14 15:31:00,GS,SELL,500.0,476.7839,okafor.a,
T702656,2024-12-12 15:50:00,TSLA,SELL,27.0,211.4855,novak.p,BATS
T701324,2024-11-20 11:31:00,GS,BUY,2400.0,462.02,kim.r,BATS
T702346,2024-12-13 14:09:00,PG,SELL,1800.0,152.5092,kim.r,XNYS
T700594,2024-12-26 14:51:00,MSFT,BUY,3500.0,266.9914,novak.p,XNYS
T701196,2024-12-26 12:05:00,JPM,SELL,7.0,337.2912,kim.r,XNYS
T701961,2024-11-27 09:35:00,KO,BUY,3.0,61.9986,kim.r,DARK
T702331,2024-12-11 10:21:00,PG,BUY,800.0,151.9833,kim.r,XNAS
T700549,2024-12-17 14:10:00,MSFT,SELL,2600.0,257.9182,silva.m,XNYS
T700556,2024-12-18 10:00:00,MSFT,BUY,1600.0,260.8144,silva.m,XNAS
T702582,2024-11-27 15:48:00,TSLA,BUY,1200.0,185.8261,novak.p,BATS
T700541,2024-12-16 11:58:00,MSFT,SELL,100.0,254.357,kim.r,DARK
T702715,2024-12-26 09:42:00,TSLA,BUY,2400.0,227.5399,kim.r,BATS
T700264,2024-12-24 12:28:00,AAPL,SELL,3700.0,396.8424,okafor.a,BATS
T703005,2024-12-24 09:49:00,BP.L,SELL,19.0,4.3649,novak.p,XNYS
T701659,2024-11-26 09:50:00,XOM,BUY,700.0,99.5942,kim.r,XNAS
T702863,2024-11-21 15:12:00,BP.L,BUY,1600.0,4.8952,novak.p,XNYS
T702771,2024-11-01 15:56:00,BP.L,SELL,4200.0,4.606,novak.p,BATS
T702662,2024-12-13 12:06:00,TSLA,SELL,1800.0,214.3642,silva.m,XNYS
T701064,2024-11-29 12:30:00,JPM,BUY,300.0,301.4954,novak.p,XNAS
T700300,2024-10-29 14:15:00,MSFT,SELL,4100.0,270.1803,novak.p,XNAS
T701827,2024-10-30 11:42:00,KO,BUY,800.0,63.6432,kim.r,XNYS
T700553,2024-12-17 15:44:00,MSFT,BUY,1400.0,260.4359,novak.p,XNAS
T700467,2024-11-29 14:35:00,MSFT,SELL,2000.0,253.2577,kim.r,XNAS
T700344,2024-11-06 09:41:00,MSFT,BUY,16.0,250.8533,okafor.a,DARK
T702294,2024-12-04 12:09:00,PG,BUY,700.0,152.3413,kim.r,XNAS
T702837,2024-11-15 15:56:00,BP.L,SELL,2500.0,4.6409,haddad.y,XNYS
T702759,2024-10-31 09:46:00,BP.L,BUY,800.0,4.4786,haddad.y,XNYS
T702860,2024-11-21 11:37:00,BP.L,SELL,3700.0,4.7774,kim.r,BATS
T701390,2024-12-04 12:52:00,GS,SELL,2000.0,528.7452,okafor.a,BATS
T701871,2024-11-08 09:42:00,KO,SELL,7.0,62.5037,okafor.a,XNYS
T701979,2024-12-02 13:33:00,KO,SELL,2000.0,61.166,haddad.y,BATS
T701777,2024-12-20 13:12:00,XOM,SELL,2000.0,92.8478,silva.m,DARK
T701733,2024-12-12 11:25:00,XOM,SELL,1000.0,92.4699,haddad.y,BATS
T703017,2024-12-26 15:58:00,BP.L,BUY,2800.0,4.2935,kim.r,BATS
T700439,2024-11-25 11:27:00,MSFT,SELL,3400.0,252.3159,haddad.y,XNAS
T700021,2024-11-01 09:37:00,AAPL,BUY,3200.0,354.7563,okafor.a,XNAS
T702214,2024-11-18 10:16:00,PG,SELL,1400.0,144.4272,novak.p,DARK
T702944,2024-12-10 14:57:00,BP.L,SELL,2200.0,4.8134,haddad.y,XNAS
T702248,2024-11-22 15:59:00,PG,BUY,4200.0,148.1603,okafor.a,XNAS
T701435,2024-12-13 13:05:00,GS,BUY,2500.0,455.4295,okafor.a,BATS
T702015,2024-12-09 12:38:00,KO,SELL,900.0,63.4368,haddad.y,XNAS
T701391,2024-12-04 13:58:00,GS,BUY,900.0,533.9126,silva.m,XNYS
T702782,2024-11-06 09:45:00,BP.L,SELL,1600.0,4.464,novak.p,XNAS
T700487,2024-12-04 09:57:00,MSFT,BUY,3100.0,256.2553,haddad.y,XNAS
T700229,2024-12-17 14:09:00,AAPL,SELL,700.0,399.3237,novak.p,XNAS
T701445,2024-12-16 15:39:00,GS,SELL,3400.0,478.8609,haddad.y,XNYS
T701521,2024-10-29 14:49:00,XOM,SELL,1200.0,110.8005,kim.r,DARK
T700286,2024-12-30 12:48:00,AAPL,BUY,300.0,390.0804,haddad.y,XNYS
T702724,2024-12-27 14:15:00,TSLA,SELL,3600.0,212.5763,kim.r,XNYS
T701748,2024-12-16 15:40:00,XOM,SELL,4200.0,97.7182,okafor.a,DARK
T700810,2024-12-09 09:34:00,NVDA,SELL,2000.0,1159.2801,silva.m,BATS
T702914,2024-12-04 11:15:00,BP.L,BUY,2100.0,4.8037,haddad.y,XNYS
T700431,2024-11-22 12:29:00,MSFT,BUY,39.0,254.7877,kim.r,XNYS
T701793,2024-12-26 12:46:00,XOM,BUY,2300.0,94.0976,silva.m,XNYS
T702207,2024-11-15 11:32:00,PG,BUY,3300.0,145.557,novak.p,XNYS
T703011,2024-12-26 12:01:00,BP.L,BUY,1500.0,4.3153,silva.m,XNAS
T700620,2024-10-29 14:40:00,NVDA,BUY,2400.0,1409.1581,haddad.y,DARK
T701765,2024-12-18 15:50:00,XOM,SELL,2200.0,95.2516,okafor.a,XNYS
T700936,2024-10-31 12:57:00,JPM,BUY,1100.0,294.8869,okafor.a,BATS
T701205,2024-12-30 10:49:00,JPM,BUY,3700.0,332.5759,silva.m,XNYS
T701202,2024-12-27 15:36:00,JPM,SELL,2900.0,333.4557,haddad.y,BATS
T702606,2024-12-04 11:52:00,TSLA,BUY,2200.0,199.6486,novak.p,XNYS
T701222,2024-10-30 09:57:00,GS,SELL,800.0,479.6414,kim.r,XNAS
T701758,2024-12-18 09:34:00,XOM,SELL,4000.0,94.7758,okafor.a,XNAS
T700130,2024-11-26 09:36:00,AAPL,BUY,3300.0,362.3479,silva.m,BATS
T701806,2024-12-27 13:57:00,XOM,SELL,2900.0,96.3616,kim.r,XNYS
T700955,2024-11-05 09:55:00,JPM,SELL,800.0,303.9916,haddad.y,DARK
T700913,2024-12-30 15:39:00,NVDA,BUY,1400.0,1062.2918,novak.p,XNYS
T700859,2024-12-18 14:09:00,NVDA,SELL,1000.0,981.6109,kim.r,XNAS
T701495,2024-12-27 11:37:00,GS,BUY,1000.0,541.8104,novak.p,XNYS
T701340,2024-11-22 13:49:00,GS,BUY,2900.0,473.1855,okafor.a,XNAS
T700127,2024-11-25 12:20:00,AAPL,BUY,4000.0,364.0919,silva.m,XNAS
T700284,2024-12-30 12:41:00,AAPL,SELL,2300.0,390.1961,okafor.a,XNAS
T702173,2024-11-08 15:41:00,PG,SELL,1400.0,,novak.p,BATS
T700978,2024-11-11 09:31:00,JPM,BUY,4100.0,288.2797,novak.p,XNYS
T700623,2024-10-30 11:05:00,NVDA,BUY,4400.0,1400.4738,kim.r,DARK
T700688,2024-11-12 15:02:00,NVDA,BUY,3300.0,1191.1335,haddad.y,XNAS
T702892,2024-11-29 10:54:00,BP.L,BUY,2700.0,4.7944,haddad.y,XNAS
T702057,2024-12-17 11:17:00,KO,BUY,4100.0,64.7973,silva.m,XNAS
T700995,2024-11-13 13:01:00,JPM,BUY,2300.0,291.9637,kim.r,XNYS
T701784,2024-12-23 15:37:00,XOM,BUY,2400.0,94.3186,kim.r,DARK
T701714,2024-12-09 15:18:00,XOM,SELL,100.0,93.5011,kim.r,BATS
T700610,2024-12-30 14:19:00,MSFT,BUY,700.0,263.3998,novak.p,BATS
T700458,2024-11-27 13:52:00,MSFT,SELL,1.0,251.9342,silva.m,BATS
T702286,2024-12-03 10:07:00,PG,BUY,2100.0,151.9328,silva.m,XNAS
T700462,2024-11-27 15:52:00,MSFT,BUY,3500.0,252.5039,okafor.a,BATS
T700792,2024-12-04 15:57:00,NVDA,SELL,700.0,1080.3935,silva.m,DARK
T700504,2024-12-06 15:31:00,MSFT,SELL,100.0,271.1954,novak.p,XNAS
T700308,2024-10-30 12:55:00,MSFT,BUY,1000.0,265.667,silva.m,DARK
T701599,2024-11-13 15:46:00,XOM,BUY,8.0,96.2505,okafor.a,XNAS
T700363,2024-11-08 13:24:00,MSFT,BUY,4000.0,244.7775,okafor.a,XNYS
T700579,2024-12-23 15:15:00,MSFT,SELL,2200.0,270.351,kim.r,XNYS
T700105,2024-11-20 09:38:00,AAPL,SELL,2000.0,377.4391,silva.m,XNYS
T702348,2024-12-13 15:36:00,PG,SELL,4400.0,152.6661,haddad.y,XNYS
T701132,2024-12-12 10:31:00,JPM,SELL,600.0,310.3188,okafor.a,XNAS
T700507,2024-12-09 13:22:00,MSFT,BUY,3600.0,263.8793,novak.p,XNAS
T701011,2024-11-18 10:32:00,JPM,SELL,300.0,,novak.p,XNYS
T701547,2024-11-04 09:52:00,XOM,BUY,200.0,102.9792,okafor.a,XNAS
T700946,2024-11-01 13:47:00,JPM,SELL,2600.0,298.1617,haddad.y,DARK
T701682,2024-12-03 11:03:00,XOM,BUY,2800.0,100.1204,novak.p,XNAS
T702076,2024-12-19 15:54:00,KO,SELL,3100.0,65.3335,kim.r,XNYS
T701469,2024-12-20 14:13:00,GS,BUY,3900.0,488.5041,okafor.a,XNYS
T702285,2024-12-03 09:54:00,PG,SELL,4100.0,151.8318,okafor.a,XNAS
T702690,2024-12-19 14:29:00,TSLA,SELL,3800.0,215.5466,kim.r,DARK
T701442,2024-12-16 13:14:00,GS,BUY,,476.3681,kim.r,XNYS
T702861,2024-11-21 13:41:00,BP.L,BUY,700.0,4.8586,novak.p,XNAS
T700188,2024-12-09 12:04:00,AAPL,SELL,4400.0,396.3449,kim.r,XNAS
T701706,2024-12-06 10:38:00,XOM,BUY,2900.0,95.0764,novak.p,XNYS
T702180,2024-11-11 13:42:00,PG,BUY,3100.0,143.2734,novak.p,BATS
T702234,2024-11-20 15:31:00,PG,SELL,2700.0,147.2934,kim.r,XNAS
T702956,2024-12-12 11:05:00,BP.L,SELL,28.0,4.7679,silva.m,XNYS
T702912,2024-12-04 10:00:00,BP.L,BUY,1300.0,4.7865,silva.m,BATS
T701358,2024-11-27 14:21:00,GS,BUY,4300.0,494.5981,kim.r,XNAS
T701673,2024-11-29 12:51:00,XOM,SELL,1300.0,99.4206,haddad.y,BATS
T701600,2024-11-14 10:35:00,XOM,SELL,1100.0,96.2278,novak.p,XNAS
T701718,2024-12-10 14:27:00,XOM,BUY,1000.0,93.4643,kim.r,DARK
T703026,2024-12-27 15:55:00,BP.L,SELL,17.0,4.3132,silva.m,DARK
T701691,2024-12-04 13:27:00,XOM,BUY,3000.0,97.7054,novak.p,BATS
T700862,2024-12-18 15:48:00,NVDA,BUY,3600.0,977.3663,silva.m,XNYS
T701173,2024-12-20 15:43:00,JPM,SELL,14.0,340.1032,silva.m,XNYS
T701493,2024-12-27 10:03:00,GS,BUY,4000.0,546.9445,kim.r,XNAS
T702111,2024-12-30 12:59:00,KO,SELL,1600.0,68.4628,novak.p,BATS
T701115,2024-12-10 10:57:00,JPM,SELL,38.0,306.5005,novak.p,XNYS
T700353,2024-11-07 09:58:00,MSFT,BUY,3400.0,246.6457,haddad.y,XNAS
T701034,2024-11-21 11:34:00,JPM,BUY,2000.0,300.7825,kim.r,XNYS
T702309,2024-12-06 10:39:00,PG,SELL,33.0,152.6985,silva.m,XNAS
T700731,2024-11-21 14:18:00,NVDA,SELL,1900.0,1237.5769,novak.p,XNYS
T700702,2024-11-15 09:37:00,NVDA,BUY,4200.0,1205.122,silva.m,DARK
T702965,2024-12-13 12:47:00,BP.L,SELL,13.0,4.7567,okafor.a,XNAS
T702433,2024-10-29 13:39:00,TSLA,SELL,3800.0,242.7398,kim.r,XNAS
T702607,2024-12-04 11:57:00,TSLA,SELL,36.0,200.3335,haddad.y,XNYS
T700160,2024-12-03 15:26:00,AAPL,SELL,300.0,381.7131,novak.p,XNYS
T702576,2024-11-26 15:39:00,TSLA,SELL,3900.0,186.0296,kim.r,XNAS
T701923,2024-11-19 13:31:00,KO,SELL,3300.0,61.664,novak.p,XNYS
T701863,2024-11-07 10:21:00,KO,SELL,9.0,62.6799,okafor.a,XNYS
T702474,2024-11-05 15:34:00,TSLA,BUY,8.0,233.5378,novak.p,DARK
T701137,2024-12-13 13:17:00,JPM,SELL,4400.0,311.288,novak.p,XNYS
T701198,2024-12-27 09:54:00,JPM,BUY,1300.0,336.4596,okafor.a,BATS
T701589,2024-11-12 15:24:00,XOM,SELL,300.0,95.3245,silva.m,BATS
T700162,2024-12-04 10:47:00,AAPL,BUY,800.0,382.6122,haddad.y,XNAS
T701539,2024-11-01 11:10:00,XOM,SELL,2600.0,105.9244,kim.r,BATS
T701790,2024-12-24 15:06:00,XOM,BUY,1050.0,94.3672,haddad.y,DARK
T701308,2024-11-15 15:28:00,GS,SELL,400.0,470.0263,silva.m,XNYS
T700185,2024-12-06 15:09:00,AAPL,BUY,2400.0,395.168,haddad.y,DARK
T700459,2024-11-27 14:07:00,MSFT,SELL,3400.0,252.6282,novak.p,DARK
T701409,2024-12-09 10:11:00,GS,SELL,8.0,487.9861,novak.p,BATS
T701893,2024-11-13 10:08:00,KO,SELL,3600.0,61.7744,okafor.a,XNAS
T701007,2024-11-15 12:35:00,JPM,BUY,4400.0,295.4648,haddad.y,XNAS
T701982,2024-12-03 10:13:00,KO,BUY,2800.0,61.7067,novak.p,XNAS
T702125,2024-10-30 10:12:00,PG,BUY,400.0,145.3758,kim.r,XNYS
T702152,2024-11-05 14:51:00,PG,BUY,2900.0,144.0175,okafor.a,XNAS
T701481,2024-12-23 15:49:00,GS,BUY,500.0,504.1592,kim.r,XNAS
T702593,2024-12-02 10:55:00,TSLA,BUY,1000.0,195.0528,silva.m,XNAS
T701287,2024-11-12 13:45:00,GS,SELL,4100.0,472.4604,okafor.a,BATS
T700368,2024-11-11 11:56:00,MSFT,BUY,17.0,247.7626,okafor.a,XNYS
T701168,2024-12-20 11:02:00,JPM,SELL,9.0,332.2501,okafor.a,BATS
T701321,2024-11-19 15:55:00,GS,BUY,3400.0,462.9465,haddad.y,BATS
T700493,2024-12-05 09:47:00,MSFT,SELL,1400.0,262.8237,okafor.a,DARK
T700231,2024-12-17 15:20:00,AAPL,SELL,1800.0,402.5437,kim.r,XNAS
T702208,2024-11-15 11:38:00,PG,SELL,2.0,145.4009,haddad.y,BATS
T700333,2024-11-04 14:38:00,MSFT,SELL,3400.0,254.5436,silva.m,XNYS
T702365,2024-12-18 10:20:00,PG,BUY,1200.0,151.4059,novak.p,DARK
T700788,2024-12-04 14:39:00,NVDA,SELL,900.0,1082.1699,kim.r,BATS
T702280,2024-12-02 11:56:00,PG,SELL,4000.0,150.4618,haddad.y,BATS
T701374,2024-12-02 10:42:00,GS,BUY,28.0,502.7941,novak.p,XNAS
T702353,2024-12-16 13:27:00,PG,SELL,3500.0,152.4007,haddad.y,XNYS
T700380,2024-11-13 09:44:00,MSFT,BUY,41.0,239.9283,okafor.a,XNAS
T702098,2024-12-26 10:50:00,KO,BUY,1500.0,67.416,silva.m,DARK
T702272,2024-11-29 13:54:00,PG,SELL,44.0,150.3599,silva.m,BATS
T702073,2024-12-19 13:39:00,KO,BUY,27.0,65.6232,kim.r,XNYS
T702708,2024-12-23 15:10:00,TSLA,BUY,32.0,220.6542,silva.m,XNYS
T702047,2024-12-13 15:45:00,KO,SELL,600.0,64.4924,kim.r,DARK
T702324,2024-12-10 09:39:00,PG,SELL,2100.0,,okafor.a,XNYS
T701898,2024-11-14 09:32:00,KO,SELL,800.0,62.5051,kim.r,DARK
T701890,2024-11-12 15:09:00,KO,SELL,2300.0,61.7669,haddad.y,XNAS
T702520,2024-11-14 15:26:00,TSLA,BUY,3800.0,208.25,haddad.y,BATS
T702407,2024-12-27 14:02:00,PG,BUY,3300.0,160.4639,kim.r,XNYS
T701281,2024-11-11 11:32:00,GS,SELL,4200.0,474.3622,novak.p,DARK
T701619,2024-11-18 15:48:00,XOM,SELL,500.0,100.2892,kim.r,XNAS
T700207,2024-12-11 15:30:00,AAPL,SELL,1400.0,404.9352,okafor.a,XNAS
T702355,2024-12-16 13:59:00,PG,BUY,2000.0,151.7086,novak.p,XNAS
T702984,2024-12-18 12:52:00,BP.L,SELL,1500.0,4.5631,kim.r,XNAS
T701832,2024-10-31 10:29:00,KO,SELL,2600.0,63.8192,silva.m,DARK
T700881,2024-12-23 12:11:00,NVDA,SELL,300.0,1042.4785,haddad.y,XNYS
T700143,2024-11-27 15:54:00,AAPL,BUY,4100.0,371.0499,haddad.y,XNYS
T700249,2024-12-20 09:39:00,AAPL,SELL,2700.0,399.272,okafor.a,XNAS
T701921,2024-11-19 12:28:00,KO,BUY,4000.0,61.3012,novak.p,XNAS
T701901,2024-11-14 09:40:00,KO,SELL,2300.0,62.3748,kim.r,XNYS
T702637,2024-12-10 12:53:00,TSLA,BUY,7.0,212.5161,novak.p,XNYS
T702019,2024-12-10 09:38:00,KO,BUY,26.0,64.2305,silva.m,BATS
T702905,2024-12-03 09:52:00,BP.L,BUY,1900.0,4.7794,okafor.a,XNAS
T702187,2024-11-12 13:40:00,PG,BUY,18.0,142.9649,kim.r,XNAS
T700230,2024-12-17 14:50:00,AAPL,SELL,2100.0,400.6495,kim.r,DARK
T702288,2024-12-03 13:28:00,PG,SELL,27.0,152.4176,kim.r,XNYS
T702066,2024-12-18 15:10:00,KO,BUY,2200.0,65.725,haddad.y,XNAS
T702434,2024-10-30 09:30:00,TSLA,SELL,2900.0,238.9583,silva.m,XNAS
T702925,2024-12-06 09:32:00,BP.L,BUY,3800.0,4.7451,okafor.a,BATS
T701477,2024-12-23 12:10:00,GS,SELL,4000.0,496.925,novak.p,XNAS
T701128,2024-12-12 09:35:00,JPM,BUY,4.0,310.8334,novak.p,XNAS
T702053,2024-12-16 14:55:00,KO,SELL,1900.0,64.1156,novak.p,XNYS
T701364,2024-11-29 10:15:00,GS,BUY,4400.0,500.6518,okafor.a,XNYS
T702037,2024-12-12 15:20:00,KO,BUY,3500.0,64.0907,kim.r,BATS
T702834,2024-11-15 14:10:00,BP.L,SELL,2800.0,4.5486,haddad.y,XNAS
T700083,2024-11-15 11:29:00,AAPL,SELL,1400.0,354.7227,silva.m,BATS
T700765,2024-11-29 10:28:00,NVDA,SELL,4400.0,1128.2848,novak.p,XNAS
T700102,2024-11-19 11:32:00,AAPL,BUY,19.0,369.7401,haddad.y,XNYS
T700146,2024-11-29 14:01:00,AAPL,BUY,1800.0,375.5738,kim.r,BATS
T701133,2024-12-12 10:33:00,JPM,BUY,31.0,310.4489,kim.r,XNAS
T702079,2024-12-20 11:02:00,KO,BUY,3200.0,64.9921,kim.r,XNAS
T700394,2024-11-15 15:28:00,MSFT,BUY,3800.0,237.7177,okafor.a,XNAS
T702221,2024-11-19 11:12:00,PG,SELL,200.0,144.1317,okafor.a,DARK
T702896,2024-11-29 14:28:00,BP.L,BUY,2800.0,4.7553,silva.m,XNAS
T701221,2024-10-29 15:35:00,GS,SELL,1100.0,475.7826,kim.r,
T701371,2024-11-29 15:56:00,GS,BUY,900.0,499.2206,kim.r,XNYS
T701870,2024-11-07 15:04:00,KO,SELL,3100.0,62.2386,novak.p,XNYS
T700321,2024-11-01 11:55:00,MSFT,BUY,24.0,262.1972,okafor.a,XNYS
T700111,2024-11-21 09:40:00,AAPL,SELL,2800.0,375.9287,haddad.y,XNYS
T700588,2024-12-26 09:34:00,MSFT,SELL,3700.0,265.1139,silva.m,XNAS
T701509,2024-12-31 12:28:00,GS,BUY,38.0,552.8895,okafor.a,DARK
T703027,2024-12-30 10:07:00,BP.L,BUY,700.0,4.3119,silva.m,XNYS
T702535,2024-11-18 15:31:00,TSLA,BUY,100.0,209.1251,kim.r,XNYS
T700136,2024-11-27 09:34:00,AAPL,BUY,4300.0,,okafor.a,XNAS
T701487,2024-12-26 09:44:00,GS,BUY,3900.0,520.4944,kim.r,XNYS
T700653,2024-11-05 12:45:00,NVDA,BUY,2200.0,1388.7335,okafor.a,XNYS
T701900,2024-11-14 09:39:00,KO,BUY,1100.0,62.3588,novak.p,DARK
T701966,2024-11-27 15:04:00,KO,BUY,1900.0,61.6457,kim.r,XNAS
T701715,2024-12-09 15:57:00,XOM,SELL,11.0,93.2441,kim.r,DARK
T702570,2024-11-25 14:47:00,TSLA,BUY,34.0,191.8563,silva.m,XNAS
T701047,2024-11-25 14:53:00,JPM,BUY,14.0,309.7073,haddad.y,XNYS
T702716,2024-12-26 10:32:00,TSLA,BUY,700.0,225.2663,kim.r,DARK
T700930,2024-10-30 14:08:00,JPM,BUY,700.0,297.0255,haddad.y,XNYS
T700220,2024-12-16 10:01:00,AAPL,BUY,600.0,398.5673,silva.m,XNYS
T700927,2024-10-30 09:39:00,JPM,BUY,14.0,298.3813,kim.r,BATS
T702008,2024-12-06 11:01:00,KO,BUY,1300.0,64.0503,okafor.a,XNYS
T701968,2024-11-29 09:33:00,KO,SELL,2100.0,62.1425,novak.p,XNYS
T702289,2024-12-03 13:56:00,PG,SELL,4100.0,151.6056,okafor.a,DARK
T702201,2024-11-14 12:09:00,PG,SELL,19.0,144.4599,okafor.a,XNAS
T700533,2024-12-13 10:07:00,MSFT,BUY,2800.0,249.2922,silva.m,XNAS
T701788,2024-12-24 14:27:00,XOM,BUY,23.0,94.2868,haddad.y,XNAS
T700606,2024-12-30 10:02:00,MSFT,SELL,3.0,267.4942,silva.m,XNAS
T700074,2024-11-13 15:32:00,AAPL,BUY,3500.0,353.799,haddad.y,DARK
T702233,2024-11-20 13:49:00,PG,SELL,2700.0,147.0144,okafor.a,XNYS
T702176,2024-11-11 10:38:00,PG,BUY,1900.0,144.1757,kim.r,XNYS
T701322,2024-11-19 15:59:00,GS,SELL,1600.0,462.6553,kim.r,XNYS
T701626,2024-11-19 14:10:00,XOM,BUY,100.0,99.2594,kim.r,XNAS
T700113,2024-11-21 10:23:00,AAPL,SELL,3600.0,375.9112,haddad.y,XNAS
T700986,2024-11-12 10:11:00,JPM,BUY,22.0,287.2564,okafor.a,XNAS
T701992,2024-12-04 10:14:00,KO,SELL,3200.0,63.1873,kim.r,BATS
T701697,2024-12-05 12:30:00,XOM,BUY,3300.0,95.5266,silva.m,XNAS
T700222,2024-12-16 12:52:00,AAPL,SELL,31.0,400.9292,silva.m,XNYS
T700518,2024-12-10 14:31:00,MSFT,BUY,10.0,252.3111,novak.p,XNYS
T701348,2024-11-26 10:25:00,GS,SELL,500.0,471.4822,okafor.a,BATS
T701119,2024-12-10 15:27:00,JPM,BUY,3600.0,309.6029,okafor.a,XNAS
T700035,2024-11-04 15:10:00,AAPL,SELL,3600.0,352.0048,haddad.y,XNYS
T700830,2024-12-12 09:44:00,NVDA,SELL,22.0,1119.1606,silva.m,XNAS
T701911,2024-11-18 10:40:00,KO,SELL,900.0,61.9306,kim.r,XNYS
T702170,2024-11-08 11:10:00,PG,BUY,1300.0,145.4765,kim.r,XNYS
T700347,2024-11-06 11:44:00,MSFT,SELL,3500.0,249.2501,novak.p,BATS
T700167,2024-12-04 14:20:00,AAPL,SELL,17.0,388.7318,novak.p,XNAS
T702657,2024-12-12 15:58:00,TSLA,BUY,3700.0,212.1656,okafor.a,DARK
T700116,2024-11-21 15:50:00,AAPL,SELL,900.0,371.4916,okafor.a,XNAS
T701601,2024-11-14 12:18:00,XOM,SELL,3800.0,96.623,okafor.a,BATS
T700530,2024-12-12 15:35:00,MSFT,BUY,100.0,248.6573,novak.p,XNYS
T702449,2024-10-31 15:48:00,TSLA,SELL,1000.0,233.0462,okafor.a,XNYS
T702561,2024-11-22 10:47:00,TSLA,SELL,900.0,192.9464,novak.p,DARK
T700320,2024-11-01 11:22:00,MSFT,BUY,1300.0,263.4341,haddad.y,BATS
T701028,2024-11-20 11:25:00,JPM,BUY,2000.0,300.3473,haddad.y,XNYS
T700473,2024-12-02 10:03:00,MSFT,SELL,1600.0,254.0575,kim.r,XNAS
T702578,2024-11-27 09:48:00,TSLA,SELL,1600.0,186.6663,kim.r,XNAS
T702252,2024-11-25 14:25:00,PG,SELL,2000.0,147.5389,okafor.a,XNYS
T701801,2024-12-27 10:15:00,XOM,BUY,2700.0,94.2621,kim.r,BATS
T701936,2024-11-21 12:51:00,KO,SELL,3500.0,61.453,kim.r,XNAS
T702543,2024-11-20 09:44:00,TSLA,BUY,3000.0,214.868,haddad.y,XNAS
T702450,2024-11-01 09:46:00,TSLA,BUY,300.0,231.9508,haddad.y,DARK
T700227,2024-12-17 11:16:00,AAPL,BUY,3600.0,398.0456,haddad.y,XNAS
T702360,2024-12-17 15:37:00,PG,BUY,3400.0,152.8523,silva.m,XNYS
T701025,2024-11-20 09:37:00,JPM,SELL,3500.0,300.53,novak.p,XNYS
T702700,2024-12-20 14:50:00,TSLA,BUY,1400.0,225.6167,kim.r,XNYS
T701792,2024-12-26 12:10:00,XOM,BUY,800.0,94.4516,novak.p,XNAS
T700081,2024-11-15 10:57:00,AAPL,BUY,2700.0,356.0587,kim.r,XNAS
T701545,2024-11-01 14:13:00,XOM,SELL,500.0,104.065,novak.p,BATS
T702196,2024-11-13 14:17:00,PG,SELL,200.0,143.3403,novak.p,XNAS
T700668,2024-11-07 14:51:00,NVDA,BUY,100.0,1299.8197,okafor.a,XNYS
T700062,2024-11-11 10:57:00,AAPL,BUY,1100.0,355.8655,okafor.a,XNYS
T700849,2024-12-17 09:30:00,NVDA,SELL,2700.0,980.4046,kim.r,XNAS
T702668,2024-12-16 11:03:00,TSLA,SELL,23.0,210.8479,novak.p,XNYS
T701434,2024-12-13 12:33:00,GS,BUY,3700.0,452.6458,okafor.a,BATS
T702065,2024-12-18 14:47:00,KO,BUY,3800.0,65.8866,kim.r,XNYS
T702378,2024-12-19 15:38:00,PG,BUY,3300.0,151.1829,silva.m,DARK
T700515,2024-12-10 13:25:00,MSFT,SELL,4300.0,252.8301,novak.p,BATS
T701354,2024-11-26 15:11:00,GS,SELL,4200.0,485.0048,okafor.a,XNAS
T700109,2024-11-20 14:29:00,AAPL,BUY,4300.0,376.4635,kim.r,DARK
T702145,2024-11-04 09:50:00,PG,SELL,4000.0,145.6031,haddad.y,BATS
T700040,2024-11-05 15:35:00,AAPL,SELL,2400.0,356.8673,kim.r,BATS
T702774,2024-11-04 12:57:00,BP.L,BUY,600.0,4.5995,okafor.a,XNAS
T701747,2024-12-16 15:11:00,XOM,BUY,1800.0,98.1668,kim.r,BATS
T702906,2024-12-03 10:53:00,BP.L,BUY,200.0,4.8054,haddad.y,XNAS
T701125,2024-12-11 14:55:00,JPM,SELL,4.0,310.8578,novak.p,BATS
T701088,2024-12-04 12:51:00,JPM,BUY,3900.0,301.6602,kim.r,XNAS
T700311,2024-10-31 10:36:00,MSFT,SELL,900.0,265.447,okafor.a,BATS
T702934,2024-12-09 10:05:00,BP.L,BUY,1700.0,4.7284,haddad.y,DARK
T700019,2024-10-31 15:42:00,AAPL,BUY,3400.0,355.8268,haddad.y,DARK
T701426,2024-12-11 12:45:00,GS,SELL,2500.0,449.7735,silva.m,DARK
T700357,2024-11-07 13:53:00,MSFT,BUY,300.0,246.3665,novak.p,XNAS
T700360,2024-11-08 09:42:00,MSFT,SELL,3700.0,245.9927,silva.m,XNAS
T702829,2024-11-14 14:58:00,BP.L,SELL,2400.0,4.5202,kim.r,XNYS
T701925,2024-11-19 14:34:00,KO,BUY,36.0,61.108,kim.r,XNAS
T700289,2024-12-30 14:23:00,AAPL,BUY,2000.0,390.7768,novak.p,XNAS
T700392,2024-11-15 10:58:00,MSFT,BUY,4300.0,237.9162,kim.r,XNAS
T701576,2024-11-08 13:39:00,XOM,SELL,2700.0,95.0598,okafor.a,DARK
T701751,2024-12-17 10:19:00,XOM,BUY,3700.0,96.881,novak.p,BATS
T701675,2024-11-29 14:58:00,XOM,BUY,800.0,99.5425,okafor.a,XNAS
T700657,2024-11-06 09:44:00,NVDA,BUY,4400.0,1375.6992,haddad.y,XNAS
T701246,2024-11-01 15:41:00,GS,SELL,3000.0,475.1496,novak.p,DARK
T702828,2024-11-14 14:47:00,BP.L,SELL,600.0,4.4848,silva.m,XNAS
T702717,2024-12-26 10:47:00,TSLA,BUY,1700.0,224.7285,novak.p,XNYS
T701947,2024-11-25 09:55:00,KO,SELL,900.0,61.8101,okafor.a,BATS
T701582,2024-11-11 12:57:00,XOM,SELL,3600.0,94.6833,kim.r,XNAS
T702223,2024-11-19 12:49:00,PG,BUY,2500.0,144.1195,novak.p,XNYS
T701421,2024-12-11 10:21:00,GS,SELL,500.0,451.0925,okafor.a,DARK
T702144,2024-11-04 09:32:00,PG,SELL,300.0,145.3978,okafor.a,DARK
T702933,2024-12-09 10:00:00,BP.L,BUY,500.0,4.7302,haddad.y,BATS
T700370,2024-11-12 10:21:00,MSFT,BUY,3400.0,246.1245,okafor.a,XNAS
T701731,2024-12-12 09:59:00,XOM,BUY,1700.0,92.9547,silva.m,BATS
T700313,2024-10-31 14:24:00,MSFT,BUY,1400.0,264.9156,novak.p,XNYS
T702584,2024-11-29 14:03:00,TSLA,SELL,2800.0,188.7718,okafor.a,XNAS
T701568,2024-11-07 13:09:00,XOM,SELL,800.0,97.6623,kim.r,XNAS
T700593,2024-12-26 13:57:00,MSFT,SELL,2400.0,266.3286,kim.r,XNAS
T700970,2024-11-07 12:34:00,JPM,SELL,1000.0,292.2232,okafor.a,BATS
T700202,2024-12-10 15:51:00,AAPL,BUY,4100.0,394.4035,okafor.a,XNYS
T702033,2024-12-12 11:54:00,KO,SELL,1600.0,64.1841,haddad.y,DARK
T702318,2024-12-09 12:28:00,PG,SELL,4300.0,151.8188,haddad.y,XNAS
T702338,2024-12-12 11:47:00,PG,SELL,4200.0,151.5025,haddad.y,XNAS
T702320,2024-12-09 13:56:00,PG,BUY,1300.0,151.1323,okafor.a,XNAS
T702899,2024-12-02 11:03:00,BP.L,SELL,1000.0,4.7501,silva.m,XNYS
T700438,2024-11-25 10:30:00,MSFT,BUY,3600.0,252.2924,silva.m,BATS
T700326,2024-11-04 10:11:00,MSFT,SELL,1600.0,256.9853,okafor.a,XNAS
T701158,2024-12-18 14:35:00,JPM,BUY,400.0,329.0736,kim.r,XNYS
T702205,2024-11-15 10:48:00,PG,SELL,7.0,145.0296,okafor.a,BATS
T700387,2024-11-14 14:35:00,MSFT,BUY,1700.0,235.3516,novak.p,BATS
T701041,2024-11-22 12:01:00,JPM,SELL,5.0,305.7905,haddad.y,XNYS
T701808,2024-12-30 11:34:00,XOM,SELL,3100.0,98.0675,okafor.a,XNYS
T701187,2024-12-24 12:04:00,JPM,BUY,1400.0,341.3073,kim.r,DARK
T700281,2024-12-27 15:35:00,AAPL,SELL,500.0,389.9208,okafor.a,XNYS
T701651,2024-11-25 09:40:00,XOM,BUY,3400.0,101.6189,novak.p,BATS
T700351,2024-11-06 15:07:00,MSFT,BUY,900.0,247.3771,silva.m,XNYS
T701355,2024-11-26 15:48:00,GS,SELL,1200.0,484.9017,silva.m,XNYS
T700042,2024-11-06 10:09:00,AAPL,BUY,1600.0,354.1439,kim.r,DARK
T702972,2024-12-16 15:51:00,BP.L,SELL,2600.0,4.6441,kim.r,XNAS
T700101,2024-11-19 11:12:00,AAPL,BUY,3400.0,369.1205,kim.r,DARK
T702743,2024-12-31 15:33:00,TSLA,SELL,2100.0,205.9334,novak.p,BATS
T703010,2024-12-26 11:38:00,BP.L,SELL,1200.0,4.3124,haddad.y,XNYS
T700446,2024-11-26 09:31:00,MSFT,BUY,13.0,252.8533,haddad.y,XNAS
T701730,2024-12-11 15:50:00,XOM,BUY,1700.0,92.8051,okafor.a,XNAS
T701273,2024-11-08 15:00:00,GS,SELL,1700.0,476.7198,okafor.a,BATS
T700134,2024-11-26 14:55:00,AAPL,BUY,2400.0,373.3196,okafor.a,XNAS
T700574,2024-12-20 15:50:00,MSFT,SELL,24.0,263.9544,kim.r,XNYS
T700876,2024-12-20 15:50:00,NVDA,SELL,1700.0,1021.4923,kim.r,DARK
T701559,2024-11-06 11:35:00,XOM,SELL,800.0,98.6492,silva.m,XNYS
T700856,2024-12-17 14:20:00,NVDA,BUY,23.0,989.0678,kim.r,DARK
T700128,2024-11-25 15:08:00,AAPL,SELL,4200.0,362.0385,silva.m,XNYS
T700747,2024-11-25 10:39:00,NVDA,SELL,700.0,1247.5401,okafor.a,BATS
T700572,2024-12-20 13:40:00,MSFT,SELL,1400.0,263.4088,novak.p,XNAS
T702553,2024-11-21 10:26:00,TSLA,BUY,500.0,198.544,haddad.y,XNYS
T702755,2024-10-30 12:23:00,BP.L,BUY,38.0,4.4654,haddad.y,XNYS
T700875,2024-12-20 15:40:00,NVDA,SELL,2300.0,1018.8017,kim.r,BATS
T700103,2024-11-19 14:44:00,AAPL,SELL,1100.0,373.5939,okafor.a,XNAS
T702018,2024-12-09 15:25:00,KO,SELL,2700.0,64.2067,haddad.y,XNAS
T700410,2024-11-19 14:38:00,MSFT,BUY,33.0,252.866,okafor.a,BATS
T702692,2024-12-19 15:22:00,TSLA,SELL,2700.0,220.138,silva.m,BATS
T701178,2024-12-23 13:55:00,JPM,SELL,3900.0,339.4783,haddad.y,XNYS
T701874,2024-11-08 11:17:00,KO,BUY,3700.0,62.0134,kim.r,XNYS
T700604,2024-12-27 15:45:00,MSFT,SELL,2100.0,269.1263,silva.m,BATS
T702932,2024-12-06 15:59:00,BP.L,SELL,3700.0,4.7254,kim.r,XNAS
T701233,2024-10-31 09:55:00,GS,BUY,25.0,480.0688,novak.p,XNAS
T702427,2024-10-29 10:38:00,TSLA,BUY,2600.0,236.5061,haddad.y,XNAS
T701433,2024-12-13 10:15:00,GS,BUY,3300.0,451.3895,silva.m,DARK
T700384,2024-11-13 15:42:00,MSFT,SELL,2500.0,238.0293,okafor.a,XNAS
T701939,2024-11-21 15:47:00,KO,SELL,4300.0,61.4326,haddad.y,XNYS
T700056,2024-11-08 12:51:00,AAPL,BUY,1100.0,358.883,novak.p,XNAS
T700711,2024-11-18 11:38:00,NVDA,SELL,1100.0,1207.2565,novak.p,XNYS
T700324,2024-11-01 13:28:00,MSFT,SELL,23.0,261.111,okafor.a,DARK
T700078,2024-11-14 14:04:00,AAPL,BUY,1500.0,357.1304,kim.r,XNYS
T700540,2024-12-16 11:21:00,MSFT,BUY,1400.0,253.2249,okafor.a,XNAS
T700355,2024-11-07 11:30:00,MSFT,SELL,3900.0,244.6536,kim.r,XNAS
T702159,2024-11-06 15:35:00,PG,SELL,300.0,145.1258,novak.p,BATS
T700359,2024-11-08 09:41:00,MSFT,BUY,2200.0,246.4593,kim.r,XNAS
T701018,2024-11-19 10:33:00,JPM,SELL,1400.0,299.6616,haddad.y,DARK
T702681,2024-12-18 10:47:00,TSLA,SELL,32.0,209.8344,novak.p,XNAS
T703022,2024-12-27 14:34:00,BP.L,SELL,3500.0,4.3599,haddad.y,XNYS
T700915,2024-12-30 15:58:00,NVDA,BUY,1000.0,1064.3373,kim.r,XNYS
T700307,2024-10-30 12:46:00,MSFT,BUY,200.0,265.6788,okafor.a,DARK
T701413,2024-12-10 09:37:00,GS,BUY,3900.0,466.5303,okafor.a,DARK
T700813,2024-12-09 13:52:00,NVDA,BUY,2200.0,1124.075,silva.m,XNYS
T700041,2024-11-06 10:03:00,AAPL,SELL,44.0,354.1348,okafor.a,XNYS
T702558,2024-11-21 14:04:00,TSLA,BUY,3300.0,194.0358,haddad.y,XNYS
T701405,2024-12-06 13:31:00,GS,SELL,4300.0,503.6296,kim.r,XNYS
T701622,2024-11-19 09:51:00,XOM,BUY,3600.0,100.2742,novak.p,XNYS
T700882,2024-12-23 15:32:00,NVDA,SELL,1300.0,1073.8225,haddad.y,DARK
T700698,2024-11-14 14:22:00,NVDA,BUY,4000.0,1203.2163,kim.r,XNYS
T702751,2024-10-29 15:54:00,BP.L,SELL,900.0,4.4813,haddad.y,XNAS
T700003,2024-10-29 10:51:00,AAPL,BUY,4100.0,368.0315,haddad.y,XNAS
T700215,2024-12-13 12:42:00,AAPL,BUY,700.0,408.7151,haddad.y,XNYS
T700976,2024-11-08 15:53:00,JPM,SELL,4400.0,287.941,silva.m,XNAS
T700098,2024-11-19 09:38:00,AAPL,BUY,3600.0,364.6581,novak.p,DARK
T702859,2024-11-21 09:47:00,BP.L,SELL,100.0,4.8086,kim.r,DARK
T702342,2024-12-13 09:39:00,PG,BUY,2900.0,152.4601,novak.p,XNYS
T702742,2024-12-31 15:21:00,TSLA,SELL,1100.0,205.2842,haddad.y,XNYS
T701370,2024-11-29 15:33:00,GS,SELL,600.0,498.6227,okafor.a,XNAS
T702630,2024-12-09 15:19:00,TSLA,SELL,3300.0,211.8,novak.p,BATS
T702399,2024-12-26 12:51:00,PG,SELL,2600.0,155.2847,novak.p,DARK
T702540,2024-11-19 13:43:00,TSLA,SELL,2600.0,210.4969,kim.r,DARK
T701191,2024-12-26 10:20:00,JPM,BUY,3000.0,338.8148,novak.p,XNAS
T701724,2024-12-11 11:03:00,XOM,SELL,1500.0,93.3565,silva.m,XNYS
T701852,2024-11-05 10:50:00,KO,BUY,900.0,63.9426,haddad.y,DARK
T701516,2024-10-29 10:59:00,XOM,BUY,34.0,111.2998,kim.r,XNYS
T700700,2024-11-14 15:37:00,NVDA,SELL,4400.0,1204.2193,okafor.a,XNYS
T700455,2024-11-27 09:44:00,MSFT,BUY,1000.0,251.8622,novak.p,DARK
T702568,2024-11-25 13:17:00,TSLA,BUY,41.0,190.6757,silva.m,XNYS
T702887,2024-11-27 11:07:00,BP.L,BUY,4300.0,4.9032,okafor.a,XNYS
T700521,2024-12-11 14:27:00,MSFT,BUY,2300.0,247.154,okafor.a,BATS
T701260,2024-11-06 09:39:00,GS,BUY,700.0,453.61,haddad.y,XNAS
T702589,2024-11-29 15:35:00,TSLA,SELL,3100.0,192.4026,novak.p,XNAS
T701037,2024-11-21 15:35:00,JPM,BUY,3200.0,303.7719,kim.r,XNAS
T700389,2024-11-14 15:32:00,MSFT,SELL,100.0,236.8721,novak.p,DARK
T700951,2024-11-04 12:02:00,JPM,BUY,1100.0,300.9167,okafor.a,XNAS
T701830,2024-10-30 15:54:00,KO,BUY,4200.0,63.6047,silva.m,DARK
T700411,2024-11-19 14:40:00,MSFT,BUY,1800.0,252.8298,okafor.a,XNAS
T701825,2024-10-30 10:44:00,KO,SELL,2200.0,64.1083,silva.m,BATS
T701681,2024-12-03 10:50:00,XOM,BUY,3700.0,100.1257,okafor.a,XNYS
T701301,2024-11-14 15:12:00,GS,BUY,2100.0,476.3625,okafor.a,XNYS
T702616,2024-12-05 11:03:00,TSLA,SELL,1400.0,201.0187,novak.p,XNAS
T701296,2024-11-14 10:37:00,GS,SELL,2600.0,479.2951,haddad.y,XNAS
T701595,2024-11-13 10:52:00,XOM,BUY,11.0,96.5215,silva.m,XNYS
T701268,2024-11-07 12:21:00,GS,SELL,4000.0,471.6814,silva.m,XNAS
T702389,2024-12-23 14:34:00,PG,SELL,2800.0,151.4751,okafor.a,BATS
T702063,2024-12-18 09:42:00,KO,SELL,800.0,65.5538,novak.p,BATS
T702855,2024-11-20 14:02:00,BP.L,BUY,300.0,4.7791,okafor.a,BATS
T701021,2024-11-19 12:20:00,JPM,SELL,3500.0,299.0893,haddad.y,XNYS
T700501,2024-12-06 14:46:00,MSFT,SELL,1200.0,268.3263,novak.p,XNYS
T702903,2024-12-02 14:36:00,BP.L,BUY,20.0,4.7628,kim.r,XNAS
T700758,2024-11-27 09:38:00,NVDA,BUY,1500.0,1136.8667,haddad.y,XNAS
T702270,2024-11-29 10:47:00,PG,BUY,3500.0,147.9646,silva.m,XNAS
T700428,2024-11-22 10:45:00,MSFT,BUY,31.0,254.8946,haddad.y,XNAS
T701629,2024-11-20 09:55:00,XOM,BUY,10.0,98.3193,okafor.a,XNAS
T701317,2024-11-19 10:27:00,GS,SELL,22.0,470.4318,okafor.a,BATS
T701136,2024-12-13 12:14:00,JPM,BUY,2900.0,311.2778,kim.r,BATS
T700073,2024-11-13 12:34:00,AAPL,BUY,24.0,353.9334,haddad.y,XNAS
T700025,2024-11-01 15:06:00,AAPL,SELL,3700.0,352.5727,haddad.y,XNAS
T701821,2024-10-29 10:24:00,KO,SELL,4100.0,65.1605,silva.m,XNAS
T701344,2024-11-25 13:26:00,GS,BUY,300.0,475.1149,haddad.y,XNYS
T702357,2024-12-17 10:40:00,PG,SELL,1600.0,152.1082,novak.p,BATS
T701126,2024-12-11 15:38:00,JPM,BUY,1300.0,309.9175,okafor.a,XNYS
T701632,2024-11-20 11:12:00,XOM,SELL,8.0,99.2825,kim.r,XNAS
T701139,2024-12-13 15:50:00,JPM,SELL,6.0,313.2169,silva.m,DARK
T700505,2024-12-09 10:29:00,MSFT,BUY,1400.0,269.5348,kim.r,BATS
T701764,2024-12-18 15:28:00,XOM,SELL,34.0,95.2057,novak.p,XNAS
T701394,2024-12-05 10:23:00,GS,BUY,500.0,530.7577,okafor.a,BATS
T702393,2024-12-24 10:24:00,PG,BUY,3000.0,151.3902,kim.r,XNAS
T703000,2024-12-23 13:32:00,BP.L,BUY,3800.0,4.3888,haddad.y,XNAS
T702805,2024-11-11 10:27:00,BP.L,BUY,3100.0,4.4786,silva.m,DARK
T701809,2024-12-30 11:58:00,XOM,SELL,4400.0,97.7633,okafor.a,XNAS
T701653,2024-11-25 10:45:00,XOM,SELL,4100.0,100.9596,silva.m,XNYS
T701120,2024-12-11 09:39:00,JPM,BUY,1700.0,311.6194,okafor.a,XNYS
T701754,2024-12-17 15:00:00,XOM,SELL,2900.0,95.0435,novak.p,DARK
T700586,2024-12-24 15:20:00,MSFT,SELL,2500.0,264.44,okafor.a,XNAS
T701854,2024-11-05 14:10:00,KO,BUY,900.0,63.4457,silva.m,XNYS
T700611,2024-12-30 15:50:00,MSFT,BUY,41.0,261.9115,kim.r,XNAS
T701138,2024-12-13 13:55:00,JPM,SELL,300.0,311.4609,haddad.y,BATS
T700425,2024-11-21 14:46:00,MSFT,BUY,3200.0,256.5825,haddad.y,XNYS
T700648,2024-11-04 15:26:00,NVDA,SELL,22.0,1413.3309,haddad.y,XNAS
T701089,2024-12-04 12:58:00,JPM,BUY,600.0,302.7557,silva.m,BATS
T702513,2024-11-13 15:40:00,TSLA,BUY,43.0,212.0699,okafor.a,XNAS
T702045,2024-12-13 14:02:00,KO,SELL,41.0,64.6302,kim.r,XNYS
T701408,2024-12-09 09:59:00,GS,BUY,2700.0,488.419,kim.r,XNYS
T700565,2024-12-19 15:04:00,MSFT,BUY,2500.0,260.28,novak.p,XNAS
T701770,2024-12-19 13:22:00,XOM,SELL,900.0,94.6743,silva.m,XNYS
T700885,2024-12-24 09:45:00,NVDA,SELL,2200.0,1084.5325,novak.p,BATS
T702973,2024-12-17 11:09:00,BP.L,BUY,4400.0,4.6654,novak.p,XNAS
T702521,2024-11-14 15:31:00,TSLA,BUY,33.0,208.1352,kim.r,XNYS
T700782,2024-12-03 15:41:00,NVDA,SELL,1000.0,1090.7042,okafor.a,DARK
T702651,2024-12-12 11:16:00,TSLA,BUY,300.0,217.7724,kim.r,XNYS
T703006,2024-12-24 10:21:00,BP.L,SELL,4200.0,4.3858,kim.r,XNAS
T700629,2024-10-31 09:31:00,NVDA,SELL,3200.0,1408.5313,silva.m,XNAS
T702920,2024-12-05 10:42:00,BP.L,SELL,1000.0,4.8336,novak.p,XNYS
T702283,2024-12-02 15:44:00,PG,BUY,1600.0,151.9307,kim.r,XNYS
T700500,2024-12-06 10:54:00,MSFT,SELL,4300.0,261.6575,kim.r,XNYS
T702811,2024-11-12 11:54:00,BP.L,SELL,3100.0,4.4574,okafor.a,BATS
T702688,2024-12-19 11:45:00,TSLA,BUY,4100.0,215.1098,kim.r,BATS
T700408,2024-11-19 10:31:00,MSFT,SELL,400.0,247.6192,silva.m,XNAS
T701343,2024-11-25 11:51:00,GS,BUY,4200.0,471.9263,novak.p,XNAS
T700164,2024-12-04 12:33:00,AAPL,BUY,,386.4028,haddad.y,XNYS
T702528,2024-11-18 09:50:00,TSLA,BUY,2900.0,213.0935,silva.m,XNAS
T700243,2024-12-19 12:35:00,AAPL,BUY,4200.0,403.4656,silva.m,XNYS
T702900,2024-12-02 11:55:00,BP.L,SELL,2500.0,4.7384,haddad.y,XNYS
T702869,2024-11-22 14:12:00,BP.L,BUY,1200.0,4.914,silva.m,BATS
T701522,2024-10-29 15:46:00,XOM,SELL,1200.0,110.2157,haddad.y,XNYS
T700378,2024-11-12 15:39:00,MSFT,BUY,1800.0,240.5805,silva.m,XNYS
T701087,2024-12-04 11:35:00,JPM,BUY,37.0,303.852,novak.p,BATS
T702551,2024-11-21 09:37:00,TSLA,SELL,39.0,200.5472,haddad.y,XNAS
T702873,2024-11-25 12:24:00,BP.L,SELL,2700.0,4.8861,silva.m,XNYS
T700294,2024-12-31 13:37:00,AAPL,BUY,2000.0,399.2241,novak.p,DARK
T702244,2024-11-22 15:12:00,PG,BUY,1600.0,147.8954,kim.r,DARK
T701997,2024-12-04 15:44:00,KO,BUY,800.0,63.0045,okafor.a,XNYS
T702216,2024-11-18 10:40:00,PG,BUY,3900.0,144.7831,okafor.a,BATS
T701975,2024-11-29 15:52:00,KO,SELL,4200.0,61.6193,silva.m,BATS
T701995,2024-12-04 12:57:00,KO,BUY,4200.0,63.2636,silva.m,XNAS
T700315,2024-10-31 15:23:00,MSFT,BUY,1700.0,266.7607,kim.r,XNAS
T700528,2024-12-12 12:53:00,MSFT,BUY,2400.0,247.3851,kim.r,DARK
T703003,2024-12-23 15:27:00,BP.L,SELL,1000.0,4.3487,novak.p,XNYS
T701177,2024-12-23 13:27:00,JPM,BUY,3600.0,339.3166,okafor.a,XNAS
T700189,2024-12-09 13:42:00,AAPL,SELL,4200.0,395.6808,okafor.a,XNYS
T700027,2024-11-01 15:54:00,AAPL,BUY,35.0,352.6364,silva.m,DARK
T702030,2024-12-11 11:24:00,KO,BUY,1400.0,64.3159,haddad.y,XNYS
T700274,2024-12-26 14:32:00,AAPL,BUY,500.0,398.3709,okafor.a,XNYS
T702014,2024-12-09 11:34:00,KO,BUY,22.0,63.3955,novak.p,XNYS
T701074,2024-12-02 14:03:00,JPM,BUY,2100.0,308.0139,kim.r,XNAS
T701849,2024-11-05 10:07:00,KO,BUY,2500.0,,haddad.y,DARK
T700132,2024-11-26 12:05:00,AAPL,BUY,2400.0,366.2697,haddad.y,XNYS
T702791,2024-11-07 11:11:00,BP.L,SELL,1800.0,4.4271,haddad.y,XNYS
T701929,2024-11-20 15:27:00,KO,SELL,800.0,61.6562,novak.p,XNYS
T702004,2024-12-05 12:09:00,KO,BUY,3000.0,63.721,silva.m,XNYS
T702711,2024-12-24 11:16:00,TSLA,BUY,1100.0,,silva.m,BATS
T701334,2024-11-22 10:06:00,GS,BUY,3000.0,476.2888,haddad.y,XNAS
T702224,2024-11-19 13:49:00,PG,BUY,20.0,145.44,okafor.a,XNYS
T702741,2024-12-31 15:14:00,TSLA,SELL,2300.0,205.9094,novak.p,BATS
T702092,2024-12-24 09:33:00,KO,SELL,3800.0,,okafor.a,XNYS
T700585,2024-12-24 14:26:00,MSFT,BUY,2700.0,267.1277,haddad.y,BATS
T700837,2024-12-13 12:12:00,NVDA,SELL,200.0,1056.8133,okafor.a,XNYS
T700710,2024-11-18 10:48:00,NVDA,SELL,2900.0,1202.8619,kim.r,XNYS
T702314,2024-12-06 15:57:00,PG,BUY,3000.0,152.9713,okafor.a,XNAS
T702926,2024-12-06 10:05:00,BP.L,BUY,1800.0,4.7091,silva.m,XNYS
T701250,2024-11-04 13:58:00,GS,BUY,4100.0,479.4162,novak.p,XNAS
T700459,2024-11-27 14:07:00,MSFT,SELL,3400.0,252.6282,novak.p,DARK
T702617,2024-12-05 11:32:00,TSLA,SELL,3900.0,200.5921,silva.m,XNAS
T701437,2024-12-13 15:20:00,GS,SELL,800.0,463.4656,novak.p,
T701822,2024-10-29 10:40:00,KO,BUY,11.0,65.324,silva.m,XNYS
T701553,2024-11-05 12:40:00,XOM,SELL,4.0,98.4633,okafor.a,XNAS
T700816,2024-12-10 09:31:00,NVDA,SELL,3700.0,1123.7143,silva.m,XNYS
T703016,2024-12-26 15:46:00,BP.L,BUY,2300.0,4.2973,novak.p,BATS
T702938,2024-12-09 13:43:00,BP.L,BUY,4200.0,4.7364,silva.m,XNAS
T700957,2024-11-05 11:42:00,JPM,BUY,27.0,303.155,novak.p,XNYS
T700302,2024-10-29 15:49:00,MSFT,SELL,1500.0,271.2743,kim.r,XNYS
T700571,2024-12-20 13:20:00,MSFT,BUY,1300.0,262.4309,novak.p,XNAS
T702683,2024-12-18 13:03:00,TSLA,BUY,4300.0,213.3381,novak.p,XNYS
T702024,2024-12-10 15:13:00,KO,BUY,17.0,63.9293,kim.r,BATS
T700630,2024-10-31 09:32:00,NVDA,BUY,4000.0,,okafor.a,XNYS
T701511,2024-12-31 14:21:00,GS,SELL,3200.0,552.826,novak.p,XNAS
T702492,2024-11-08 13:57:00,TSLA,BUY,1600.0,215.6713,kim.r,BATS
T702966,2024-12-13 12:52:00,BP.L,BUY,900.0,4.7596,okafor.a,DARK
T702235,2024-11-21 10:07:00,PG,BUY,3300.0,146.5548,kim.r,XNAS
T701063,2024-11-29 11:27:00,JPM,BUY,1100.0,303.9218,kim.r,XNAS
T701873,2024-11-08 11:09:00,KO,BUY,8.0,62.2666,silva.m,DARK
T702503,2024-11-12 11:25:00,TSLA,BUY,3400.0,208.6662,silva.m,XNYS
T702808,2024-11-11 14:51:00,BP.L,BUY,28.0,4.5173,silva.m,XNAS
T702031,2024-12-11 14:29:00,KO,BUY,4100.0,64.4902,haddad.y,XNYS
T702671,2024-12-16 15:18:00,TSLA,SELL,18.0,209.3175,novak.p,XNYS
T701888,2024-11-12 11:17:00,KO,SELL,3700.0,62.9263,novak.p,DARK
T701877,2024-11-08 14:52:00,KO,BUY,7.0,62.2644,silva.m,DARK
T700923,2024-10-29 14:03:00,JPM,BUY,4.0,299.3371,novak.p,XNAS
T700722,2024-11-19 15:40:00,NVDA,SELL,2700.0,1248.1112,okafor.a,XNYS
T700059,2024-11-11 09:52:00,AAPL,BUY,200.0,353.9156,okafor.a,BATS
T702645,2024-12-11 14:47:00,TSLA,BUY,2600.0,216.6876,okafor.a,XNYS
T702466,2024-11-05 09:41:00,TSLA,BUY,300.0,235.4133,kim.r,XNYS
T702615,2024-12-05 10:10:00,TSLA,SELL,3400.0,200.539,silva.m,XNYS
T700023,2024-11-01 09:55:00,AAPL,SELL,39.0,354.2026,kim.r,BATS
T700577,2024-12-23 12:25:00,MSFT,BUY,14.0,266.7934,okafor.a,XNYS
T700683,2024-11-12 09:40:00,NVDA,BUY,3400.0,1198.448,haddad.y,XNAS
T702206,2024-11-15 11:19:00,PG,BUY,3400.0,145.5887,novak.p,BATS
T701015,2024-11-18 14:51:00,JPM,SELL,3100.0,294.8277,kim.r,XNAS
T700346,2024-11-06 11:25:00,MSFT,SELL,1400.0,249.5101,okafor.a,XNAS
T702301,2024-12-05 14:09:00,PG,BUY,4300.0,153.6026,novak.p,XNYS
T701667,2024-11-27 15:12:00,XOM,BUY,3300.0,98.6234,silva.m,XNAS
T701555,2024-11-05 15:55:00,XOM,SELL,3800.0,97.3948,novak.p,XNAS
T703024,2024-12-27 15:06:00,BP.L,BUY,3700.0,4.3297,kim.r,DARK
T700008,2024-10-30 09:55:00,AAPL,BUY,4100.0,360.2084,haddad.y,XNYS
T702987,2024-12-19 09:38:00,BP.L,BUY,4000.0,4.4886,okafor.a,XNAS
T700228,2024-12-17 12:18:00,AAPL,SELL,3600.0,396.6153,okafor.a,XNYS
T700489,2024-12-04 15:33:00,MSFT,BUY,400.0,261.9373,silva.m,XNYS
T702611,2024-12-04 15:20:00,TSLA,SELL,900.0,198.5979,okafor.a,XNAS
T701665,2024-11-27 14:06:00,XOM,SELL,5.0,99.0292,novak.p,DARK
T700829,2024-12-12 09:41:00,NVDA,SELL,600.0,1119.4054,novak.p,XNAS
T700385,2024-11-14 09:43:00,MSFT,BUY,200.0,237.7057,silva.m,XNAS
T701755,2024-12-17 15:20:00,XOM,SELL,3600.0,95.3072,kim.r,XNAS
T700449,2024-11-26 10:25:00,MSFT,SELL,3900.0,253.8467,kim.r,XNAS
T703018,2024-12-27 09:52:00,BP.L,BUY,1000.0,4.3432,okafor.a,XNAS
T700015,2024-10-31 10:57:00,AAPL,BUY,31.0,353.8591,silva.m,XNYS
T701114,2024-12-09 15:35:00,JPM,SELL,300.0,303.5145,haddad.y,BATS
T702883,2024-11-26 12:39:00,BP.L,BUY,1900.0,4.8163,okafor.a,XNAS
T701388,2024-12-04 11:39:00,GS,BUY,300.0,527.0874,okafor.a,XNYS
T702486,2024-11-07 15:01:00,TSLA,SELL,800.0,223.158,kim.r,XNAS
T701588,2024-11-12 15:18:00,XOM,SELL,4100.0,95.4361,silva.m,XNYS
T700823,2024-12-11 11:28:00,NVDA,SELL,2700.0,1107.4078,kim.r,XNAS
T702182,2024-11-11 15:23:00,PG,BUY,14.0,143.9892,okafor.a,XNAS
T702807,2024-11-11 11:21:00,BP.L,SELL,2600.0,4.5149,okafor.a,XNYS
T701226,2024-10-30 15:04:00,GS,SELL,3100.0,478.4758,novak.p,XNYS
T701974,2024-11-29 15:11:00,KO,BUY,100.0,61.7176,haddad.y,BATS
T702699,2024-12-20 13:25:00,TSLA,SELL,100.0,226.0618,okafor.a,XNYS
T702816,2024-11-12 13:26:00,BP.L,SELL,32.0,4.4503,haddad.y,BATS
T701231,2024-10-31 09:39:00,GS,SELL,3600.0,478.0308,kim.r,DARK
T701965,2024-11-27 13:45:00,KO,SELL,2700.0,61.8148,silva.m,BATS
T701009,2024-11-15 14:39:00,JPM,BUY,3500.0,296.0397,kim.r,XNYS
T702185,2024-11-12 12:43:00,PG,BUY,18.0,141.9603,silva.m,DARK
T702875,2024-11-25 14:20:00,BP.L,SELL,1600.0,4.8031,haddad.y,XNAS
T702780,2024-11-05 13:06:00,BP.L,BUY,1200.0,4.5583,novak.p,XNYS
T702825,2024-11-14 09:33:00,BP.L,BUY,1500.0,4.4836,silva.m,XNYS
T702460,2024-11-04 12:26:00,TSLA,SELL,100.0,236.2014,kim.r,BATS
T701106,2024-12-06 15:34:00,JPM,BUY,3200.0,305.7364,haddad.y,XNYS
T700497,2024-12-05 15:42:00,MSFT,SELL,40.0,258.7633,okafor.a,XNAS
T700352,2024-11-07 09:48:00,MSFT,SELL,39.0,246.6126,kim.r,DARK
T702369,2024-12-18 15:15:00,PG,SELL,4000.0,151.462,silva.m,XNYS
T700442,2024-11-25 14:02:00,MSFT,BUY,3200.0,253.7388,silva.m,BATS
T700001,2024-10-29 09:59:00,AAPL,SELL,1000.0,367.6539,silva.m,DARK
T700285,2024-12-30 12:42:00,AAPL,BUY,900.0,390.3341,silva.m,XNYS
T701560,2024-11-06 12:10:00,XOM,BUY,15.0,98.9004,okafor.a,BATS
T701646,2024-11-22 11:56:00,XOM,BUY,4400.0,101.4492,silva.m,XNYS
T700783,2024-12-03 15:58:00,NVDA,SELL,2900.0,1094.7164,haddad.y,XNAS
T700860,2024-12-18 14:43:00,NVDA,BUY,3400.0,981.2876,haddad.y,DARK
T702667,2024-12-16 10:11:00,TSLA,SELL,600.0,209.7932,okafor.a,XNYS
T702797,2024-11-07 15:51:00,BP.L,SELL,300.0,4.506,silva.m,DARK
T700348,2024-11-06 12:11:00,MSFT,BUY,2100.0,250.1655,okafor.a,XNAS
T700068,2024-11-12 15:58:00,AAPL,BUY,28.0,349.7923,silva.m,XNYS
T700403,2024-11-18 15:38:00,MSFT,SELL,400.0,247.7771,novak.p,XNAS
T702391,2024-12-24 09:32:00,PG,SELL,31.0,151.5855,novak.p,BATS
T700754,2024-11-26 15:06:00,NVDA,BUY,2700.0,1140.2842,silva.m,BATS
T700797,2024-12-05 11:59:00,NVDA,SELL,2700.0,1097.6747,haddad.y,DARK
T701050,2024-11-26 12:32:00,JPM,SELL,4100.0,309.3002,kim.r,XNAS
T702145,2024-11-04 09:50:00,PG,SELL,4000.0,145.6031,haddad.y,BATS
T702470,2024-11-05 12:10:00,TSLA,SELL,1700.0,235.1551,kim.r,XNAS
T700177,2024-12-05 15:16:00,AAPL,BUY,1300.0,394.1044,kim.r,XNAS
T700953,2024-11-04 13:39:00,JPM,SELL,2900.0,301.8755,kim.r,BATS
T701380,2024-12-03 11:33:00,GS,BUY,2700.0,516.6474,novak.p,XNYS
T702439,2024-10-30 15:03:00,TSLA,SELL,2000.0,237.6124,silva.m,BATS
T701945,2024-11-22 14:27:00,KO,SELL,100.0,61.6679,silva.m,DARK
T702134,2024-10-31 11:09:00,PG,BUY,700.0,147.631,haddad.y,DARK
T701914,2024-11-18 12:28:00,KO,SELL,3700.0,61.8797,haddad.y,XNYS
T700252,2024-12-20 12:22:00,AAPL,SELL,1100.0,398.3544,silva.m,XNAS
T701756,2024-12-17 15:25:00,XOM,BUY,2200.0,95.3731,okafor.a,XNAS
T701438,2024-12-16 09:30:00,GS,SELL,42.0,468.1822,okafor.a,BATS
T700558,2024-12-18 11:35:00,MSFT,SELL,2900.0,261.5068,okafor.a,XNYS
T701577,2024-11-08 14:11:00,XOM,SELL,3300.0,94.9355,okafor.a,DARK
T701940,2024-11-22 09:32:00,KO,SELL,3600.0,61.6669,silva.m,XNYS
T700193,2024-12-09 14:01:00,AAPL,SELL,1300.0,396.4694,okafor.a,XNAS
T702950,2024-12-11 10:14:00,BP.L,BUY,2800.0,4.7847,kim.r,XNYS
T701507,2024-12-31 09:31:00,GS,BUY,500.0,542.1724,kim.r,XNYS
T701953,2024-11-25 15:19:00,KO,BUY,2500.0,61.9175,okafor.a,XNYS
T702028,2024-12-11 09:31:00,KO,BUY,4200.0,64.0762,okafor.a,XNYS
T700244,2024-12-19 12:51:00,AAPL,BUY,1700.0,403.834,kim.r,XNAS
T700445,2024-11-25 15:29:00,MSFT,SELL,2500.0,253.8982,novak.p,BATS
T700476,2024-12-02 13:43:00,MSFT,SELL,3600.0,254.581,silva.m,XNAS
T700538,2024-12-16 10:00:00,MSFT,SELL,1100.0,252.4347,okafor.a,DARK
T701330,2024-11-21 09:56:00,GS,BUY,3000.0,464.3171,okafor.a,XNAS
T700255,2024-12-20 14:57:00,AAPL,SELL,200.0,395.1614,kim.r,XNAS
T700451,2024-11-26 13:52:00,MSFT,SELL,200.0,252.5993,novak.p,XNAS
T702818,2024-11-13 09:33:00,BP.L,BUY,3100.0,4.4722,kim.r,XNAS
T701488,2024-12-26 09:58:00,GS,SELL,1900.0,520.3555,kim.r,XNAS
T701744,2024-12-16 10:57:00,XOM,BUY,200.0,96.5427,kim.r,XNAS
T702396,2024-12-24 15:29:00,PG,BUY,1100.0,154.4278,haddad.y,XNYS
T702969,2024-12-16 13:29:00,BP.L,BUY,1800.0,4.6317,okafor.a,XNAS
T702465,2024-11-04 15:39:00,TSLA,BUY,43.0,234.2304,kim.r,XNYS
T702539,2024-11-19 12:40:00,TSLA,BUY,3400.0,210.3781,okafor.a,XNYS
T702385,2024-12-20 15:32:00,PG,SELL,2300.0,152.5449,novak.p,XNYS
T702931,2024-12-06 15:48:00,BP.L,BUY,300.0,4.7222,silva.m,DARK
T700948,2024-11-01 15:07:00,JPM,BUY,4100.0,301.1008,silva.m,XNYS
T700510,2024-12-09 15:15:00,MSFT,BUY,3000.0,260.0143,okafor.a,XNAS
T701393,2024-12-05 10:01:00,GS,BUY,900.0,532.0432,silva.m,XNAS
T701508,2024-12-31 09:43:00,GS,SELL,4400.0,543.6659,kim.r,BATS
T701915,2024-11-18 13:23:00,KO,BUY,2300.0,61.7687,silva.m,XNAS
T702438,2024-10-30 13:16:00,TSLA,BUY,1300.0,239.9177,haddad.y,BATS
T701331,2024-11-21 10:24:00,GS,SELL,3600.0,465.2157,novak.p,XNAS
T701309,2024-11-15 15:29:00,GS,SELL,3800.0,,kim.r,XNAS
T701897,2024-11-13 15:03:00,KO,SELL,1400.0,62.4313,okafor.a,XNAS
T702091,2024-12-24 09:32:00,KO,BUY,5.0,66.1519,kim.r,XNYS
T702684,2024-12-18 13:16:00,TSLA,SELL,1200.0,212.554,kim.r,BATS
T702483,2024-11-07 10:32:00,TSLA,SELL,3200.0,227.924,haddad.y,BATS
T701910,2024-11-18 10:08:00,KO,BUY,1300.0,61.6836,okafor.a,XNYS
T701949,2024-11-25 11:02:00,KO,SELL,2000.0,62.2303,silva.m,XNYS
T702480,2024-11-06 15:10:00,TSLA,BUY,300.0,226.4974,okafor.a,BATS
T702437,2024-10-30 12:15:00,TSLA,SELL,27.0,238.437,silva.m,XNAS
T700621,2024-10-29 15:00:00,NVDA,SELL,15.0,1407.1212,silva.m,BATS
T701510,2024-12-31 13:14:00,GS,BUY,500.0,552.0601,kim.r,XNAS
T701847,2024-11-05 09:33:00,KO,SELL,3900.0,63.8615,novak.p,XNYS
T701671,2024-11-29 11:44:00,XOM,BUY,3400.0,99.1573,silva.m,BATS
T701700,2024-12-06 09:49:00,XOM,SELL,8.0,95.3187,haddad.y,XNYS
T701906,2024-11-15 09:54:00,KO,SELL,1800.0,61.8631,novak.p,DARK
T701200,2024-12-27 11:54:00,JPM,BUY,38.0,335.0978,okafor.a,BATS
T702739,2024-12-31 11:41:00,TSLA,SELL,1000.0,208.1775,kim.r,XNYS
T700663,2024-11-06 15:11:00,NVDA,SELL,3700.0,1316.4012,okafor.a,XNAS
T700774,2024-12-02 15:32:00,NVDA,SELL,1900.0,1089.5729,okafor.a,BATS
T700573,2024-12-20 15:23:00,MSFT,SELL,11.0,263.391,okafor.a,XNAS
T702796,2024-11-07 15:47:00,BP.L,SELL,4000.0,4.5189,silva.m,BATS
T702375,2024-12-19 14:39:00,PG,BUY,2300.0,151.3461,kim.r,XNAS
T701868,2024-11-07 14:34:00,KO,BUY,2800.0,62.4416,haddad.y,DARK
T702666,2024-12-13 15:43:00,TSLA,BUY,2900.0,211.9896,novak.p,DARK
T701958,2024-11-26 11:06:00,KO,BUY,3800.0,62.6396,silva.m,XNYS
T701121,2024-12-11 09:48:00,JPM,SELL,500.0,311.296,novak.p,BATS
T700550,2024-12-17 14:36:00,MSFT,BUY,700.0,258.4883,okafor.a,XNYS
T702573,2024-11-26 10:03:00,TSLA,BUY,2900.0,191.4127,silva.m,BATS
T702040,2024-12-13 09:51:00,KO,SELL,700.0,64.5563,silva.m,XNAS
T700139,2024-11-27 10:49:00,AAPL,SELL,4200.0,374.8047,kim.r,XNYS
T702068,2024-12-19 09:30:00,KO,SELL,100.0,65.5505,novak.p,XNYS
T700282,2024-12-27 15:49:00,AAPL,BUY,1500.0,389.0493,okafor.a,BATS
T700258,2024-12-23 09:32:00,AAPL,BUY,200.0,396.9827,haddad.y,XNYS
T700616,2024-12-31 15:01:00,MSFT,BUY,1300.0,263.5912,haddad.y,XNYS
T701811,2024-12-30 15:18:00,XOM,SELL,3500.0,96.9203,haddad.y,DARK
T701797,2024-12-26 14:47:00,XOM,SELL,4100.0,93.5368,okafor.a,BATS
T702609,2024-12-04 13:11:00,TSLA,BUY,900.0,200.6626,silva.m,DARK
T702147,2024-11-04 13:16:00,PG,SELL,1000.0,146.553,silva.m,XNYS
T700725,2024-11-20 15:01:00,NVDA,BUY,3300.0,1233.5937,okafor.a,XNYS
T701636,2024-11-20 15:26:00,XOM,BUY,26.0,100.766,novak.p,XNAS
T702142,2024-11-01 14:36:00,PG,SELL,3900.0,144.7258,haddad.y,XNAS
T700677,2024-11-11 11:40:00,NVDA,SELL,2400.0,1236.6155,kim.r,XNAS
T702654,2024-12-12 15:35:00,TSLA,BUY,3900.0,210.5199,haddad.y,BATS
T701152,2024-12-17 15:42:00,JPM,BUY,100.0,319.3989,okafor.a,XNAS
T701937,2024-11-21 15:28:00,KO,SELL,1100.0,61.4539,haddad.y,XNYS
T700055,2024-11-08 10:52:00,AAPL,SELL,2700.0,359.8389,novak.p,DARK
T701566,2024-11-07 10:33:00,XOM,SELL,1400.0,98.3159,silva.m,XNAS
T702653,2024-12-12 13:37:00,TSLA,BUY,3400.0,214.0994,haddad.y,XNYS
T701411,2024-12-09 14:56:00,GS,BUY,2700.0,,kim.r,XNYS
T702259,2024-11-26 11:30:00,PG,SELL,15.0,147.5522,haddad.y,XNAS
T701288,2024-11-12 14:17:00,GS,SELL,900.0,472.9585,novak.p,XNYS
T700166,2024-12-04 13:48:00,AAPL,SELL,100.0,387.8145,okafor.a,XNYS
T702919,2024-12-05 09:46:00,BP.L,SELL,1400.0,4.8159,novak.p,XNAS
T700872,2024-12-20 09:57:00,NVDA,BUY,1300.0,974.1048,okafor.a,XNAS
T701361,2024-11-27 15:22:00,GS,SELL,1100.0,497.0378,okafor.a,XNAS
T700887,2024-12-24 15:06:00,NVDA,BUY,3700.0,1095.6876,novak.p,XNAS
T700888,2024-12-24 15:32:00,NVDA,BUY,3200.0,1095.9655,okafor.a,XNAS
T702408,2024-12-27 14:42:00,PG,SELL,3400.0,161.5952,kim.r,DARK
T702455,2024-11-01 14:37:00,TSLA,SELL,3000.0,233.8207,silva.m,BATS
T701819,2024-12-31 15:38:00,XOM,BUY,33.0,100.8106,silva.m,XNAS
T702856,2024-11-20 14:22:00,BP.L,SELL,500.0,4.797,haddad.y,XNYS
T700498,2024-12-05 15:45:00,MSFT,SELL,3700.0,258.7837,haddad.y,BATS
T700714,2024-11-19 10:09:00,NVDA,BUY,40.0,1250.1649,silva.m,XNYS
T702772,2024-11-04 09:33:00,BP.L,BUY,3300.0,4.5838,silva.m,XNYS
T701056,2024-11-27 12:07:00,JPM,BUY,2700.0,306.1483,haddad.y,XNYS
T702785,2024-11-06 12:09:00,BP.L,SELL,13.0,4.4006,novak.p,XNAS
T700364,2024-11-08 15:09:00,MSFT,BUY,4400.0,245.2337,okafor.a,XNAS
T701225,2024-10-30 12:50:00,GS,BUY,10.0,485.4429,kim.r,DARK
T702347,2024-12-13 15:32:00,PG,BUY,41.0,152.6727,novak.p,XNAS
T701727,2024-12-11 14:54:00,XOM,SELL,1400.0,93.4174,novak.p,XNAS
T701172,2024-12-20 13:47:00,JPM,BUY,2700.0,338.9873,kim.r,XNYS
T700592,2024-12-26 12:45:00,MSFT,SELL,2100.0,265.516,haddad.y,BATS
T700800,2024-12-05 15:35:00,NVDA,SELL,1900.0,1107.4327,novak.p,XNYS
T700617,2024-10-29 09:37:00,NVDA,BUY,2400.0,1411.724,haddad.y,XNYS
T702052,2024-12-16 13:16:00,KO,BUY,4200.0,63.9875,okafor.a,DARK
T700600,2024-12-27 13:08:00,MSFT,SELL,,268.5386,novak.p,XNAS
T700123,2024-11-25 10:16:00,AAPL,SELL,33.0,364.5794,silva.m,XNYS
T701597,2024-11-13 13:06:00,XOM,SELL,1500.0,95.8598,silva.m,XNYS
T700334,2024-11-05 09:36:00,MSFT,SELL,2500.0,254.1931,silva.m,XNYS
T701857,2024-11-06 10:01:00,KO,BUY,1000.0,63.0799,kim.r,XNYS
T702311,2024-12-06 13:50:00,PG,BUY,400.0,153.5916,kim.r,BATS
T700304,2024-10-30 11:16:00,MSFT,SELL,2800.0,268.6018,novak.p,DARK
T702445,2024-10-31 15:07:00,TSLA,SELL,36.0,235.054,novak.p,XNYS
T700980,2024-11-11 10:09:00,JPM,SELL,3200.0,285.5964,okafor.a,XNYS
T701688,2024-12-04 09:53:00,XOM,BUY,3700.0,99.5377,haddad.y,XNYS
T702714,2024-12-24 15:35:00,TSLA,BUY,4000.0,228.2781,kim.r,BATS
T702141,2024-11-01 13:29:00,PG,BUY,3500.0,145.3907,kim.r,XNYS
T700918,2024-12-31 10:38:00,NVDA,BUY,2800.0,1080.5665,novak.p,XNAS
T701079,2024-12-03 13:31:00,JPM,SELL,17.0,304.5609,haddad.y,XNAS
T701046,2024-11-25 14:51:00,JPM,SELL,650.0,309.9814,haddad.y,DARK
T700581,2024-12-23 15:46:00,MSFT,SELL,3800.0,269.446,novak.p,BATS
T702844,2024-11-18 15:48:00,BP.L,BUY,2600.0,4.6924,kim.r,DARK
T701616,2024-11-18 13:21:00,XOM,BUY,600.0,99.1869,kim.r,XNYS
T701274,2024-11-08 15:08:00,GS,BUY,37.0,477.7763,novak.p,XNYS
T701284,2024-11-11 15:37:00,GS,BUY,2200.0,479.6981,haddad.y,XNAS
T701194,2024-12-26 11:34:00,JPM,SELL,2000.0,338.2901,silva.m,DARK
T700828,2024-12-11 15:58:00,NVDA,BUY,1200.0,1123.4988,silva.m,BATS
T700991,2024-11-12 15:54:00,JPM,BUY,3200.0,291.4741,okafor.a,DARK
T701197,2024-12-26 15:30:00,JPM,BUY,600.0,337.5947,haddad.y,BATS
T701195,2024-12-26 12:04:00,JPM,SELL,1700.0,337.381,silva.m,XNYS
T701824,2024-10-29 13:33:00,KO,SELL,2200.0,64.7387,novak.p,BATS
T701879,2024-11-08 15:48:00,KO,BUY,2000.0,62.4385,silva.m,XNYS
T701861,2024-11-06 15:38:00,KO,SELL,3700.0,62.2442,novak.p,XNAS
T701350,2024-11-26 12:07:00,GS,BUY,100.0,480.4133,haddad.y,XNAS
T701527,2024-10-30 13:16:00,XOM,SELL,2700.0,107.0673,haddad.y,DARK
T701558,2024-11-06 11:32:00,XOM,BUY,5.0,98.7165,silva.m,XNYS
T702917,2024-12-04 15:57:00,BP.L,BUY,34.0,4.8184,silva.m,BATS
T702268,2024-11-27 15:52:00,PG,BUY,24.0,149.1464,silva.m,XNAS
T700409,2024-11-19 14:31:00,MSFT,SELL,2700.0,253.3434,kim.r,XNAS
T700675,2024-11-11 10:28:00,NVDA,SELL,3800.0,1246.4259,novak.p,DARK
T700297,2024-12-31 15:49:00,AAPL,SELL,600.0,404.1421,okafor.a,XNYS
T700925,2024-10-29 15:00:00,JPM,BUY,1500.0,298.5903,haddad.y,XNAS
T700022,2024-11-01 09:51:00,AAPL,BUY,3400.0,354.726,okafor.a,XNYS
T702085,2024-12-23 10:02:00,KO,SELL,3100.0,,okafor.a,XNYS
T702839,2024-11-18 09:47:00,BP.L,BUY,1800.0,4.6151,okafor.a,XNAS
T700728,2024-11-21 11:34:00,NVDA,BUY,16.0,1239.7861,novak.p,XNAS
T701621,2024-11-19 09:42:00,XOM,SELL,300.0,100.0356,silva.m,XNYS
T701346,2024-11-25 15:29:00,GS,SELL,100.0,472.3925,silva.m,XNYS
T701307,2024-11-15 13:44:00,GS,SELL,1400.0,474.5607,kim.r,BATS
T700893,2024-12-26 11:21:00,NVDA,SELL,100.0,1095.6686,novak.p,DARK
T700671,2024-11-08 10:16:00,NVDA,BUY,,1294.8777,haddad.y,XNAS
T701672,2024-11-29 12:11:00,XOM,BUY,3900.0,98.9896,haddad.y,XNAS
T701199,2024-12-27 10:06:00,JPM,BUY,2800.0,335.9192,haddad.y,XNYS
T700181,2024-12-06 10:40:00,AAPL,SELL,1700.0,396.2592,kim.r,
T701749,2024-12-16 15:47:00,XOM,BUY,1200.0,97.9209,okafor.a,BATS
T702977,2024-12-17 15:53:00,BP.L,SELL,2500.0,4.6299,okafor.a,XNAS
T700293,2024-12-31 12:59:00,AAPL,BUY,2700.0,396.0639,haddad.y,XNAS
T700201,2024-12-10 15:35:00,AAPL,SELL,36.0,394.8644,okafor.a,DARK
T702157,2024-11-06 10:06:00,PG,SELL,4300.0,143.8301,okafor.a,XNAS
T700126,2024-11-25 11:52:00,AAPL,BUY,31.0,363.6495,silva.m,XNYS
T700531,2024-12-13 09:47:00,MSFT,BUY,3000.0,249.0303,novak.p,XNYS
T701431,2024-12-12 15:25:00,GS,BUY,2300.0,446.6075,haddad.y,XNYS
T700199,2024-12-10 11:38:00,AAPL,BUY,2900.0,399.2321,silva.m,XNAS
T701497,2024-12-27 15:57:00,GS,SELL,1700.0,541.2778,haddad.y,XNYS
T702118,2024-12-31 15:13:00,KO,BUY,1100.0,69.3652,kim.r,BATS
T702390,2024-12-23 15:08:00,PG,SELL,3400.0,151.2233,silva.m,BATS
T700692,2024-11-13 15:11:00,NVDA,BUY,500.0,1207.8255,silva.m,XNYS
T700934,2024-10-30 15:49:00,JPM,SELL,2800.0,296.7959,haddad.y,XNAS
T700686,2024-11-12 14:21:00,NVDA,BUY,3400.0,1191.7175,haddad.y,BATS
T700817,2024-12-10 09:35:00,NVDA,SELL,2400.0,1126.3867,kim.r,XNAS
T700216,2024-12-13 13:32:00,AAPL,BUY,3400.0,406.8154,silva.m,XNAS
T702864,2024-11-22 09:38:00,BP.L,SELL,800.0,4.9219,silva.m,XNYS
T701277,2024-11-08 15:33:00,GS,BUY,2300.0,474.8258,novak.p,XNAS
T700152,2024-12-02 13:31:00,AAPL,SELL,32.0,379.25,haddad.y,DARK
T702639,2024-12-10 14:21:00,TSLA,BUY,100.0,211.2322,haddad.y,XNYS
T701841,2024-11-01 13:33:00,KO,BUY,2900.0,63.6805,kim.r,
T702138,2024-10-31 15:37:00,PG,SELL,3900.0,146.9381,haddad.y,BATS
T700965,2024-11-06 15:07:00,JPM,BUY,2100.0,295.2001,silva.m,BATS
T700478,2024-12-03 09:35:00,MSFT,BUY,100.0,255.9212,kim.r,XNAS
T701282,2024-11-11 12:23:00,GS,BUY,900.0,476.926,okafor.a,XNYS
T701604,2024-11-14 15:58:00,XOM,SELL,6.0,97.1106,haddad.y,XNAS
T702071,2024-12-19 11:56:00,KO,BUY,800.0,65.5858,haddad.y,XNAS
T701666,2024-11-27 14:54:00,XOM,SELL,2100.0,98.4952,haddad.y,BATS
T702885,2024-11-26 14:08:00,BP.L,BUY,3300.0,4.8959,silva.m,XNAS
T701150,2024-12-17 14:43:00,JPM,SELL,3400.0,317.2057,okafor.a,XNAS
T700812,2024-12-09 12:04:00,NVDA,SELL,14.0,1132.1527,novak.p,XNYS
T702760,2024-10-31 10:10:00,BP.L,BUY,2300.0,4.5162,kim.r,BATS
T701554,2024-11-05 14:29:00,XOM,BUY,100.0,97.8541,okafor.a,BATS
T700250,2024-12-20 10:43:00,AAPL,SELL,1700.0,399.6402,okafor.a,DARK
T700843,2024-12-16 11:16:00,NVDA,SELL,100.0,1023.7585,haddad.y,XNYS
T702436,2024-10-30 11:20:00,TSLA,BUY,11.0,235.6053,kim.r,XNAS
T701264,2024-11-06 14:43:00,GS,SELL,1900.0,467.2001,okafor.a,XNAS
T701008,2024-11-15 14:04:00,JPM,SELL,2800.0,296.5974,haddad.y,XNAS
T700327,2024-11-04 10:17:00,MSFT,SELL,3800.0,256.5379,haddad.y,XNYS
T700967,2024-11-06 15:48:00,JPM,SELL,3700.0,293.427,haddad.y,XNYS
T700949,2024-11-04 09:40:00,JPM,SELL,1800.0,,silva.m,DARK
T702614,2024-12-05 10:04:00,TSLA,BUY,1500.0,200.4001,haddad.y,BATS
T700972,2024-11-07 15:28:00,JPM,BUY,1400.0,295.5084,silva.m,DARK
T701896,2024-11-13 14:49:00,KO,BUY,2000.0,62.3307,okafor.a,BATS
T700187,2024-12-09 11:02:00,AAPL,SELL,900.0,397.5538,novak.p,BATS
T700246,2024-12-19 13:59:00,AAPL,BUY,4000.0,402.5497,kim.r,DARK
T702820,2024-11-13 11:07:00,BP.L,SELL,900.0,4.447,silva.m,XNYS
T702554,2024-11-21 10:39:00,TSLA,BUY,2900.0,197.0081,kim.r,DARK
T702970,2024-12-16 13:42:00,BP.L,SELL,3200.0,4.6304,haddad.y,DARK
T702123,2024-10-29 15:56:00,PG,BUY,3100.0,144.7935,okafor.a,XNYS
T702366,2024-12-18 11:13:00,PG,SELL,2100.0,151.6467,okafor.a,BATS
T701326,2024-11-20 12:59:00,GS,SELL,3900.0,460.5586,okafor.a,
T702096,2024-12-24 15:53:00,KO,SELL,800.0,67.4031,novak.p,XNAS
T700283,2024-12-30 12:26:00,AAPL,BUY,3900.0,391.0718,silva.m,XNYS
T702356,2024-12-17 09:54:00,PG,BUY,3100.0,151.2314,haddad.y,DARK
T700157,2024-12-03 12:52:00,AAPL,BUY,21.0,382.3658,silva.m,BATS
T702777,2024-11-05 10:22:00,BP.L,BUY,,4.543,novak.p,XNAS
T701505,2024-12-30 15:38:00,GS,BUY,4100.0,541.419,haddad.y,DARK
T700903,2024-12-27 13:53:00,NVDA,BUY,3200.0,1088.7336,silva.m,XNAS
T701345,2024-11-25 15:12:00,GS,BUY,1500.0,472.5846,silva.m,XNAS
T701269,2024-11-07 15:10:00,GS,SELL,41.0,478.2068,kim.r,XNAS
T702442,2024-10-31 12:48:00,TSLA,BUY,1300.0,242.3206,haddad.y,XNYS
T700975,2024-11-08 14:59:00,JPM,BUY,2100.0,287.177,haddad.y,XNYS
T702203,2024-11-14 14:39:00,PG,SELL,21.0,144.6675,okafor.a,DARK
T701645,2024-11-21 15:45:00,XOM,BUY,13.0,101.5274,haddad.y,BATS
T701679,2024-12-02 12:33:00,XOM,SELL,1700.0,99.8667,silva.m,DARK
T702211,2024-11-18 10:08:00,PG,SELL,3500.0,,haddad.y,DARK
T700122,2024-11-22 14:29:00,AAPL,BUY,2700.0,366.3536,okafor.a,XNAS
T702374,2024-12-19 14:22:00,PG,SELL,1800.0,151.275,silva.m,XNAS
T701072,2024-12-02 12:23:00,JPM,SELL,700.0,305.4736,novak.p,XNAS
T701534,2024-10-31 14:25:00,XOM,SELL,4100.0,105.8381,novak.p,XNAS
T701304,2024-11-15 10:33:00,GS,BUY,2800.0,476.5039,kim.r,XNAS
T702489,2024-11-08 12:02:00,TSLA,SELL,1800.0,218.192,silva.m,XNYS
T702586,2024-11-29 14:26:00,TSLA,SELL,300.0,189.5969,okafor.a,XNAS
T700417,2024-11-20 13:02:00,MSFT,BUY,3100.0,256.7362,kim.r,XNYS
T702548,2024-11-20 13:41:00,TSLA,BUY,3200.0,205.3071,silva.m,BATS
T700869,2024-12-19 15:37:00,NVDA,SELL,2600.0,967.2652,kim.r,XNYS
T702498,2024-11-11 14:07:00,TSLA,SELL,2900.0,211.8553,kim.r,BATS
T701030,2024-11-20 14:13:00,JPM,SELL,400.0,302.0336,novak.p,XNAS
T703026,2024-12-27 15:55:00,BP.L,SELL,34.0,4.3132,silva.m,XNYS
T702228,2024-11-20 10:00:00,PG,SELL,4300.0,146.1297,novak.p,XNAS
T700756,2024-11-26 15:19:00,NVDA,BUY,3700.0,1137.6639,silva.m,BATS
T701998,2024-12-05 10:30:00,KO,BUY,700.0,63.5093,okafor.a,DARK
T701701,2024-12-06 10:09:00,XOM,SELL,700.0,95.3591,okafor.a,XNYS
T701542,2024-11-01 13:35:00,XOM,BUY,500.0,104.583,novak.p,XNAS
T701156,2024-12-18 11:30:00,JPM,BUY,3800.0,321.3878,okafor.a,XNAS
T701108,2024-12-09 10:52:00,JPM,BUY,17.0,306.009,kim.r,DARK
T700067,2024-11-12 12:40:00,AAPL,SELL,3400.0,351.9468,kim.r,BATS
T702312,2024-12-06 14:53:00,PG,SELL,100.0,153.2686,okafor.a,BATS
T700332,2024-11-04 14:10:00,MSFT,SELL,3800.0,254.3559,okafor.a,BATS
T701592,2024-11-13 09:35:00,XOM,BUY,3000.0,95.792,okafor.a,
T700336,2024-11-05 10:20:00,MSFT,BUY,700.0,252.814,novak.p,XNAS
T700912,2024-12-30 13:57:00,NVDA,SELL,27.0,1065.7476,kim.r,XNAS
T701575,2024-11-08 13:26:00,XOM,SELL,7.0,95.3262,kim.r,BATS
T701536,2024-10-31 14:37:00,XOM,BUY,500.0,105.6651,haddad.y,XNAS
T702200,2024-11-14 12:05:00,PG,SELL,3900.0,144.551,haddad.y,XNAS
T700472,2024-12-02 09:39:00,MSFT,SELL,2800.0,253.7064,kim.r,XNAS
T700901,2024-12-27 12:09:00,NVDA,BUY,4100.0,1085.2939,haddad.y,XNYS
T701406,2024-12-06 15:13:00,GS,BUY,1500.0,493.9804,silva.m,XNYS
T700865,2024-12-19 09:55:00,NVDA,SELL,30.0,976.2496,haddad.y,XNYS
T701535,2024-10-31 14:29:00,XOM,BUY,1600.0,105.7245,novak.p,BATS
T700884,2024-12-23 15:40:00,NVDA,BUY,4000.0,1074.9144,silva.m,XNYS
T700477,2024-12-02 14:35:00,MSFT,SELL,1400.0,254.7454,haddad.y,XNAS
T701329,2024-11-21 09:41:00,GS,BUY,3900.0,463.0583,okafor.a,XNYS
T701342,2024-11-25 09:46:00,GS,BUY,4400.0,473.1221,kim.r,XNAS
T700741,2024-11-22 14:43:00,NVDA,SELL,500.0,1261.445,novak.p,XNYS
T702833,2024-11-15 11:17:00,BP.L,SELL,900.0,4.5128,haddad.y,XNAS
T702685,2024-12-18 15:25:00,TSLA,BUY,3000.0,215.891,silva.m,XNYS
T702838,2024-11-18 09:40:00,BP.L,SELL,2900.0,4.6458,okafor.a,XNYS
T702103,2024-12-27 10:44:00,KO,SELL,3900.0,68.778,kim.r,XNYS
T701628,2024-11-19 15:40:00,XOM,SELL,700.0,98.07,silva.m,XNAS
T702304,2024-12-05 15:31:00,PG,BUY,4300.0,153.6803,okafor.a,DARK
T701149,2024-12-17 11:01:00,JPM,SELL,500.0,316.083,silva.m,XNYS
T702490,2024-11-08 12:09:00,TSLA,SELL,100.0,217.8507,haddad.y,BATS
T701725,2024-12-11 11:15:00,XOM,BUY,1500.0,,silva.m,DARK
T700256,2024-12-20 15:31:00,AAPL,SELL,2400.0,397.499,haddad.y,XNYS
T700633,2024-10-31 11:17:00,NVDA,SELL,1100.0,1410.8004,haddad.y,XNAS
T702461,2024-11-04 12:27:00,TSLA,SELL,3400.0,236.0917,okafor.a,DARK
T700777,2024-12-02 15:59:00,NVDA,BUY,3300.0,1089.6681,haddad.y,XNAS
T702421,2024-12-31 12:48:00,PG,BUY,100.0,161.6438,okafor.a,BATS
T700557,2024-12-18 10:34:00,MSFT,BUY,400.0,260.4469,silva.m,XNAS
T702835,2024-11-15 14:21:00,BP.L,SELL,2700.0,4.551,haddad.y,DARK
T701985,2024-12-03 13:23:00,KO,SELL,32.0,62.1676,silva.m,XNYS
T700261,2024-12-23 15:14:00,AAPL,BUY,400.0,397.5579,silva.m,XNAS
T702463,2024-11-04 15:03:00,TSLA,SELL,1800.0,234.6799,silva.m,XNYS
T702485,2024-11-07 13:25:00,TSLA,BUY,23.0,223.6759,silva.m,XNYS
T701889,2024-11-12 12:33:00,KO,SELL,2400.0,62.1807,kim.r,XNAS
T702082,2024-12-23 09:41:00,KO,SELL,500.0,64.9704,okafor.a,BATS
T702800,2024-11-08 12:02:00,BP.L,BUY,3000.0,4.4701,okafor.a,XNAS
T700208,2024-12-12 09:58:00,AAPL,SELL,3200.0,406.69,haddad.y,BATS
T702728,2024-12-27 15:46:00,TSLA,BUY,25.0,208.0648,okafor.a,BATS
T701913,2024-11-18 11:54:00,KO,BUY,3400.0,61.974,kim.r,XNAS
T701606,2024-11-15 09:48:00,XOM,SELL,2400.0,96.5976,okafor.a,BATS
T701020,2024-11-19 12:12:00,JPM,SELL,2600.0,299.0747,silva.m,XNAS
T702727,2024-12-27 15:21:00,TSLA,SELL,2600.0,207.2125,novak.p,XNAS
T701403,2024-12-06 12:10:00,GS,BUY,3900.0,504.5869,kim.r,XNAS
T702099,2024-12-26 12:56:00,KO,SELL,1100.0,67.8079,kim.r,XNAS
T700209,2024-12-12 10:26:00,AAPL,SELL,400.0,405.5752,silva.m,XNAS
T700153,2024-12-02 14:55:00,AAPL,BUY,3700.0,380.1181,kim.r,XNAS
T702364,2024-12-18 10:09:00,PG,BUY,21.0,151.4378,kim.r,XNYS
T701590,2024-11-12 15:35:00,XOM,BUY,3700.0,95.3138,haddad.y,BATS
T701147,2024-12-17 09:55:00,JPM,BUY,24.0,314.8758,silva.m,XNAS
T701967,2024-11-27 15:38:00,KO,BUY,2900.0,62.0748,kim.r,XNAS
T701633,2024-11-20 11:40:00,XOM,SELL,3200.0,99.3464,kim.r,XNYS
T702089,2024-12-23 14:25:00,KO,SELL,15.0,65.4128,haddad.y,XNYS
T700597,2024-12-27 09:45:00,MSFT,BUY,13.0,265.4655,okafor.a,BATS
T701931,2024-11-20 15:51:00,KO,BUY,400.0,61.6095,haddad.y,XNAS
T701656,2024-11-25 13:31:00,XOM,BUY,3500.0,100.996,kim.r,DARK
T700680,2024-11-11 14:36:00,NVDA,SELL,1500.0,1212.7363,kim.r,BATS
T701565,2024-11-07 09:58:00,XOM,SELL,4200.0,98.9774,haddad.y,XNAS
T701328,2024-11-20 15:36:00,GS,BUY,3600.0,461.6019,silva.m,XNAS
T702087,2024-12-23 13:36:00,KO,SELL,1300.0,65.1637,kim.r,XNAS
T701518,2024-10-29 14:12:00,XOM,BUY,700.0,110.725,haddad.y,DARK
T702175,2024-11-08 15:50:00,PG,SELL,1900.0,144.6081,kim.r,BATS
T700221,2024-12-16 10:19:00,AAPL,SELL,2200.0,398.8089,novak.p,BATS
T700225,2024-12-17 09:37:00,AAPL,BUY,2600.0,399.1286,kim.r,XNYS
T702913,2024-12-04 10:58:00,BP.L,BUY,2100.0,4.8273,novak.p,BATS
T702420,2024-12-31 12:13:00,PG,SELL,4000.0,161.2125,novak.p,XNYS
T701760,2024-12-18 10:04:00,XOM,SELL,4200.0,94.6541,kim.r,XNYS
T701360,2024-11-27 15:18:00,GS,BUY,100.0,497.0707,novak.p,XNAS
T702939,2024-12-09 14:00:00,BP.L,BUY,3000.0,4.7323,okafor.a,XNAS
T702302,2024-12-05 14:33:00,PG,BUY,3100.0,153.5914,haddad.y,XNYS
T701492,2024-12-27 09:51:00,GS,SELL,3000.0,545.3009,okafor.a,XNAS
T702749,2024-10-29 14:00:00,BP.L,BUY,7.0,4.4676,kim.r,XNYS
T702263,2024-11-26 14:52:00,PG,SELL,3800.0,148.0661,silva.m,BATS
T702009,2024-12-06 11:03:00,KO,BUY,2400.0,64.0278,haddad.y,XNAS
T700205,2024-12-11 11:21:00,AAPL,BUY,3300.0,400.7435,haddad.y,XNAS
T701027,2024-11-20 11:09:00,JPM,SELL,1800.0,300.6772,kim.r,XNYS
T702779,2024-11-05 12:55:00,BP.L,BUY,2400.0,4.5794,novak.p,XNYS
T702132,2024-10-31 10:11:00,PG,BUY,38.0,146.2249,okafor.a,XNAS
T701046,2024-11-25 14:51:00,JPM,SELL,1300.0,309.9814,haddad.y,XNYS
T700693,2024-11-13 15:51:00,NVDA,SELL,300.0,1212.6913,okafor.a,XNYS
T702424,2024-12-31 15:25:00,PG,BUY,2300.0,163.4714,kim.r,XNAS
T702388,2024-12-23 14:23:00,PG,BUY,1900.0,151.8537,novak.p,BATS
T701186,2024-12-24 11:55:00,JPM,SELL,37.0,340.7764,novak.p,DARK
T701369,2024-11-29 15:16:00,GS,BUY,4100.0,498.9778,novak.p,XNYS
T701907,2024-11-15 10:35:00,KO,BUY,3100.0,62.0994,kim.r,XNAS
T700016,2024-10-31 11:41:00,AAPL,BUY,2300.0,355.5121,silva.m,XNAS
T701640,2024-11-21 11:42:00,XOM,BUY,3500.0,100.7258,kim.r,BATS
T701676,2024-12-02 09:44:00,XOM,SELL,36.0,99.7323,novak.p,XNAS
T701184,2024-12-24 10:14:00,JPM,BUY,3600.0,343.8878,silva.m,XNYS
T700656,2024-11-06 09:35:00,NVDA,BUY,2300.0,1379.7355,haddad.y,XNAS
T701571,2024-11-08 09:38:00,XOM,BUY,2100.0,97.9206,novak.p,XNYS
T701737,2024-12-12 15:58:00,XOM,BUY,5.0,95.2173,silva.m,XNAS
T701419,2024-12-11 09:49:00,GS,BUY,2300.0,450.8692,haddad.y,BATS
T700399,2024-11-18 12:11:00,MSFT,SELL,3200.0,243.1411,kim.r,XNYS
T700618,2024-10-29 13:36:00,NVDA,BUY,3400.0,1400.5136,novak.p,XNYS
T700508,2024-12-09 14:09:00,MSFT,BUY,7.0,,haddad.y,BATS
T702537,2024-11-19 10:18:00,TSLA,SELL,31.0,208.0559,okafor.a,XNYS
T700867,2024-12-19 13:16:00,NVDA,SELL,3300.0,972.4806,novak.p,DARK
T700886,2024-12-24 15:02:00,NVDA,SELL,1000.0,1095.4998,okafor.a,BATS
T702110,2024-12-30 12:51:00,KO,SELL,1900.0,68.4031,kim.r,XNYS
T700599,2024-12-27 12:49:00,MSFT,BUY,35.0,268.786,haddad.y,XNAS
T702612,2024-12-04 15:27:00,TSLA,SELL,26.0,198.2086,kim.r,DARK
T700457,2024-11-27 13:22:00,MSFT,SELL,2800.0,251.0459,silva.m,XNYS
T702149,2024-11-05 09:30:00,PG,SELL,3600.0,145.5629,okafor.a,XNYS
T701117,2024-12-10 14:11:00,JPM,SELL,1500.0,307.3903,haddad.y,XNYS
T700870,2024-12-19 15:43:00,NVDA,SELL,2700.0,968.7957,novak.p,XNYS
T700790,2024-12-04 15:13:00,NVDA,SELL,24.0,1081.7878,silva.m,XNYS
T700954,2024-11-05 09:30:00,JPM,BUY,3100.0,304.5527,haddad.y,XNAS
T700650,2024-11-05 10:10:00,NVDA,BUY,4400.0,1401.8061,silva.m,XNAS
T700733,2024-11-21 15:47:00,NVDA,SELL,2300.0,1246.3886,novak.p,XNYS
T702876,2024-11-25 14:37:00,BP.L,SELL,2100.0,4.8058,novak.p,XNYS
T700379,2024-11-13 09:35:00,MSFT,BUY,2200.0,239.8405,haddad.y,BATS
T702462,2024-11-04 14:02:00,TSLA,SELL,1000.0,234.7055,silva.m,BATS
T700956,2024-11-05 10:20:00,JPM,BUY,2200.0,303.3214,haddad.y,BATS
T700171,2024-12-05 09:50:00,AAPL,SELL,4000.0,390.5156,silva.m,XNAS
T701944,2024-11-22 13:53:00,KO,SELL,4100.0,61.981,silva.m,XNAS
T700659,2024-11-06 11:24:00,NVDA,SELL,400.0,1348.7842,okafor.a,BATS
T702120,2024-10-29 14:13:00,PG,SELL,23.0,143.8922,novak.p,BATS
T701094,2024-12-05 10:14:00,JPM,SELL,1200.0,306.7937,silva.m,XNAS
T702508,2024-11-12 15:58:00,TSLA,BUY,700.0,212.5666,novak.p,XNAS
T700642,2024-11-01 15:58:00,NVDA,BUY,4200.0,1461.2623,haddad.y,XNAS
T700168,2024-12-04 15:00:00,AAPL,SELL,2.0,389.2235,silva.m,BATS
T701517,2024-10-29 14:06:00,XOM,BUY,22.0,110.7507,okafor.a,XNYS
T701800,2024-12-27 10:11:00,XOM,SELL,4300.0,94.373,haddad.y,XNAS
T702199,2024-11-14 09:51:00,PG,BUY,2400.0,144.0188,haddad.y,BATS
T701917,2024-11-18 15:19:00,KO,BUY,700.0,61.428,okafor.a,DARK
T700272,2024-12-26 09:51:00,AAPL,BUY,2000.0,398.0618,kim.r,XNAS
T701215,2024-12-31 14:59:00,JPM,BUY,600.0,325.9399,haddad.y,XNYS
T701118,2024-12-10 14:30:00,JPM,SELL,1900.0,308.9471,okafor.a,BATS
T702530,2024-11-18 11:13:00,TSLA,BUY,30.0,212.4247,haddad.y,XNYS
T701066,2024-11-29 14:16:00,JPM,BUY,30.0,302.3661,haddad.y,XNYS
T702104,2024-12-27 12:52:00,KO,SELL,2700.0,68.9898,kim.r,DARK
T702292,2024-12-03 14:49:00,PG,SELL,2200.0,150.875,haddad.y,BATS
T702361,2024-12-17 15:57:00,PG,BUY,900.0,152.4523,novak.p,DARK
T701912,2024-11-18 11:40:00,KO,BUY,3000.0,61.9042,novak.p,XNYS
T700038,2024-11-05 13:50:00,AAPL,SELL,1000.0,356.3804,okafor.a,XNAS
T700306,2024-10-30 11:58:00,MSFT,SELL,600.0,265.2089,novak.p,XNYS
T700006,2024-10-29 14:09:00,AAPL,SELL,29.0,361.6797,okafor.a,XNAS
T700781,2024-12-03 15:29:00,NVDA,BUY,1200.0,1090.6624,haddad.y,XNAS
T701190,2024-12-26 09:37:00,JPM,SELL,3000.0,336.7395,okafor.a,XNAS
T700534,2024-12-13 10:36:00,MSFT,BUY,3600.0,249.143,haddad.y,BATS
T700583,2024-12-24 11:17:00,MSFT,BUY,800.0,268.5771,okafor.a,BATS
T702440,2024-10-30 15:14:00,TSLA,BUY,1500.0,237.9659,haddad.y,XNYS
T702996,2024-12-20 11:46:00,BP.L,SELL,3300.0,4.4024,haddad.y,XNYS
T702585,2024-11-29 14:19:00,TSLA,BUY,4100.0,189.3853,silva.m,DARK
T702802,2024-11-08 12:37:00,BP.L,BUY,5.0,4.5042,silva.m,XNYS
T702879,2024-11-26 10:13:00,BP.L,SELL,1.0,4.792,okafor.a,DARK
T700316,2024-10-31 15:24:00,MSFT,BUY,3100.0,266.7045,novak.p,XNAS
T701794,2024-12-26 13:05:00,XOM,BUY,18.0,93.9967,okafor.a,DARK
T700271,2024-12-26 09:36:00,AAPL,BUY,2800.0,397.8325,novak.p,XNAS
T700548,2024-12-17 12:32:00,MSFT,SELL,500.0,256.9944,haddad.y,XNAS
T701692,2024-12-04 15:34:00,XOM,SELL,2600.0,96.2395,novak.p,DARK
T701719,2024-12-10 15:20:00,XOM,BUY,2600.0,93.6359,silva.m,XNYS
T702812,2024-11-12 12:09:00,BP.L,BUY,3000.0,4.4655,haddad.y,DARK
T702922,2024-12-05 14:10:00,BP.L,SELL,14.0,4.7852,haddad.y,XNAS
T700598,2024-12-27 09:46:00,MSFT,SELL,3000.0,265.5794,okafor.a,XNYS
T701689,2024-12-04 10:22:00,XOM,BUY,1900.0,99.4093,kim.r,DARK
T700894,2024-12-26 11:41:00,NVDA,BUY,4000.0,1090.138,novak.p,XNYS
T702663,2024-12-13 13:07:00,TSLA,SELL,33.0,212.4416,novak.p,XNAS
T701775,2024-12-20 11:13:00,XOM,BUY,1900.0,94.1757,kim.r,XNAS
T700570,2024-12-20 10:09:00,MSFT,BUY,3600.0,259.7973,haddad.y,BATS
T701999,2024-12-05 10:48:00,KO,BUY,400.0,63.4132,novak.p,XNAS
T702122,2024-10-29 14:44:00,PG,BUY,2700.0,144.5306,novak.p,XNYS
T700061,2024-11-11 10:46:00,AAPL,BUY,4000.0,355.3557,kim.r,XNAS
T701247,2024-11-04 10:13:00,GS,SELL,2900.0,477.9494,okafor.a,XNAS
T702467,2024-11-05 09:47:00,TSLA,BUY,4100.0,236.108,haddad.y,DARK
T701259,2024-11-05 15:54:00,GS,BUY,29.0,454.1502,silva.m,XNYS
T700809,2024-12-06 15:49:00,NVDA,SELL,24.0,1156.5759,silva.m,XNYS
T701049,2024-11-26 09:42:00,JPM,BUY,4400.0,309.8378,haddad.y,XNAS
T702494,2024-11-08 15:12:00,TSLA,SELL,700.0,214.8634,silva.m,XNAS
T700107,2024-11-20 10:38:00,AAPL,BUY,2300.0,377.0741,novak.p,XNAS
T702153,2024-11-05 15:30:00,PG,SELL,19.0,143.9924,kim.r,DARK
T700673,2024-11-08 14:39:00,NVDA,SELL,1300.0,1261.9535,silva.m,XNYS
T700665,2024-11-07 12:08:00,NVDA,BUY,800.0,1297.8314,okafor.a,XNAS
T700509,2024-12-09 14:48:00,MSFT,SELL,1300.0,260.7285,kim.r,XNAS
T702179,2024-11-11 12:55:00,PG,SELL,31.0,144.042,haddad.y,XNYS
T701640,2024-11-21 11:42:00,XOM,BUY,3500.0,100.7258,kim.r,BATS
T702695,2024-12-20 10:44:00,TSLA,SELL,2500.0,223.6439,kim.r,XNYS
T701532,2024-10-31 10:03:00,XOM,BUY,2300.0,105.7221,novak.p,XNYS
T700866,2024-12-19 11:15:00,NVDA,BUY,400.0,980.0641,novak.p,XNAS
T701855,2024-11-05 14:48:00,KO,SELL,3.0,63.4578,silva.m,XNAS
T701736,2024-12-12 15:25:00,XOM,BUY,3900.0,94.8433,novak.p,XNYS
T700398,2024-11-18 11:11:00,MSFT,BUY,1800.0,241.5742,kim.r,DARK
T701060,2024-11-27 15:18:00,JPM,BUY,1300.0,305.7817,novak.p,DARK
T702105,2024-12-27 13:46:00,KO,BUY,2000.0,68.6992,kim.r,XNAS
T702784,2024-11-06 10:49:00,BP.L,BUY,10.0,4.3474,novak.p,XNYS
T701973,2024-11-29 13:09:00,KO,BUY,2000.0,62.049,haddad.y,XNYS
T700589,2024-12-26 10:13:00,MSFT,SELL,2900.0,265.3629,kim.r,XNAS
T702451,2024-11-01 09:59:00,TSLA,BUY,4300.0,231.451,novak.p,XNYS
T702676,2024-12-17 13:30:00,TSLA,SELL,3900.0,206.9016,kim.r,XNAS
T700086,2024-11-15 15:09:00,AAPL,BUY,1500.0,354.2269,okafor.a,BATS
T702948,2024-12-11 09:34:00,BP.L,BUY,700.0,4.7651,haddad.y,XNYS
T700771,2024-12-02 09:38:00,NVDA,SELL,700.0,1152.7721,haddad.y,XNAS
T702422,2024-12-31 14:23:00,PG,SELL,1200.0,162.829,novak.p,XNAS
T701249,2024-11-04 13:31:00,GS,BUY,500.0,479.4463,okafor.a,XNYS
T700708,2024-11-15 14:52:00,NVDA,BUY,4300.0,1187.1995,kim.r,XNYS
T702444,2024-10-31 14:19:00,TSLA,SELL,2900.0,236.1421,kim.r,DARK
T701860,2024-11-06 14:35:00,KO,SELL,4000.0,62.3547,novak.p,XNYS
T702128,2024-10-30 14:53:00,PG,SELL,1.0,145.0144,novak.p,XNAS
T702697,2024-12-20 12:32:00,TSLA,BUY,2600.0,223.2186,novak.p,XNAS
T700418,2024-11-20 13:08:00,MSFT,SELL,4400.0,256.4889,novak.p,XNYS
T701461,2024-12-19 11:03:00,GS,SELL,1500.0,487.6609,kim.r,XNAS
T701484,2024-12-24 15:12:00,GS,SELL,4.0,519.8996,okafor.a,BATS
T702823,2024-11-13 15:54:00,BP.L,SELL,1800.0,4.4544,haddad.y,XNAS
T702935,2024-12-09 11:41:00,BP.L,BUY,4100.0,4.7261,haddad.y,XNAS
T700851,2024-12-17 11:34:00,NVDA,BUY,11.0,977.6259,haddad.y,BATS
T701004,2024-11-15 10:11:00,JPM,SELL,1700.0,294.0205,haddad.y,BATS
T701996,2024-12-04 15:15:00,KO,SELL,1800.0,62.9415,okafor.a,XNYS
T701834,2024-10-31 15:47:00,KO,BUY,500.0,64.3659,novak.p,DARK
T702416,2024-12-30 15:14:00,PG,BUY,4200.0,159.9745,kim.r,XNAS
T700436,2024-11-22 15:45:00,MSFT,SELL,1300.0,252.0006,kim.r,XNYS
T701316,2024-11-19 09:42:00,GS,SELL,4100.0,466.0098,okafor.a,BATS
T701623,2024-11-19 09:53:00,XOM,SELL,2700.0,100.3511,novak.p,XNAS
T701480,2024-12-23 15:44:00,GS,BUY,28.0,502.8568,novak.p,XNAS
T701648,2024-11-22 14:21:00,XOM,BUY,2900.0,101.5897,silva.m,XNYS
T701003,2024-11-14 15:15:00,JPM,BUY,3200.0,293.6256,silva.m,DARK
T701278,2024-11-08 15:40:00,GS,SELL,2700.0,474.4134,okafor.a,XNAS
T701823,2024-10-29 12:36:00,KO,BUY,3700.0,65.1867,haddad.y,BATS
T702705,2024-12-23 13:30:00,TSLA,BUY,3800.0,224.5111,novak.p,XNYS
T702937,2024-12-09 12:50:00,BP.L,BUY,3000.0,4.7278,haddad.y,XNAS
T701836,2024-11-01 09:46:00,KO,SELL,700.0,64.0373,kim.r,BATS
T702893,2024-11-29 11:18:00,BP.L,BUY,4400.0,4.8071,silva.m,XNYS
T701546,2024-11-04 09:44:00,XOM,SELL,17.0,103.0281,haddad.y,XNYS
T700335,2024-11-05 09:44:00,MSFT,SELL,18.0,253.6894,kim.r,XNYS
T700088,2024-11-18 09:56:00,AAPL,BUY,300.0,356.4875,haddad.y,XNYS
T700874,2024-12-20 15:37:00,NVDA,BUY,500.0,1017.8959,silva.m,XNYS
T702679,2024-12-17 15:36:00,TSLA,SELL,1900.0,210.0972,okafor.a,BATS
T700543,2024-12-16 13:11:00,MSFT,BUY,2700.0,256.2427,okafor.a,XNYS
T701241,2024-11-01 10:13:00,GS,SELL,1100.0,490.3781,okafor.a,XNAS
T701880,2024-11-11 09:31:00,KO,BUY,1900.0,62.4185,okafor.a,XNAS
T702945,2024-12-10 15:09:00,BP.L,BUY,2100.0,4.7862,kim.r,DARK
T702541,2024-11-19 15:12:00,TSLA,BUY,2100.0,212.484,kim.r,DARK
T702269,2024-11-29 10:37:00,PG,SELL,4400.0,148.0991,kim.r,XNYS
T700319,2024-11-01 10:00:00,MSFT,BUY,1100.0,264.773,novak.p,XNAS
T700519,2024-12-11 11:00:00,MSFT,BUY,800.0,249.9982,haddad.y,DARK
T702380,2024-12-20 09:50:00,PG,SELL,2500.0,151.3257,okafor.a,XNYS
T700878,2024-12-23 09:49:00,NVDA,BUY,43.0,1024.6249,silva.m,BATS
T700825,2024-12-11 11:43:00,NVDA,SELL,4100.0,1106.2206,kim.r,XNAS
T701290,2024-11-12 15:37:00,GS,SELL,200.0,472.2984,kim.r,XNYS
T702618,2024-12-05 12:11:00,TSLA,SELL,4400.0,200.1049,silva.m,XNYS
T702764,2024-10-31 14:57:00,BP.L,BUY,1900.0,4.57,kim.r,BATS
T700138,2024-11-27 10:29:00,AAPL,BUY,3000.0,373.6718,kim.r,XNAS
T700163,2024-12-04 12:13:00,AAPL,BUY,2100.0,385.3156,haddad.y,XNYS
T701618,2024-11-18 13:53:00,XOM,BUY,300.0,99.0918,kim.r,BATS
T702882,2024-11-26 12:01:00,BP.L,BUY,1800.0,4.8097,silva.m,XNYS
T701791,2024-12-26 11:56:00,XOM,BUY,4200.0,94.5727,okafor.a,XNYS
T701045,2024-11-25 14:36:00,JPM,SELL,900.0,309.7715,kim.r,BATS
T700960,2024-11-05 15:16:00,JPM,SELL,600.0,298.3913,kim.r,BATS
T701750,2024-12-17 10:11:00,XOM,SELL,800.0,96.9602,silva.m,BATS
T702620,2024-12-05 12:47:00,TSLA,SELL,4300.0,199.6972,kim.r,DARK
T702323,2024-12-09 15:49:00,PG,BUY,2500.0,150.9941,silva.m,BATS
T701504,2024-12-30 14:38:00,GS,BUY,3800.0,538.188,kim.r,BATS
T702367,2024-12-18 11:29:00,PG,SELL,6.0,152.0846,haddad.y,BATS
T703014,2024-12-26 14:04:00,BP.L,BUY,500.0,4.2922,kim.r,XNAS
T701059,2024-11-27 14:23:00,JPM,SELL,2200.0,306.0016,silva.m,XNYS
T702776,2024-11-04 13:24:00,BP.L,SELL,2500.0,4.5874,haddad.y,XNAS
T700655,2024-11-05 15:52:00,NVDA,SELL,1600.0,1382.9025,kim.r,BATS
T702064,2024-12-18 13:25:00,KO,SELL,28.0,65.8684,kim.r,BATS
T702374,2024-12-19 14:22:00,PG,SELL,1800.0,151.275,silva.m,XNAS
T700137,2024-11-27 10:22:00,AAPL,SELL,1500.0,373.9271,haddad.y,XNAS
T702415,2024-12-30 14:37:00,PG,SELL,3800.0,160.2292,silva.m,BATS
T701976,2024-12-02 10:06:00,KO,SELL,6.0,61.5357,okafor.a,XNYS
T701581,2024-11-11 12:43:00,XOM,SELL,1700.0,94.7987,novak.p,XNAS
T700697,2024-11-14 13:36:00,NVDA,BUY,300.0,1208.3519,haddad.y,BATS
T701097,2024-12-05 15:45:00,JPM,BUY,3300.0,302.1579,novak.p,BATS
T702329,2024-12-10 14:21:00,PG,SELL,26.0,151.3793,novak.p,DARK
T702669,2024-12-16 13:25:00,TSLA,SELL,100.0,212.5325,kim.r,XNYS
T701392,2024-12-05 09:57:00,GS,BUY,3700.0,532.3912,silva.m,XNAS
T702980,2024-12-18 09:38:00,BP.L,SELL,2400.0,4.6548,haddad.y,BATS
T701266,2024-11-07 11:08:00,GS,SELL,2300.0,469.1564,okafor.a,XNAS
T700135,2024-11-26 15:14:00,AAPL,SELL,12.0,374.1365,kim.r,XNYS
T701169,2024-12-20 11:48:00,JPM,SELL,3200.0,333.7858,haddad.y,XNYS
T702135,2024-10-31 14:04:00,PG,SELL,2900.0,147.5777,silva.m,XNYS
T701503,2024-12-30 14:37:00,GS,SELL,2700.0,538.1753,silva.m,XNYS
T701362,2024-11-27 15:42:00,GS,BUY,4100.0,495.7841,okafor.a,BATS
T702453,2024-11-01 13:23:00,TSLA,SELL,2400.0,235.3274,haddad.y,XNAS
T700148,2024-11-29 15:21:00,AAPL,SELL,1400.0,376.0519,kim.r,BATS
T700303,2024-10-30 10:08:00,MSFT,BUY,1600.0,270.7752,silva.m,XNYS
T701017,2024-11-18 15:48:00,JPM,BUY,3300.0,296.3262,novak.p,XNAS
T701924,2024-11-19 14:29:00,KO,SELL,1400.0,61.0575,haddad.y,BATS
T701052,2024-11-26 14:06:00,JPM,SELL,1900.0,307.4333,haddad.y,XNYS
T702787,2024-11-06 13:52:00,BP.L,BUY,1400.0,4.3847,novak.p,BATS
T702409,2024-12-27 15:43:00,PG,BUY,1800.0,161.2073,haddad.y,XNYS
T701904,2024-11-14 13:25:00,KO,SELL,2400.0,61.6626,haddad.y,BATS
T702658,2024-12-13 09:30:00,TSLA,BUY,2600.0,212.3224,haddad.y,BATS
T700198,2024-12-10 10:14:00,AAPL,BUY,3800.0,396.6851,okafor.a,XNAS
T701768,2024-12-19 11:05:00,XOM,SELL,11.0,95.6143,silva.m,XNYS
T702240,2024-11-21 14:53:00,PG,BUY,2800.0,147.1171,kim.r,XNAS
T700404,2024-11-18 15:56:00,MSFT,BUY,2700.0,248.6061,kim.r,XNYS
T702713,2024-12-24 13:42:00,TSLA,BUY,2400.0,226.1484,novak.p,XNAS
T702737,2024-12-31 10:57:00,TSLA,BUY,12.0,208.2735,silva.m,XNAS
T700483,2024-12-03 14:44:00,MSFT,BUY,1300.0,255.3702,kim.r,BATS
T701182,2024-12-24 09:30:00,JPM,BUY,3800.0,340.8122,novak.p,XNAS
T701339,2024-11-22 13:37:00,GS,BUY,400.0,475.1647,kim.r,DARK
T701280,2024-11-11 11:22:00,GS,BUY,2800.0,475.1054,haddad.y,XNYS
T701031,2024-11-21 09:30:00,JPM,BUY,3900.0,301.743,silva.m,XNAS
T700791,2024-12-04 15:53:00,NVDA,BUY,300.0,1080.9515,silva.m,BATS
T700799,2024-12-05 15:04:00,NVDA,SELL,4400.0,1106.1598,silva.m,XNAS
T701201,2024-12-27 14:12:00,JPM,BUY,3900.0,334.5286,novak.p,BATS
T700422,2024-11-21 09:49:00,MSFT,SELL,900.0,258.722,okafor.a,XNAS
T703037,2024-12-31 15:25:00,BP.L,SELL,4100.0,4.3122,novak.p,BATS
T701883,2024-11-11 10:10:00,KO,SELL,31.0,62.3239,silva.m,BATS
T703008,2024-12-24 15:13:00,BP.L,SELL,2600.0,4.3645,novak.p,XNYS
T701479,2024-12-23 14:54:00,GS,SELL,22.0,501.3712,silva.m,XNAS
T701928,2024-11-20 13:33:00,KO,SELL,2600.0,61.7038,novak.p,DARK
T702571,2024-11-25 14:53:00,TSLA,SELL,1500.0,191.7685,okafor.a,XNAS
T701529,2024-10-30 15:25:00,XOM,SELL,1200.0,105.7964,novak.p,BATS
T700902,2024-12-27 12:28:00,NVDA,SELL,800.0,1084.9736,kim.r,XNYS
T700685,2024-11-12 11:47:00,NVDA,SELL,900.0,1187.1946,novak.p,XNAS
T701551,2024-11-05 09:36:00,XOM,BUY,1400.0,100.4388,novak.p,DARK
T700159,2024-12-03 15:01:00,AAPL,SELL,38.0,382.3681,okafor.a,XNYS
T700999,2024-11-14 11:25:00,JPM,SELL,16.0,294.634,kim.r,BATS
T702499,2024-11-11 14:34:00,TSLA,BUY,2500.0,212.7244,novak.p,BATS
T702878,2024-11-26 09:50:00,BP.L,SELL,1000.0,4.8041,haddad.y,XNYS
T702250,2024-11-25 13:30:00,PG,BUY,1500.0,147.0692,silva.m,XNYS
T700112,2024-11-21 10:21:00,AAPL,SELL,43.0,376.1554,silva.m,XNAS
T702904,2024-12-03 09:35:00,BP.L,BUY,1000.0,4.759,silva.m,XNYS
T701446,2024-12-16 15:55:00,GS,SELL,17.0,478.4955,haddad.y,XNYS
T701952,2024-11-25 12:59:00,KO,SELL,600.0,62.2942,kim.r,BATS
T700922,2024-10-29 13:22:00,JPM,SELL,500.0,299.7838,okafor.a,
T701624,2024-11-19 09:55:00,XOM,SELL,37.0,100.1088,silva.m,BATS
T702634,2024-12-10 10:11:00,TSLA,BUY,600.0,213.0011,kim.r,XNAS
T701319,2024-11-19 15:10:00,GS,BUY,8.0,465.1179,haddad.y,BATS
T701663,2024-11-26 15:25:00,XOM,SELL,700.0,99.394,silva.m,XNYS
T700815,2024-12-09 15:44:00,NVDA,SELL,4300.0,1126.5045,haddad.y,DARK
T702266,2024-11-27 12:05:00,PG,SELL,3200.0,148.3884,silva.m,XNYS
T701473,2024-12-20 15:59:00,GS,SELL,3300.0,496.7565,okafor.a,BATS
T701773,2024-12-20 10:14:00,XOM,BUY,3000.0,94.1986,silva.m,XNAS
T700679,2024-11-11 13:55:00,NVDA,SELL,200.0,1212.0703,haddad.y,XNYS
T702610,2024-12-04 15:14:00,TSLA,SELL,1000.0,198.5822,novak.p,BATS
T701093,2024-12-05 09:43:00,JPM,BUY,500.0,307.2348,okafor.a,XNYS
T700080,2024-11-15 09:41:00,AAPL,BUY,400.0,358.4869,novak.p,BATS
T701950,2024-11-25 11:38:00,KO,BUY,200.0,62.3845,silva.m,BATS
T702511,2024-11-13 14:42:00,TSLA,SELL,500.0,211.9715,silva.m,DARK
T701239,2024-10-31 15:33:00,GS,BUY,2800.0,493.4024,okafor.a,XNYS
T700329,2024-11-04 12:23:00,MSFT,BUY,700.0,256.1863,novak.p,BATS
T700242,2024-12-19 09:35:00,AAPL,BUY,1000.0,403.255,novak.p,BATS
T700641,2024-11-01 15:57:00,NVDA,BUY,1400.0,1460.1567,haddad.y,XNYS
T700696,2024-11-14 11:37:00,NVDA,SELL,3700.0,1212.6885,okafor.a,BATS
T702257,2024-11-26 10:34:00,PG,SELL,9.0,147.1434,okafor.a,XNYS
T700753,2024-11-26 10:07:00,NVDA,BUY,3300.0,1199.1277,silva.m,XNYS
T700435,2024-11-22 15:41:00,MSFT,SELL,3600.0,252.0861,novak.p,BATS
T701563,2024-11-06 15:32:00,XOM,SELL,2600.0,98.7457,kim.r,BATS
T701934,2024-11-21 11:14:00,KO,SELL,8.0,61.2161,novak.p,XNAS
T702817,2024-11-12 15:52:00,BP.L,BUY,2500.0,4.4569,novak.p,XNAS
T701712,2024-12-09 13:23:00,XOM,SELL,27.0,94.2397,okafor.a,BATS
T700551,2024-12-17 14:49:00,MSFT,SELL,1300.0,258.9919,okafor.a,BATS
T702659,2024-12-13 09:54:00,TSLA,SELL,600.0,211.8025,silva.m,BATS
T700601,2024-12-27 14:22:00,MSFT,SELL,1300.0,268.5577,haddad.y,DARK
T701964,2024-11-27 13:33:00,KO,SELL,2000.0,61.6986,novak.p,BATS
T701013,2024-11-18 11:41:00,JPM,BUY,4400.0,296.4663,kim.r,XNAS
T702514,2024-11-14 09:41:00,TSLA,SELL,4.0,213.1565,kim.r,XNYS
T701427,2024-12-12 10:13:00,GS,BUY,3700.0,446.7638,silva.m,BATS
T702012,2024-12-06 15:26:00,KO,BUY,4400.0,63.66,haddad.y,XNYS
T701386,2024-12-04 09:33:00,GS,BUY,3600.0,529.7862,novak.p,DARK
T701295,2024-11-13 13:45:00,GS,SELL,2400.0,475.911,okafor.a,DARK
T700466,2024-11-29 14:13:00,MSFT,BUY,3700.0,252.7448,kim.r,XNAS
T701499,2024-12-30 09:56:00,GS,BUY,2200.0,541.6451,silva.m,XNAS
T702625,2024-12-06 14:22:00,TSLA,BUY,6.0,201.3348,haddad.y,XNAS
T702995,2024-12-20 10:08:00,BP.L,SELL,2100.0,4.3846,okafor.a,XNAS
T700277,2024-12-27 09:30:00,AAPL,BUY,2100.0,395.4611,silva.m,XNYS
T701069,2024-11-29 15:42:00,JPM,BUY,3600.0,302.5997,kim.r,XNYS
T701548,2024-11-04 10:58:00,XOM,BUY,2000.0,102.1767,silva.m,BATS
T701024,2024-11-20 09:31:00,JPM,BUY,25.0,300.5612,haddad.y,XNYS
T701465,2024-12-19 15:16:00,GS,SELL,4300.0,479.7523,novak.p,XNAS
T700940,2024-10-31 15:57:00,JPM,SELL,1000.0,295.1171,okafor.a,XNYS
T701466,2024-12-19 15:34:00,GS,BUY,38.0,478.6362,novak.p,BATS
T701323,2024-11-20 10:14:00,GS,SELL,2600.0,462.0931,haddad.y,XNYS
T701399,2024-12-05 15:29:00,GS,BUY,800.0,514.5021,haddad.y,XNYS
T702531,2024-11-18 12:02:00,TSLA,SELL,1800.0,213.7314,kim.r,XNAS
T701449,2024-12-17 13:50:00,GS,SELL,2200.0,483.3655,haddad.y,
T700906,2024-12-27 15:34:00,NVDA,BUY,2100.0,1091.6641,kim.r,XNYS
T702730,2024-12-30 09:35:00,TSLA,BUY,2400.0,208.8002,kim.r,BATS
T701895,2024-11-13 13:06:00,KO,BUY,800.0,62.1257,silva.m,DARK
T700388,2024-11-14 15:28:00,MSFT,BUY,19.0,236.8517,okafor.a,DARK
T702070,2024-12-19 10:30:00,KO,BUY,1600.0,65.6124,silva.m,XNYS
T702414,2024-12-30 14:22:00,PG,BUY,3100.0,159.8689,silva.m,XNAS
T702172,2024-11-08 15:39:00,PG,SELL,3400.0,144.8529,novak.p,XNYS
T700880,2024-12-23 10:34:00,NVDA,SELL,100.0,1036.0089,silva.m,XNAS
T703009,2024-12-24 15:52:00,BP.L,BUY,2500.0,4.3413,silva.m,XNYS
T700050,2024-11-07 13:13:00,AAPL,BUY,2000.0,359.9685,haddad.y,XNAS
T701887,2024-11-12 09:43:00,KO,SELL,31.0,63.0402,silva.m,BATS
T701702,2024-12-06 10:11:00,XOM,SELL,4100.0,95.2934,okafor.a,XNAS
T700133,2024-11-26 12:57:00,AAPL,BUY,3300.0,371.2275,novak.p,BATS
T701105,2024-12-06 14:24:00,JPM,SELL,2000.0,305.9113,novak.p,XNAS
T700703,2024-11-15 09:41:00,NVDA,BUY,4400.0,1205.1645,silva.m,XNYS
T700482,2024-12-03 13:29:00,MSFT,BUY,1900.0,256.7268,kim.r,BATS
T701145,2024-12-16 14:25:00,JPM,BUY,2300.0,313.9401,haddad.y,BATS
T702038,2024-12-12 15:35:00,KO,BUY,800.0,64.3679,kim.r,XNAS
T702998,2024-12-20 15:36:00,BP.L,BUY,2900.0,4.3842,silva.m,XNAS
T700066,2024-11-12 10:57:00,AAPL,BUY,2300.0,352.4629,haddad.y,XNYS
T702313,2024-12-06 15:24:00,PG,SELL,4.0,153.2202,haddad.y,DARK
T702691,2024-12-19 15:16:00,TSLA,BUY,400.0,220.2227,kim.r,XNYS
T700907,2024-12-30 09:31:00,NVDA,BUY,1500.0,1090.4344,kim.r,XNYS
T700031,2024-11-04 10:55:00,AAPL,BUY,900.0,352.7345,okafor.a,XNAS
T702890,2024-11-27 14:03:00,BP.L,SELL,1500.0,4.8672,haddad.y,XNAS
T700010,2024-10-30 11:33:00,AAPL,BUY,3300.0,359.5329,okafor.a,XNYS
T700064,2024-11-12 09:54:00,AAPL,SELL,1000.0,353.9955,novak.p,BATS
T700776,2024-12-02 15:56:00,NVDA,BUY,4.0,1089.5954,haddad.y,BATS
T700077,2024-11-14 11:10:00,AAPL,SELL,200.0,354.5552,silva.m,XNAS
T700491,2024-12-04 15:54:00,MSFT,SELL,4000.0,262.4206,okafor.a,BATS
T702672,2024-12-16 15:43:00,TSLA,BUY,700.0,207.8401,okafor.a,BATS
T702113,2024-12-30 14:13:00,KO,SELL,1300.0,68.558,okafor.a,DARK
T702814,2024-11-12 12:50:00,BP.L,SELL,2500.0,4.4669,kim.r,XNYS
T702344,2024-12-13 12:01:00,PG,BUY,4000.0,152.5176,novak.p,XNYS
T700591,2024-12-26 11:39:00,MSFT,BUY,2200.0,262.7913,silva.m,BATS
T701285,2024-11-12 09:35:00,GS,BUY,2800.0,479.2305,okafor.a,XNYS
T702857,2024-11-20 15:32:00,BP.L,SELL,1800.0,4.7803,okafor.a,XNYS
T700724,2024-11-20 13:16:00,NVDA,SELL,2600.0,1245.3458,silva.m,XNYS
T702862,2024-11-21 14:58:00,BP.L,BUY,100.0,4.8965,silva.m,XNAS
T701212,2024-12-31 09:58:00,JPM,BUY,44.0,332.675,haddad.y,BATS
T702299,2024-12-05 11:55:00,PG,SELL,2500.0,152.1607,kim.r,XNAS
T702629,2024-12-09 14:00:00,TSLA,BUY,41.0,207.1608,novak.p,XNYS
T701637,2024-11-21 10:03:00,XOM,SELL,600.0,101.3431,okafor.a,XNYS
T702910,2024-12-03 15:21:00,BP.L,BUY,1000.0,4.8192,silva.m,DARK
T702990,2024-12-19 12:40:00,BP.L,SELL,100.0,4.5056,novak.p,XNAS
T700982,2024-11-11 13:21:00,JPM,SELL,3200.0,284.4868,novak.p,BATS
T700706,2024-11-15 12:27:00,NVDA,BUY,1900.0,1202.9892,kim.r,XNAS
T701687,2024-12-03 15:16:00,XOM,BUY,300.0,99.6731,novak.p,XNYS
T702670,2024-12-16 14:27:00,TSLA,SELL,800.0,210.1146,silva.m,BATS
T700273,2024-12-26 14:26:00,AAPL,SELL,,398.2061,novak.p,XNYS
T701709,2024-12-09 09:56:00,XOM,BUY,4200.0,93.9679,kim.r,XNAS
T702792,2024-11-07 11:29:00,BP.L,SELL,700.0,4.4442,novak.p,XNYS
T700963,2024-11-06 12:33:00,JPM,BUY,3900.0,297.4171,okafor.a,XNYS
T702562,2024-11-22 13:10:00,TSLA,SELL,9.0,193.831,novak.p,XNAS
T702909,2024-12-03 14:00:00,BP.L,SELL,4300.0,4.83,kim.r,BATS
T703028,2024-12-30 10:13:00,BP.L,SELL,3600.0,4.311,okafor.a,XNYS
T702459,2024-11-04 11:11:00,TSLA,SELL,4400.0,236.1,silva.m,XNAS
T702712,2024-12-24 12:31:00,TSLA,BUY,41.0,226.6841,novak.p,XNYS
T702605,2024-12-04 10:04:00,TSLA,BUY,4400.0,199.9269,kim.r,XNAS
T701452,2024-12-18 09:45:00,GS,BUY,600.0,485.4935,silva.m,XNAS
T700149,2024-12-02 09:52:00,AAPL,BUY,3900.0,375.8432,kim.r,BATS
T701757,2024-12-18 09:32:00,XOM,BUY,400.0,94.8441,novak.p,XNYS
T700218,2024-12-16 09:40:00,AAPL,BUY,1300.0,400.1029,kim.r,DARK
T700239,2024-12-18 13:44:00,AAPL,BUY,2200.0,399.2215,kim.r,XNAS
T701131,2024-12-12 10:27:00,JPM,BUY,1000.0,309.9762,silva.m,BATS
T702757,2024-10-30 15:12:00,BP.L,SELL,2200.0,4.4489,silva.m,BATS
T702239,2024-11-21 14:24:00,PG,SELL,35.0,146.479,silva.m,XNYS
T702381,2024-12-20 10:01:00,PG,SELL,1300.0,151.4929,novak.p,XNYS
T701253,2024-11-05 11:31:00,GS,BUY,2300.0,467.7061,haddad.y,XNYS
T701053,2024-11-26 15:59:00,JPM,BUY,19.0,306.082,kim.r,BATS
T701668,2024-11-27 15:35:00,XOM,SELL,16.0,98.7518,silva.m,XNAS
T702594,2024-12-02 12:10:00,TSLA,BUY,27.0,193.5374,kim.r,XNAS
T703033,2024-12-31 09:30:00,BP.L,BUY,1300.0,4.2878,okafor.a,BATS
T701357,2024-11-27 13:15:00,GS,SELL,500.0,493.792,okafor.a,XNAS
T700775,2024-12-02 15:49:00,NVDA,SELL,3200.0,1087.1236,kim.r,BATS
T702673,2024-12-17 09:54:00,TSLA,SELL,500.0,209.5484,okafor.a,XNAS
T700839,2024-12-13 13:50:00,NVDA,BUY,4200.0,1053.281,haddad.y,BATS
T700627,2024-10-30 13:57:00,NVDA,BUY,300.0,1397.6461,haddad.y,BATS
T700323,2024-11-01 12:53:00,MSFT,SELL,2800.0,262.1651,silva.m,XNYS
T702769,2024-11-01 15:39:00,BP.L,SELL,1800.0,4.6135,kim.r,XNYS
T702999,2024-12-20 15:47:00,BP.L,BUY,2600.0,4.4032,kim.r,XNYS
T701867,2024-11-07 14:14:00,KO,SELL,25.0,62.3383,okafor.a,XNYS
T701160,2024-12-19 09:42:00,JPM,BUY,4300.0,336.3171,okafor.a,XNAS
T701076,2024-12-02 15:58:00,JPM,BUY,4400.0,306.8095,okafor.a,XNYS
T700437,2024-11-25 09:35:00,MSFT,SELL,19.0,251.724,silva.m,XNAS
T700119,2024-11-22 10:01:00,AAPL,BUY,28.0,370.0411,okafor.a,XNYS
T702698,2024-12-20 12:52:00,TSLA,SELL,300.0,223.991,haddad.y,BATS
T702522,2024-11-14 15:50:00,TSLA,BUY,3200.0,206.9285,haddad.y,XNYS
T702703,2024-12-23 10:30:00,TSLA,SELL,4400.0,225.0558,silva.m,XNYS
T701814,2024-12-31 11:17:00,XOM,BUY,2400.0,96.9935,haddad.y,XNAS
T701839,2024-11-01 12:00:00,KO,BUY,3200.0,63.6169,novak.p,XNYS
T701026,2024-11-20 09:57:00,JPM,BUY,2200.0,299.4881,silva.m,XNYS
T700076,2024-11-14 10:51:00,AAPL,BUY,3900.0,353.3027,novak.p,XNYS
T700900,2024-12-27 09:30:00,NVDA,BUY,2800.0,1085.3976,silva.m,DARK
T700371,2024-11-12 11:55:00,MSFT,BUY,3800.0,245.4993,haddad.y,BATS
T701204,2024-12-30 10:38:00,JPM,BUY,2400.0,332.7494,silva.m,XNYS
T702619,2024-12-05 12:19:00,TSLA,SELL,2900.0,200.3129,novak.p,XNYS
T700941,2024-11-01 10:01:00,JPM,SELL,4300.0,295.9091,okafor.a,XNAS
T700552,2024-12-17 15:34:00,MSFT,BUY,1000.0,260.4753,silva.m,XNAS
T700406,2024-11-19 09:36:00,MSFT,SELL,4400.0,249.1639,haddad.y,XNYS
T702117,2024-12-31 14:48:00,KO,SELL,3300.0,69.4329,novak.p,XNYS
T701613,2024-11-18 10:13:00,XOM,BUY,40.0,97.8255,silva.m,DARK
T700968,2024-11-07 10:20:00,JPM,SELL,300.0,293.0128,haddad.y,XNAS
T702349,2024-12-16 09:53:00,PG,BUY,1600.0,152.7774,haddad.y,BATS
T701746,2024-12-16 14:49:00,XOM,BUY,1200.0,98.4517,okafor.a,XNAS
T700689,2024-11-13 09:41:00,NVDA,SELL,3900.0,1187.538,kim.r,XNAS
T701738,2024-12-13 09:43:00,XOM,BUY,1900.0,95.271,okafor.a,BATS
T700236,2024-12-18 10:24:00,AAPL,BUY,4300.0,402.0738,novak.p,BATS
T702927,2024-12-06 13:33:00,BP.L,SELL,1000.0,4.633,kim.r,XNYS
T701986,2024-12-03 13:43:00,KO,BUY,1300.0,62.4827,novak.p,BATS
T701983,2024-12-03 12:05:00,KO,SELL,19.0,61.9117,okafor.a,XNYS
T700499,2024-12-06 09:56:00,MSFT,BUY,2.0,259.6788,haddad.y,DARK
T700822,2024-12-11 10:46:00,NVDA,BUY,4400.0,1106.0979,haddad.y,XNAS
T700794,2024-12-05 09:50:00,NVDA,BUY,1700.0,1081.8414,haddad.y,BATS
T700990,2024-11-12 15:53:00,JPM,BUY,500.0,291.259,okafor.a,XNAS
T700567,2024-12-19 15:51:00,MSFT,SELL,1500.0,260.2577,silva.m,XNYS
T702435,2024-10-30 09:39:00,TSLA,BUY,800.0,237.0893,kim.r,XNYS
T700390,2024-11-15 09:54:00,MSFT,SELL,2400.0,237.5786,haddad.y,BATS
T700743,2024-11-22 15:41:00,NVDA,BUY,31.0,1257.4678,novak.p,BATS
T702400,2024-12-26 13:07:00,PG,SELL,1900.0,155.1141,novak.p,XNYS
T701217,2024-10-29 11:11:00,GS,SELL,2400.0,476.3608,silva.m,XNYS
T700235,2024-12-18 09:40:00,AAPL,SELL,4400.0,401.1971,okafor.a,DARK
T702824,2024-11-14 09:32:00,BP.L,SELL,3500.0,4.4631,silva.m,XNAS
T700480,2024-12-03 11:49:00,MSFT,SELL,200.0,254.17,haddad.y,XNYS
T702042,2024-12-13 10:53:00,KO,SELL,1800.0,64.6656,haddad.y,XNAS
T701677,2024-12-02 10:38:00,XOM,BUY,3900.0,100.0669,novak.p,XNYS
T702804,2024-11-11 10:04:00,BP.L,SELL,1600.0,4.4664,silva.m,XNYS
T702957,2024-12-12 14:10:00,BP.L,SELL,1900.0,4.7534,kim.r,XNYS
T702646,2024-12-11 15:32:00,TSLA,BUY,3000.0,216.8747,novak.p,XNYS
T702707,2024-12-23 14:42:00,TSLA,BUY,31.0,220.7528,kim.r,XNYS
T700120,2024-11-22 10:13:00,AAPL,SELL,100.0,369.64,kim.r,XNYS
T702841,2024-11-18 12:26:00,BP.L,SELL,4300.0,4.6279,kim.r,XNAS
T701272,2024-11-08 13:46:00,GS,BUY,2100.0,477.4233,silva.m,XNYS
T700926,2024-10-29 15:55:00,JPM,BUY,13.0,298.1038,kim.r,XNAS
T701594,2024-11-13 09:48:00,XOM,SELL,100.0,95.8768,novak.p,XNAS
T700223,2024-12-16 15:12:00,AAPL,BUY,2700.0,399.4825,okafor.a,DARK
T700766,2024-11-29 11:06:00,NVDA,SELL,4200.0,1130.9885,silva.m,BATS
T700613,2024-12-31 10:05:00,MSFT,BUY,300.0,262.6032,kim.r,DARK
T701245,2024-11-01 14:46:00,GS,SELL,2100.0,478.9938,novak.p,XNYS
T701540,2024-11-01 11:39:00,XOM,BUY,300.0,105.459,haddad.y,XNAS
T700052,2024-11-07 13:58:00,AAPL,SELL,25.0,360.198,kim.r,BATS
T700529,2024-12-12 14:27:00,MSFT,BUY,4400.0,248.1675,haddad.y,BATS
T702533,2024-11-18 14:06:00,TSLA,SELL,2100.0,210.9577,silva.m,BATS
T701899,2024-11-14 09:37:00,KO,BUY,1400.0,62.4828,silva.m,DARK
T703001,2024-12-23 13:33:00,BP.L,SELL,2700.0,4.3935,okafor.a,XNYS
T700818,2024-12-10 10:04:00,NVDA,SELL,27.0,1125.9535,novak.p,XNAS
T700155,2024-12-02 15:56:00,AAPL,BUY,4100.0,380.0148,kim.r,XNAS
T702946,2024-12-10 15:48:00,BP.L,SELL,1100.0,4.7716,haddad.y,XNAS
T700248,2024-12-19 15:03:00,AAPL,BUY,1600.0,399.5953,haddad.y,XNYS
T700761,2024-11-27 12:16:00,NVDA,SELL,26.0,1127.6457,haddad.y,XNAS
T701894,2024-11-13 10:27:00,KO,BUY,15.0,62.0276,haddad.y,XNYS
T702029,2024-12-11 10:56:00,KO,BUY,100.0,64.4268,kim.r,BATS
T701130,2024-12-12 10:03:00,JPM,SELL,1400.0,310.4308,haddad.y,DARK
T700542,2024-12-16 12:46:00,MSFT,SELL,2000.0,256.1948,kim.r,XNAS
T700793,2024-12-05 09:37:00,NVDA,SELL,2900.0,1081.2338,okafor.a,BATS
T701725,2024-12-11 11:15:00,XOM,BUY,3000.0,93.1246,silva.m,BATS
T700628,2024-10-30 15:11:00,NVDA,SELL,10.0,1402.0941,okafor.a,BATS
T702198,2024-11-13 15:29:00,PG,SELL,2100.0,143.8811,silva.m,XNAS
T702768,2024-11-01 15:07:00,BP.L,BUY,2800.0,4.5987,okafor.a,XNAS
T702339,2024-12-12 14:37:00,PG,BUY,1800.0,152.4752,okafor.a,BATS
T702429,2024-10-29 12:05:00,TSLA,BUY,1000.0,239.0151,novak.p,XNAS
T702915,2024-12-04 12:40:00,BP.L,SELL,4300.0,4.7888,okafor.a,DARK
T701367,2024-11-29 13:07:00,GS,SELL,3500.0,493.7174,haddad.y,DARK
T701620,2024-11-19 09:31:00,XOM,SELL,3100.0,100.5335,kim.r,DARK
T702852,2024-11-20 11:53:00,BP.L,BUY,1900.0,4.754,okafor.a,XNYS
T701071,2024-12-02 10:34:00,JPM,BUY,400.0,301.7117,novak.p,BATS
T700554,2024-12-18 09:32:00,MSFT,SELL,4000.0,260.7026,novak.p,XNYS
T701828,2024-10-30 15:34:00,KO,SELL,2100.0,63.6144,novak.p,BATS
T700826,2024-12-11 12:17:00,NVDA,BUY,1100.0,1107.4692,kim.r,XNYS
T702745,2024-10-29 09:49:00,BP.L,SELL,700.0,4.4897,novak.p,DARK
T701984,2024-12-03 12:14:00,KO,BUY,35.0,61.9035,novak.p,XNYS
T701837,2024-11-01 10:49:00,KO,BUY,2100.0,64.1377,haddad.y,XNYS
T700535,2024-12-13 12:24:00,MSFT,SELL,11.0,250.2276,okafor.a,XNYS
T702737,2024-12-31 10:57:00,TSLA,BUY,12.0,208.2735,silva.m,XNAS
T700154,2024-12-02 15:23:00,AAPL,SELL,3400.0,379.9116,novak.p,DARK
T702644,2024-12-11 13:17:00,TSLA,SELL,3800.0,216.1182,okafor.a,XNAS
T702881,2024-11-26 10:49:00,BP.L,SELL,2600.0,4.805,silva.m,XNAS
T700322,2024-11-01 12:27:00,MSFT,SELL,900.0,261.518,silva.m,XNYS
T701710,2024-12-09 12:36:00,XOM,BUY,400.0,94.3704,kim.r,BATS
T700014,2024-10-31 10:17:00,AAPL,BUY,2200.0,353.8162,silva.m,BATS
T701798,2024-12-26 15:25:00,XOM,BUY,13.0,93.6947,okafor.a,XNYS
T702884,2024-11-26 13:37:00,BP.L,SELL,3700.0,4.9033,kim.r,XNYS
T700082,2024-11-15 11:15:00,AAPL,BUY,3700.0,355.1118,kim.r,BATS
T702560,2024-11-22 10:18:00,TSLA,SELL,4200.0,191.1207,okafor.a,XNAS
T701943,2024-11-22 10:16:00,KO,SELL,2300.0,62.0562,kim.r,BATS
T701988,2024-12-03 14:50:00,KO,BUY,900.0,62.6839,okafor.a,XNAS
T701383,2024-12-03 13:08:00,GS,BUY,2100.0,520.551,novak.p,XNAS
T701574,2024-11-08 12:37:00,XOM,SELL,100.0,96.193,okafor.a,XNYS
T702058,2024-12-17 13:40:00,KO,SELL,4300.0,64.8356,haddad.y,XNAS
T702949,2024-12-11 09:54:00,BP.L,SELL,2800.0,4.759,haddad.y,DARK
T701494,2024-12-27 10:17:00,GS,BUY,2300.0,547.0176,kim.r,XNAS
T700831,2024-12-12 10:54:00,NVDA,BUY,3900.0,1111.3723,haddad.y,BATS
T702080,2024-12-20 14:43:00,KO,BUY,1600.0,65.1684,novak.p,DARK
T701174,2024-12-23 10:40:00,JPM,BUY,900.0,341.2329,haddad.y,XNYS
T700413,2024-11-19 15:49:00,MSFT,BUY,2300.0,254.4942,kim.r,XNAS
T701817,2024-12-31 14:00:00,XOM,BUY,3600.0,99.0566,haddad.y,BATS
T700165,2024-12-04 12:48:00,AAPL,BUY,3300.0,385.8101,silva.m,XNYS
T702642,2024-12-11 10:10:00,TSLA,BUY,200.0,212.1534,haddad.y,XNAS
T702992,2024-12-19 13:55:00,BP.L,BUY,11.0,4.431,kim.r,DARK
T700614,2024-12-31 10:27:00,MSFT,BUY,2600.0,262.5801,novak.p,XNAS
T701014,2024-11-18 13:27:00,JPM,BUY,1000.0,294.7285,okafor.a,BATS
T702137,2024-10-31 14:54:00,PG,SELL,200.0,146.7932,novak.p,XNAS
T702813,2024-11-12 12:21:00,BP.L,BUY,3100.0,4.491,silva.m,XNYS
T701237,2024-10-31 14:31:00,GS,BUY,3400.0,488.5056,kim.r,XNAS
T702181,2024-11-11 15:19:00,PG,BUY,1.0,144.0601,silva.m,XNYS
T700555,2024-12-18 09:52:00,MSFT,BUY,4300.0,259.9955,silva.m,XNYS
T702368,2024-12-18 12:22:00,PG,BUY,35.0,151.7687,okafor.a,XNAS
T702874,2024-11-25 13:48:00,BP.L,SELL,200.0,4.7954,silva.m,DARK
T701211,2024-12-31 09:50:00,JPM,BUY,36.0,332.7817,kim.r,XNYS
T703029,2024-12-30 12:11:00,BP.L,BUY,600.0,4.2509,okafor.a,XNAS
T700634,2024-10-31 12:11:00,NVDA,SELL,2800.0,1414.4242,okafor.a,XNAS
T702600,2024-12-03 12:19:00,TSLA,BUY,3900.0,199.7708,novak.p,XNYS
T701055,2024-11-27 12:00:00,JPM,BUY,2800.0,305.865,okafor.a,XNAS
T702340,2024-12-12 15:31:00,PG,BUY,3500.0,152.7621,novak.p,XNYS
T701708,2024-12-06 15:51:00,XOM,BUY,4100.0,94.2805,okafor.a,XNAS
T700796,2024-12-05 11:07:00,NVDA,SELL,4400.0,1085.7942,okafor.a,BATS
T702827,2024-11-14 11:52:00,BP.L,BUY,3000.0,4.4828,kim.r,XNYS
T700174,2024-12-05 13:54:00,AAPL,SELL,2300.0,392.1139,kim.r,XNYS
T700245,2024-12-19 13:34:00,AAPL,SELL,3800.0,402.782,kim.r,XNYS
T701080,2024-12-03 13:40:00,JPM,SELL,2000.0,304.8762,haddad.y,XNAS
T701654,2024-11-25 12:33:00,XOM,BUY,1100.0,100.9315,kim.r,XNYS
T703032,2024-12-30 15:51:00,BP.L,BUY,3000.0,4.2823,kim.r,DARK
T700144,2024-11-29 10:59:00,AAPL,SELL,1700.0,374.3687,haddad.y,XNAS
T700145,2024-11-29 12:36:00,AAPL,SELL,2100.0,375.5451,novak.p,XNAS
T700090,2024-11-18 10:31:00,AAPL,BUY,1800.0,358.6773,okafor.a,XNYS
T700682,2024-11-11 15:55:00,NVDA,BUY,1800.0,1202.0851,haddad.y,XNAS
T700310,2024-10-30 15:49:00,MSFT,BUY,100.0,264.811,kim.r,XNAS
T700093,2024-11-18 14:39:00,AAPL,SELL,32.0,362.5378,okafor.a,XNAS
T702710,2024-12-24 09:30:00,TSLA,SELL,4400.0,223.4343,novak.p,XNYS
T701956,2024-11-26 09:46:00,KO,BUY,600.0,61.8725,silva.m,DARK
T700924,2024-10-29 14:11:00,JPM,SELL,1900.0,300.6286,novak.p,XNAS
T702810,2024-11-12 11:39:00,BP.L,BUY,7.0,4.4767,haddad.y,XNAS
T701909,2024-11-15 13:26:00,KO,SELL,2100.0,61.8213,kim.r,XNYS
T701035,2024-11-21 12:29:00,JPM,BUY,37.0,303.0819,okafor.a,XNYS
T701400,2024-12-06 09:46:00,GS,BUY,3800.0,512.4924,haddad.y,XNYS
T702291,2024-12-03 14:47:00,PG,SELL,700.0,150.7629,novak.p,DARK
T701500,2024-12-30 10:13:00,GS,SELL,1900.0,539.9305,haddad.y,XNYS
T702262,2024-11-26 14:05:00,PG,BUY,300.0,148.8038,okafor.a,DARK
T701468,2024-12-20 13:21:00,GS,SELL,1100.0,484.641,kim.r,BATS
T700998,2024-11-14 10:26:00,JPM,BUY,800.0,293.1497,kim.r,BATS
T700853,2024-12-17 12:46:00,NVDA,SELL,900.0,978.3102,okafor.a,XNYS
T702473,2024-11-05 14:10:00,TSLA,SELL,3500.0,237.4244,haddad.y,XNYS
T702204,2024-11-14 15:39:00,PG,SELL,1100.0,145.7082,kim.r,BATS
T701142,2024-12-16 11:14:00,JPM,BUY,1800.0,311.9274,kim.r,XNAS
T701143,2024-12-16 12:30:00,JPM,BUY,1500.0,313.6702,kim.r,XNAS
T702274,2024-11-29 15:30:00,PG,BUY,2100.0,150.2188,haddad.y,XNAS
T702048,2024-12-13 15:52:00,KO,BUY,300.0,64.6273,silva.m,BATS
T700401,2024-11-18 13:30:00,MSFT,SELL,18.0,244.3581,silva.m,XNYS
T701103,2024-12-06 13:30:00,JPM,BUY,4000.0,304.0792,novak.p,XNYS
T700084,2024-11-15 11:36:00,AAPL,SELL,2900.0,353.7993,haddad.y,DARK
T702210,2024-11-15 15:13:00,PG,BUY,2200.0,144.5421,silva.m,XNYS
T702952,2024-12-11 13:27:00,BP.L,SELL,8.0,4.8145,haddad.y,DARK
T700114,2024-11-21 13:01:00,AAPL,SELL,3600.0,376.5581,silva.m,BATS
T702674,2024-12-17 10:28:00,TSLA,BUY,36.0,208.819,kim.r,DARK
T701585,2024-11-12 09:53:00,XOM,BUY,2900.0,94.5196,novak.p,XNAS
T701567,2024-11-07 13:06:00,XOM,SELL,3900.0,97.6194,silva.m,BATS
T701501,2024-12-30 11:00:00,GS,BUY,4300.0,538.2062,silva.m,XNAS
T701660,2024-11-26 10:47:00,XOM,BUY,30.0,99.7367,haddad.y,XNAS
T701556,2024-11-06 09:31:00,XOM,BUY,1600.0,97.578,novak.p,XNAS
T702007,2024-12-06 09:36:00,KO,SELL,500.0,63.753,haddad.y,XNAS
T700625,2024-10-30 13:40:00,NVDA,SELL,2800.0,1401.0678,kim.r,XNAS
T701885,2024-11-11 14:09:00,KO,BUY,1900.0,62.9769,silva.m,BATS
T701866,2024-11-07 12:32:00,KO,SELL,1200.0,62.331,haddad.y,BATS
T700952,2024-11-04 12:25:00,JPM,SELL,3500.0,303.4736,kim.r,DARK
T702306,2024-12-06 09:50:00,PG,BUY,100.0,153.9633,okafor.a,XNAS
T700624,2024-10-30 13:08:00,NVDA,BUY,3800.0,1406.7498,silva.m,BATS
T700234,2024-12-18 09:37:00,AAPL,SELL,3300.0,401.7199,kim.r,XNAS
T702183,2024-11-11 15:53:00,PG,SELL,4300.0,142.8985,silva.m,DARK
T702664,2024-12-13 13:33:00,TSLA,BUY,3600.0,214.3876,novak.p,XNYS
T702034,2024-12-12 12:39:00,KO,BUY,200.0,64.5234,silva.m,
T701826,2024-10-30 11:41:00,KO,BUY,3100.0,63.681,novak.p,BATS
T702907,2024-12-03 11:59:00,BP.L,SELL,,4.7906,novak.p,XNAS
T702640,2024-12-10 15:22:00,TSLA,SELL,4200.0,214.0945,okafor.a,XNAS
T701314,2024-11-18 13:21:00,GS,BUY,42.0,472.4241,kim.r,BATS
T701525,2024-10-30 11:09:00,XOM,SELL,2100.0,108.6465,silva.m,XNYS
T701562,2024-11-06 15:31:00,XOM,BUY,2300.0,98.7289,haddad.y,XNAS
T701752,2024-12-17 11:15:00,XOM,SELL,2500.0,96.315,okafor.a,XNYS
T701605,2024-11-15 09:31:00,XOM,BUY,19.0,97.1206,haddad.y,XNAS
T700343,2024-11-06 09:34:00,MSFT,SELL,2000.0,250.6261,novak.p,XNYS
T700505,2024-12-09 10:29:00,MSFT,BUY,1400.0,269.5348,kim.r,BATS
T702341,2024-12-12 15:42:00,PG,SELL,42.0,152.8116,silva.m,XNAS
T702412,2024-12-30 13:27:00,PG,SELL,3200.0,160.1776,haddad.y,XNAS
T702226,2024-11-19 15:43:00,PG,BUY,2100.0,145.6738,silva.m,DARK
T700996,2024-11-13 15:20:00,JPM,BUY,1800.0,291.6476,okafor.a,XNYS
T702062,2024-12-17 15:57:00,KO,BUY,1400.0,65.6441,okafor.a,XNAS
T701110,2024-12-09 11:19:00,JPM,BUY,2500.0,306.4035,haddad.y,XNYS
T702213,2024-11-18 10:12:00,PG,SELL,39.0,144.5386,kim.r,DARK
T701359,2024-11-27 14:23:00,GS,SELL,37.0,494.8014,silva.m,XNAS
T702107,2024-12-27 15:43:00,KO,SELL,2900.0,68.1608,silva.m,XNAS
T700709,2024-11-18 09:38:00,NVDA,BUY,3500.0,1193.0576,okafor.a,XNAS
T701878,2024-11-08 15:33:00,KO,BUY,1.0,62.1803,novak.p,XNAS
T701378,2024-12-02 15:26:00,GS,BUY,1500.0,510.7872,kim.r,BATS
T700424,2024-11-21 14:41:00,MSFT,BUY,12.0,256.5229,kim.r,DARK
T700292,2024-12-31 09:58:00,AAPL,BUY,4400.0,,silva.m,XNYS
T701065,2024-11-29 12:47:00,JPM,BUY,3000.0,301.5562,haddad.y,DARK
T702377,2024-12-19 15:19:00,PG,SELL,2900.0,150.9369,kim.r,XNAS
T701638,2024-11-21 10:31:00,XOM,BUY,2100.0,101.0456,okafor.a,XNAS
T702477,2024-11-06 12:05:00,TSLA,SELL,2000.0,227.3101,okafor.a,BATS
T701012,2024-11-18 10:36:00,JPM,BUY,2600.0,295.6589,novak.p,XNAS
T702127,2024-10-30 13:21:00,PG,SELL,2700.0,144.6383,novak.p,XNYS
T701717,2024-12-10 14:23:00,XOM,BUY,200.0,93.3798,haddad.y,BATS
T700937,2024-10-31 13:11:00,JPM,BUY,1600.0,295.3261,silva.m,XNAS
T700834,2024-12-13 09:51:00,NVDA,SELL,2000.0,1068.892,haddad.y,XNAS
T700254,2024-12-20 14:36:00,AAPL,BUY,2600.0,395.6636,kim.r,XNAS
T701482,2024-12-24 12:46:00,GS,BUY,1400.0,512.1485,novak.p,BATS
T701937,2024-11-21 15:28:00,KO,SELL,1100.0,61.4539,haddad.y,XNYS
T701407,2024-12-09 09:49:00,GS,SELL,,488.9782,novak.p,BATS
T702974,2024-12-17 13:40:00,BP.L,BUY,2300.0,4.6965,kim.r,XNAS
T702184,2024-11-12 11:01:00,PG,SELL,3000.0,142.3689,kim.r,XNYS
T700723,2024-11-20 10:31:00,NVDA,BUY,1000.0,1247.3874,novak.p,XNYS
T700969,2024-11-07 10:38:00,JPM,BUY,1900.0,293.1245,haddad.y,XNAS
T700496,2024-12-05 14:09:00,MSFT,SELL,3500.0,258.9013,silva.m,XNAS
T700950,2024-11-04 11:36:00,JPM,BUY,33.0,301.6811,okafor.a,XNAS
T700805,2024-12-06 12:09:00,NVDA,BUY,10.0,1125.1415,kim.r,XNYS
T701829,2024-10-30 15:49:00,KO,BUY,100.0,63.5036,silva.m,XNYS
T702177,2024-11-11 10:42:00,PG,BUY,2900.0,144.2142,kim.r,
T701739,2024-12-13 10:18:00,XOM,BUY,3200.0,95.2334,haddad.y,XNAS
T700337,2024-11-05 10:22:00,MSFT,BUY,3000.0,253.0018,novak.p,XNAS
T700730,2024-11-21 13:12:00,NVDA,BUY,26.0,1233.055,haddad.y,XNYS
T700608,2024-12-30 12:27:00,MSFT,BUY,2400.0,265.5724,novak.p,DARK
T701148,2024-12-17 10:15:00,JPM,SELL,2600.0,314.2385,novak.p,BATS
T702243,2024-11-22 15:01:00,PG,BUY,3600.0,147.7521,novak.p,XNAS
T701713,2024-12-09 15:10:00,XOM,BUY,41.0,93.4089,silva.m,XNAS
T702004,2024-12-05 12:09:00,KO,BUY,3000.0,63.721,silva.m,XNYS
T700909,2024-12-30 10:35:00,NVDA,SELL,2500.0,1083.6392,novak.p,DARK
T702632,2024-12-10 09:42:00,TSLA,BUY,300.0,213.2014,novak.p,XNYS
T702151,2024-11-05 14:34:00,PG,BUY,3600.0,144.0058,okafor.a,XNAS
T702010,2024-12-06 12:42:00,KO,BUY,4300.0,63.9916,kim.r,XNAS
T702491,2024-11-08 13:05:00,TSLA,SELL,35.0,216.5825,okafor.a,XNAS
T701810,2024-12-30 13:10:00,XOM,SELL,2300.0,96.9945,silva.m,XNYS
T701994,2024-12-04 10:48:00,KO,BUY,2700.0,63.1038,silva.m,XNAS
T700719,2024-11-19 15:32:00,NVDA,SELL,3000.0,1250.7312,silva.m,XNAS
T701569,2024-11-07 13:27:00,XOM,SELL,500.0,97.7792,kim.r,XNAS
T702275,2024-11-29 15:56:00,PG,SELL,1900.0,150.5146,novak.p,BATS
T700434,2024-11-22 15:36:00,MSFT,BUY,1200.0,252.3762,kim.r,XNAS
T701299,2024-11-14 14:21:00,GS,BUY,800.0,478.2576,novak.p,XNYS
T702174,2024-11-08 15:45:00,PG,BUY,400.0,144.7864,haddad.y,BATS
T700405,2024-11-19 09:30:00,MSFT,SELL,3100.0,248.8265,kim.r,XNAS
T700821,2024-12-10 15:46:00,NVDA,SELL,1.0,1107.5569,haddad.y,XNYS
T701789,2024-12-24 14:58:00,XOM,BUY,34.0,94.2915,haddad.y,XNYS
T702976,2024-12-17 15:39:00,BP.L,BUY,3000.0,4.6445,okafor.a,DARK
T702351,2024-12-16 10:50:00,PG,BUY,2200.0,152.9352,novak.p,XNAS
T702315,2024-12-09 09:48:00,PG,SELL,9.0,153.7028,silva.m,XNAS
T701858,2024-11-06 10:26:00,KO,BUY,4300.0,63.199,silva.m,XNAS
T701557,2024-11-06 10:48:00,XOM,SELL,4400.0,98.6152,okafor.a,XNYS
T700545,2024-12-17 09:30:00,MSFT,SELL,33.0,257.9076,silva.m,XNAS
T700212,2024-12-12 12:06:00,AAPL,BUY,4200.0,405.6422,silva.m,BATS
T700896,2024-12-26 13:38:00,NVDA,SELL,600.0,1096.3554,okafor.a,XNAS
T701941,2024-11-22 09:49:00,KO,BUY,4200.0,61.8597,kim.r,XNYS
T701891,2024-11-12 15:33:00,KO,SELL,4200.0,61.5698,haddad.y,XNYS
T700916,2024-12-31 09:31:00,NVDA,SELL,3600.0,1062.9921,silva.m,BATS
T702723,2024-12-27 13:36:00,TSLA,SELL,3600.0,212.9842,novak.p,XNYS
T701289,2024-11-12 14:18:00,GS,BUY,2400.0,472.2333,silva.m,XNAS
T700814,2024-12-09 15:43:00,NVDA,BUY,3100.0,1125.493,novak.p,BATS
T701265,2024-11-07 09:42:00,GS,BUY,3500.0,469.8389,novak.p,XNAS
T700342,2024-11-05 13:21:00,MSFT,BUY,3200.0,,okafor.a,XNYS
T702597,2024-12-02 15:37:00,TSLA,BUY,2400.0,196.4763,silva.m,XNYS
T701410,2024-12-09 12:18:00,GS,BUY,4100.0,484.8938,okafor.a,DARK
T701214,2024-12-31 12:34:00,JPM,BUY,1.0,327.8957,silva.m,XNYS
T700966,2024-11-06 15:11:00,JPM,SELL,1700.0,294.9936,haddad.y,XNAS
T701230,2024-10-30 15:34:00,GS,SELL,2600.0,478.5807,silva.m,XNAS
T702343,2024-12-13 11:57:00,PG,BUY,23.0,152.5318,silva.m,
T700695,2024-11-14 11:04:00,NVDA,SELL,4300.0,1208.5109,novak.p,XNAS
T702121,2024-10-29 14:33:00,PG,BUY,1600.0,144.3633,kim.r,DARK
T700605,2024-12-30 09:36:00,MSFT,SELL,38.0,268.4638,okafor.a,BATS
T700104,2024-11-19 15:52:00,AAPL,BUY,1000.0,378.0742,okafor.a,DARK
T700645,2024-11-04 11:37:00,NVDA,SELL,14.0,1452.7739,silva.m,BATS
T701404,2024-12-06 13:20:00,GS,SELL,4300.0,503.3477,haddad.y,BATS
T700494,2024-12-05 12:09:00,MSFT,BUY,2200.0,259.5401,silva.m,XNYS
T702487,2024-11-07 15:20:00,TSLA,BUY,2900.0,223.8713,haddad.y,DARK
T701019,2024-11-19 11:25:00,JPM,BUY,2900.0,299.6053,silva.m,BATS
T700091,2024-11-18 11:31:00,AAPL,BUY,3900.0,358.7876,novak.p,XNAS
T701112,2024-12-09 14:40:00,JPM,SELL,24.0,303.8808,silva.m,XNYS
T700908,2024-12-30 09:47:00,NVDA,SELL,1800.0,1087.1542,kim.r,XNYS
T701474,2024-12-23 09:33:00,GS,BUY,1900.0,497.9608,haddad.y,XNYS
T701741,2024-12-13 14:29:00,XOM,BUY,39.0,96.0917,kim.r,XNYS
T702150,2024-11-05 09:45:00,PG,SELL,37.0,145.5227,okafor.a,XNAS
T700238,2024-12-18 12:27:00,AAPL,SELL,3700.0,400.2738,okafor.a,DARK
T700942,2024-11-01 10:13:00,JPM,SELL,1100.0,296.3464,okafor.a,XNAS
T701270,2024-11-08 09:50:00,GS,SELL,600.0,481.5368,silva.m,XNYS
T700938,2024-10-31 13:21:00,JPM,BUY,1800.0,294.85,okafor.a,BATS
T701424,2024-12-11 11:33:00,GS,BUY,40.0,450.831,kim.r,XNYS
T701862,2024-11-07 09:40:00,KO,BUY,900.0,62.7536,kim.r,XNYS
T701669,2024-11-27 15:50:00,XOM,SELL,1800.0,98.934,okafor.a,DARK
T700005,2024-10-29 13:36:00,AAPL,BUY,2100.0,362.2198,kim.r,XNAS
T700247,2024-12-19 14:02:00,AAPL,SELL,4000.0,401.7096,haddad.y,XNYS
T700018,2024-10-31 14:22:00,AAPL,BUY,2500.0,357.7556,haddad.y,XNYS
T702169,2024-11-07 15:50:00,PG,SELL,200.0,143.7104,kim.r,BATS
T701970,2024-11-29 10:23:00,KO,SELL,1600.0,61.9077,novak.p,XNAS
T702709,2024-12-23 15:57:00,TSLA,SELL,3200.0,,silva.m,XNYS
T702232,2024-11-20 13:07:00,PG,SELL,2100.0,146.3954,kim.r,BATS
T702322,2024-12-09 15:22:00,PG,BUY,1500.0,151.1582,kim.r,DARK
T702481,2024-11-07 10:01:00,TSLA,SELL,3800.0,228.2207,novak.p,XNAS
T700811,2024-12-09 11:42:00,NVDA,SELL,1600.0,1133.0571,okafor.a,DARK
T701300,2024-11-14 14:46:00,GS,BUY,200.0,476.0766,haddad.y,BATS
T701335,2024-11-22 10:39:00,GS,BUY,2300.0,473.7485,silva.m,DARK
T702962,2024-12-13 11:23:00,BP.L,BUY,3200.0,4.7847,kim.r,DARK
T700260,2024-12-23 13:39:00,AAPL,SELL,43.0,395.8788,kim.r,XNYS
T701804,2024-12-27 13:40:00,XOM,BUY,3500.0,96.0317,kim.r,XNAS
T701570,2024-11-07 14:52:00,XOM,BUY,2400.0,98.3223,novak.p,XNYS
T702229,2024-11-20 10:20:00,PG,SELL,4300.0,146.243,silva.m,XNAS
T700184,2024-12-06 14:56:00,AAPL,BUY,2000.0,394.6177,novak.p,XNYS
T702454,2024-11-01 13:45:00,TSLA,SELL,4300.0,232.9046,novak.p,XNYS
T701743,2024-12-13 14:45:00,XOM,BUY,1800.0,96.1031,novak.p,XNYS
T701630,2024-11-20 10:17:00,XOM,BUY,1300.0,98.3172,haddad.y,BATS
T701716,2024-12-10 11:01:00,XOM,BUY,4200.0,93.6252,haddad.y,XNAS
T700520,2024-12-11 13:32:00,MSFT,SELL,3400.0,248.2999,okafor.a,XNYS
T702428,2024-10-29 10:59:00,TSLA,SELL,500.0,237.6365,okafor.a,XNAS
T702016,2024-12-09 14:04:00,KO,SELL,8.0,63.8594,okafor.a,XNAS
T701658,2024-11-26 09:45:00,XOM,BUY,800.0,99.6289,haddad.y,BATS
T701612,2024-11-18 10:06:00,XOM,SELL,3500.0,97.7817,silva.m,XNAS
T702475,2024-11-06 10:45:00,TSLA,BUY,1600.0,232.5007,kim.r,XNYS
T702126,2024-10-30 11:23:00,PG,SELL,8.0,144.4534,novak.p,XNAS
T702642,2024-12-11 10:10:00,TSLA,BUY,200.0,212.1534,haddad.y,XNAS
T700607,2024-12-30 11:39:00,MSFT,SELL,3600.0,265.9479,silva.m,XNAS
T700230,2024-12-17 14:50:00,AAPL,SELL,4200.0,400.6495,kim.r,XNAS
T700331,2024-11-04 13:07:00,MSFT,BUY,400.0,256.0583,haddad.y,XNAS
T701440,2024-12-16 11:57:00,GS,SELL,1300.0,472.9109,kim.r,XNAS
T701927,2024-11-20 12:56:00,KO,BUY,2400.0,61.767,okafor.a,XNYS
T701091,2024-12-04 15:59:00,JPM,SELL,900.0,307.35,novak.p,XNYS
T701101,2024-12-06 10:32:00,JPM,BUY,400.0,301.4384,haddad.y,XNAS
T701129,2024-12-12 09:42:00,JPM,BUY,3500.0,311.5782,haddad.y,XNYS
T700461,2024-11-27 15:47:00,MSFT,SELL,3700.0,252.175,novak.p,XNYS
T700958,2024-11-05 14:45:00,JPM,BUY,3900.0,299.7635,haddad.y,XNAS
T701662,2024-11-26 15:16:00,XOM,SELL,3600.0,99.1809,haddad.y,BATS
T700559,2024-12-18 15:49:00,MSFT,SELL,600.0,262.4758,novak.p,DARK
T702738,2024-12-31 11:07:00,TSLA,BUY,500.0,207.6251,kim.r,XNAS
T702246,2024-11-22 15:43:00,PG,BUY,15.0,148.1381,haddad.y,XNAS
T701519,2024-10-29 14:15:00,XOM,SELL,2500.0,110.7426,novak.p,DARK
T702140,2024-11-01 10:25:00,PG,SELL,6.0,146.6854,okafor.a,XNAS
T702961,2024-12-13 09:48:00,BP.L,SELL,600.0,4.7699,silva.m,XNAS
T702032,2024-12-11 15:01:00,KO,BUY,39.0,64.4018,haddad.y,DARK
T702484,2024-11-07 12:05:00,TSLA,SELL,2300.0,225.4801,okafor.a,XNYS
T702538,2024-11-19 12:38:00,TSLA,SELL,1.0,210.494,novak.p,DARK
T701945,2024-11-22 14:27:00,KO,SELL,50.0,61.6679,silva.m,DARK
T702097,2024-12-26 09:47:00,KO,BUY,3800.0,67.3354,kim.r,BATS
T702902,2024-12-02 13:34:00,BP.L,SELL,2300.0,4.7632,novak.p,XNYS
T700069,2024-11-13 10:47:00,AAPL,BUY,19.0,352.7619,okafor.a,BATS
T701572,2024-11-08 10:20:00,XOM,BUY,1200.0,97.7203,haddad.y,BATS
T700808,2024-12-06 15:44:00,NVDA,BUY,1000.0,1157.5162,novak.p,XNAS
T700011,2024-10-30 12:33:00,AAPL,SELL,43.0,358.0153,novak.p,XNYS
T702025,2024-12-10 15:18:00,KO,SELL,37.0,63.9416,silva.m,XNAS
T702192,2024-11-13 10:16:00,PG,SELL,1700.0,141.6508,haddad.y,XNYS
T700917,2024-12-31 10:08:00,NVDA,BUY,2000.0,1071.4746,silva.m,XNYS
T701451,2024-12-17 14:48:00,GS,BUY,2100.0,482.6691,silva.m,BATS
T702687,2024-12-19 11:38:00,TSLA,SELL,2500.0,215.5268,kim.r,BATS
T700176,2024-12-05 14:56:00,AAPL,SELL,1600.0,393.7432,okafor.a,BATS
T700994,2024-11-13 12:58:00,JPM,SELL,800.0,292.0566,haddad.y,XNAS
T702488,2024-11-07 15:58:00,TSLA,SELL,2200.0,221.0915,haddad.y,BATS
T702569,2024-11-25 13:39:00,TSLA,SELL,1400.0,191.2021,okafor.a,XNYS
T701255,2024-11-05 12:57:00,GS,SELL,1000.0,464.022,okafor.a,XNAS
T701664,2024-11-27 12:07:00,XOM,BUY,400.0,99.0963,novak.p,DARK
T702191,2024-11-13 10:15:00,PG,BUY,4300.0,141.8645,silva.m,XNAS
T702801,2024-11-08 12:07:00,BP.L,SELL,2000.0,4.4802,novak.p,XNAS
T702567,2024-11-25 11:04:00,TSLA,BUY,4400.0,194.1722,kim.r,XNAS
T700178,2024-12-06 09:33:00,AAPL,SELL,21.0,393.4623,novak.p,DARK
T701790,2024-12-24 15:06:00,XOM,BUY,2100.0,94.3672,haddad.y,XNAS
T702476,2024-11-06 11:01:00,TSLA,BUY,3100.0,231.4762,okafor.a,XNAS
T702660,2024-12-13 10:17:00,TSLA,BUY,1900.0,212.3056,kim.r,BATS
T700156,2024-12-03 10:29:00,AAPL,BUY,3900.0,382.563,novak.p,XNYS
T702587,2024-11-29 15:18:00,TSLA,BUY,43.0,192.474,okafor.a,XNYS
T701460,2024-12-19 09:43:00,GS,BUY,2800.0,491.1369,okafor.a,XNAS
T702046,2024-12-13 14:26:00,KO,SELL,400.0,64.5913,novak.p,XNYS
T701850,2024-11-05 10:11:00,KO,BUY,2500.0,64.1202,silva.m,XNAS
T702509,2024-11-13 11:26:00,TSLA,SELL,25.0,209.0044,kim.r,XNAS
T702624,2024-12-06 10:27:00,TSLA,SELL,400.0,198.5765,okafor.a,BATS
T702303,2024-12-05 15:09:00,PG,BUY,7.0,153.7602,okafor.a,XNYS
T702005,2024-12-05 15:41:00,KO,BUY,2900.0,63.6617,okafor.a,BATS
T701185,2024-12-24 11:40:00,JPM,BUY,900.0,341.981,okafor.a,XNAS
T701006,2024-11-15 12:34:00,JPM,BUY,,295.3527,haddad.y,XNYS
T700560,2024-12-19 09:40:00,MSFT,BUY,25.0,262.7446,kim.r,DARK
T702256,2024-11-26 10:18:00,PG,BUY,2400.0,147.1527,okafor.a,XNAS
T700910,2024-12-30 10:54:00,NVDA,SELL,2200.0,1077.4648,okafor.a,XNYS
T701311,2024-11-18 09:30:00,GS,BUY,4400.0,467.3983,okafor.a,XNAS
T702049,2024-12-16 10:04:00,KO,SELL,32.0,64.5919,novak.p,XNYS
T700269,2024-12-24 14:49:00,AAPL,BUY,2500.0,399.9954,kim.r,XNAS
T701993,2024-12-04 10:47:00,KO,SELL,1000.0,63.1081,kim.r,XNYS
T700265,2024-12-24 12:42:00,AAPL,BUY,900.0,395.4301,novak.p,DARK
T700914,2024-12-30 15:42:00,NVDA,BUY,33.0,,novak.p,XNYS
T702278,2024-12-02 10:48:00,PG,BUY,3400.0,151.0844,okafor.a,BATS
T702231,2024-11-20 10:51:00,PG,BUY,3400.0,146.018,novak.p,XNYS
T702949,2024-12-11 09:54:00,BP.L,SELL,2800.0,4.759,haddad.y,DARK
T700873,2024-12-20 15:30:00,NVDA,BUY,2700.0,1016.465,silva.m,XNAS
T702093,2024-12-24 10:26:00,KO,SELL,1.0,66.2132,kim.r,XNAS
T702446,2024-10-31 15:19:00,TSLA,SELL,3900.0,234.2906,silva.m,XNYS
T700475,2024-12-02 11:52:00,MSFT,SELL,2500.0,254.4895,novak.p,BATS
T701652,2024-11-25 10:00:00,XOM,BUY,1400.0,101.5016,novak.p,XNYS
T701960,2024-11-26 15:10:00,KO,SELL,3500.0,61.9369,novak.p,XNAS
T700045,2024-11-06 15:11:00,AAPL,SELL,2400.0,351.8685,okafor.a,XNYS
T700161,2024-12-03 15:53:00,AAPL,BUY,2600.0,379.5981,novak.p,XNYS
T702775,2024-11-04 13:23:00,BP.L,BUY,4400.0,4.5898,silva.m,BATS
T702677,2024-12-17 14:23:00,TSLA,BUY,800.0,207.2703,kim.r,XNYS
T700288,2024-12-30 13:54:00,AAPL,BUY,26.0,390.8807,kim.r,XNYS
T703038,2024-12-31 15:47:00,BP.L,BUY,2000.0,4.287,novak.p,BATS
T701948,2024-11-25 10:47:00,KO,SELL,3700.0,62.087,okafor.a,DARK
T700575,2024-12-23 11:38:00,MSFT,BUY,500.0,265.2172,okafor.a,XNAS
T700850,2024-12-17 10:31:00,NVDA,BUY,100.0,973.6356,haddad.y,DARK
T700911,2024-12-30 13:47:00,NVDA,BUY,800.0,1066.0673,novak.p,BATS
T701254,2024-11-05 11:47:00,GS,SELL,900.0,466.3589,silva.m,XNAS
T701833,2024-10-31 12:08:00,KO,BUY,3600.0,64.2442,okafor.a,XNAS
T701722,2024-12-10 15:46:00,XOM,SELL,3100.0,93.6564,haddad.y,DARK
T702133,2024-10-31 11:03:00,PG,BUY,900.0,147.6083,kim.r,XNAS
T701735,2024-12-12 13:22:00,XOM,SELL,3400.0,93.2397,novak.p,XNAS
T700932,2024-10-30 15:38:00,JPM,BUY,3800.0,296.9093,kim.r,BATS
T701100,2024-12-06 09:57:00,JPM,SELL,1300.0,301.6445,haddad.y,XNAS
T701207,2024-12-30 13:09:00,JPM,SELL,3600.0,333.0915,haddad.y,XNAS
T702295,2024-12-04 13:30:00,PG,SELL,4300.0,152.3052,haddad.y,DARK
T701843,2024-11-04 11:59:00,KO,SELL,2000.0,62.9198,novak.p,XNAS
T701848,2024-11-05 10:00:00,KO,BUY,3000.0,64.2003,silva.m,XNAS
T702524,2024-11-15 11:15:00,TSLA,SELL,1700.0,206.1495,novak.p,XNYS
T701694,2024-12-04 15:51:00,XOM,SELL,3200.0,96.0527,novak.p,BATS
T700085,2024-11-15 14:59:00,AAPL,BUY,1600.0,353.6827,kim.r,XNAS
T700469,2024-11-29 15:46:00,MSFT,SELL,400.0,252.646,novak.p,XNAS
T702273,2024-11-29 15:14:00,PG,SELL,2100.0,149.9874,okafor.a,BATS
T702822,2024-11-13 15:03:00,BP.L,BUY,3900.0,4.4644,novak.p,XNAS
T702379,2024-12-20 09:39:00,PG,SELL,2400.0,151.5226,haddad.y,XNYS
T700233,2024-12-17 15:50:00,AAPL,BUY,2900.0,402.0464,okafor.a,DARK
T702636,2024-12-10 11:47:00,TSLA,BUY,2000.0,213.6165,okafor.a,XNYS
T702523,2024-11-15 11:00:00,TSLA,SELL,2900.0,205.5113,novak.p,XNAS
T703021,2024-12-27 13:45:00,BP.L,BUY,1700.0,4.3115,haddad.y,XNAS
T702647,2024-12-11 15:45:00,TSLA,BUY,43.0,215.8794,novak.p,BATS
T702469,2024-11-05 11:52:00,TSLA,BUY,30.0,235.1163,okafor.a,XNYS
T701711,2024-12-09 13:12:00,XOM,SELL,2900.0,94.2197,kim.r,XNYS
T700182,2024-12-06 11:13:00,AAPL,BUY,11.0,395.5938,novak.p,XNAS
T700988,2024-11-12 11:41:00,JPM,BUY,4200.0,287.8937,haddad.y,XNYS
T701000,2024-11-14 13:13:00,JPM,SELL,9.0,294.6735,okafor.a,XNAS
T701641,2024-11-21 12:54:00,XOM,BUY,3300.0,101.0959,okafor.a,DARK
T701356,2024-11-27 11:29:00,GS,SELL,2500.0,489.8851,okafor.a,BATS
T701462,2024-12-19 12:40:00,GS,SELL,300.0,484.3304,okafor.a,XNAS
T700049,2024-11-07 12:06:00,AAPL,SELL,3600.0,359.3864,kim.r,DARK
T702967,2024-12-13 15:55:00,BP.L,SELL,800.0,4.7103,okafor.a,XNAS
T702577,2024-11-27 09:30:00,TSLA,SELL,1300.0,186.9199,novak.p,BATS
T701258,2024-11-05 15:51:00,GS,BUY,1500.0,454.4562,haddad.y,XNYS
T700486,2024-12-04 09:37:00,MSFT,BUY,2800.0,254.6574,okafor.a,XNYS
T703036,2024-12-31 11:08:00,BP.L,SELL,2000.0,4.276,novak.p,DARK
T702545,2024-11-20 10:17:00,TSLA,BUY,1200.0,215.8914,haddad.y,XNAS
T701908,2024-11-15 11:01:00,KO,BUY,800.0,62.2348,kim.r,XNAS
T700106,2024-11-20 10:31:00,AAPL,SELL,3700.0,376.544,haddad.y,XNYS
T700443,2024-11-25 14:40:00,MSFT,SELL,4100.0,253.0117,silva.m,XNAS
T701954,2024-11-25 15:46:00,KO,BUY,3700.0,61.8799,novak.p,BATS
T700646,2024-11-04 12:26:00,NVDA,BUY,600.0,1443.5757,silva.m,XNAS
T701762,2024-12-18 13:32:00,XOM,BUY,4400.0,94.9039,silva.m,XNAS
T700726,2024-11-20 15:20:00,NVDA,SELL,900.0,1237.0208,haddad.y,DARK
T702238,2024-11-21 14:22:00,PG,SELL,2600.0,146.56,silva.m,BATS
T701856,2024-11-06 09:41:00,KO,SELL,400.0,63.2013,kim.r,XNAS
T702330,2024-12-11 09:59:00,PG,BUY,2200.0,151.8987,haddad.y,XNYS
T700029,2024-11-04 09:52:00,AAPL,BUY,1000.0,351.3887,novak.p,BATS
T700169,2024-12-04 15:47:00,AAPL,BUY,2500.0,388.9117,kim.r,XNAS
T701001,2024-11-14 13:40:00,JPM,BUY,2800.0,294.8827,haddad.y,BATS
T702148,2024-11-04 15:03:00,PG,SELL,4200.0,146.6689,novak.p,XNAS
T700197,2024-12-10 09:32:00,AAPL,BUY,400.0,393.977,okafor.a,XNYS
T700495,2024-12-05 13:41:00,MSFT,BUY,1700.0,258.2407,haddad.y,DARK
T702026,2024-12-10 15:41:00,KO,SELL,1300.0,63.8618,kim.r,XNYS
T700647,2024-11-04 14:30:00,NVDA,BUY,2300.0,1427.1253,haddad.y,BATS
T700044,2024-11-06 13:10:00,AAPL,SELL,2500.0,353.7903,kim.r,XNYS
T702758,2024-10-31 09:39:00,BP.L,BUY,200.0,4.4509,okafor.a,XNYS
T700373,2024-11-12 12:59:00,MSFT,BUY,1600.0,244.3034,silva.m,XNYS
T700678,2024-11-11 12:13:00,NVDA,SELL,4200.0,1233.6871,silva.m,BATS
T700566,2024-12-19 15:11:00,MSFT,SELL,3900.0,260.4162,kim.r,XNYS
T702895,2024-11-29 13:09:00,BP.L,BUY,31.0,4.7562,okafor.a,XNYS
T700460,2024-11-27 15:27:00,MSFT,BUY,18.0,252.3615,haddad.y,XNYS
T701932,2024-11-21 10:29:00,KO,BUY,34.0,61.374,kim.r,XNAS
T701155,2024-12-18 11:17:00,JPM,SELL,2200.0,321.4268,silva.m,XNAS
T700039,2024-11-05 14:30:00,AAPL,SELL,4200.0,357.9202,novak.p,BATS
T702482,2024-11-07 10:19:00,TSLA,SELL,300.0,228.4294,haddad.y,XNYS
T700973,2024-11-08 10:04:00,JPM,BUY,1700.0,292.7437,okafor.a,XNAS
T701786,2024-12-24 10:58:00,XOM,SELL,700.0,93.9784,kim.r,XNYS
T701498,2024-12-30 09:32:00,GS,SELL,3800.0,540.9265,novak.p,BATS
T702504,2024-11-12 12:51:00,TSLA,SELL,1400.0,210.399,haddad.y,XNYS
T701835,2024-10-31 15:57:00,KO,SELL,400.0,64.3204,haddad.y,DARK
T702308,2024-12-06 10:38:00,PG,SELL,1400.0,152.7061,novak.p,XNYS
T701840,2024-11-01 12:34:00,KO,SELL,4200.0,64.0725,silva.m,DARK
T702083,2024-12-23 09:42:00,KO,SELL,4300.0,64.8701,haddad.y,BATS
T700827,2024-12-11 14:44:00,NVDA,BUY,300.0,1120.8513,haddad.y,XNYS
T701935,2024-11-21 12:06:00,KO,SELL,27.0,61.593,silva.m,XNYS
T702044,2024-12-13 12:33:00,KO,BUY,200.0,64.506,haddad.y,XNYS
T700309,2024-10-30 13:59:00,MSFT,SELL,21.0,264.8685,haddad.y,DARK
T700276,2024-12-26 15:45:00,AAPL,SELL,40.0,,okafor.a,XNAS
T700636,2024-10-31 15:26:00,NVDA,SELL,33.0,1433.3002,kim.r,XNAS
T700654,2024-11-05 15:28:00,NVDA,SELL,43.0,1385.6906,silva.m,
T700622,2024-10-29 15:06:00,NVDA,BUY,800.0,1406.5523,haddad.y,BATS
T701859,2024-11-06 11:33:00,KO,SELL,1500.0,62.8015,novak.p,DARK
T700844,2024-12-16 13:09:00,NVDA,BUY,1300.0,1011.6231,haddad.y,XNAS
T700393,2024-11-15 13:55:00,MSFT,BUY,2000.0,235.329,kim.r,XNAS
T702155,2024-11-06 09:30:00,PG,BUY,4400.0,144.389,novak.p,XNYS
T700349,2024-11-06 14:03:00,MSFT,BUY,1300.0,248.2917,silva.m,DARK
T702572,2024-11-26 09:43:00,TSLA,SELL,2.0,190.2474,silva.m,BATS
T700784,2024-12-04 10:02:00,NVDA,SELL,700.0,1094.5008,haddad.y,XNYS
T700047,2024-11-07 11:08:00,AAPL,BUY,3800.0,356.1935,okafor.a,BATS
T701978,2024-12-02 13:25:00,KO,SELL,3800.0,61.1071,novak.p,BATS
T702251,2024-11-25 14:12:00,PG,SELL,2200.0,146.7954,okafor.a,BATS
T701655,2024-11-25 12:59:00,XOM,SELL,1400.0,101.1785,kim.r,BATS
T702069,2024-12-19 09:34:00,KO,SELL,2900.0,65.5749,kim.r,BATS
T700402,2024-11-18 14:09:00,MSFT,SELL,36.0,245.1378,novak.p,XNYS
T701107,2024-12-09 09:52:00,JPM,SELL,4100.0,305.2835,kim.r,DARK
T701154,2024-12-18 09:49:00,JPM,SELL,2100.0,320.4002,okafor.a,XNYS
T701439,2024-12-16 09:49:00,GS,BUY,3900.0,467.9555,silva.m,XNAS
T701752,2024-12-17 11:15:00,XOM,SELL,2500.0,96.315,okafor.a,XNYS
T702001,2024-12-05 11:38:00,KO,BUY,4100.0,63.4776,kim.r,BATS
T700989,2024-11-12 14:38:00,JPM,SELL,3500.0,290.7747,kim.r,XNYS
T701865,2024-11-07 11:17:00,KO,BUY,12.0,62.5627,silva.m,XNAS
T702789,2024-11-07 10:20:00,BP.L,BUY,1900.0,4.4216,novak.p,XNYS
T701310,2024-11-15 15:45:00,GS,BUY,4100.0,468.6063,novak.p,BATS
T700033,2024-11-04 13:50:00,AAPL,SELL,2300.0,354.3536,silva.m,BATS
T700787,2024-12-04 13:47:00,NVDA,BUY,500.0,1082.6051,silva.m,XNYS
T702971,2024-12-16 14:49:00,BP.L,SELL,3300.0,4.6656,novak.p,XNAS
T701043,2024-11-22 13:14:00,JPM,BUY,1200.0,305.6246,silva.m,XNYS
T700481,2024-12-03 12:43:00,MSFT,BUY,500.0,256.0299,novak.p,XNYS
T701243,2024-11-01 13:49:00,GS,SELL,1900.0,482.3615,kim.r,BATS
T702627,2024-12-09 12:30:00,TSLA,BUY,800.0,204.1496,okafor.a,XNAS
T702529,2024-11-18 10:49:00,TSLA,SELL,500.0,213.6759,novak.p,XNAS
T700931,2024-10-30 15:33:00,JPM,SELL,4000.0,296.1064,silva.m,XNYS
T702404,2024-12-26 15:06:00,PG,BUY,3600.0,157.6125,silva.m,XNAS
T701685,2024-12-03 14:36:00,XOM,SELL,2300.0,99.0514,kim.r,BATS
T701248,2024-11-04 10:29:00,GS,SELL,2800.0,476.8111,kim.r,XNYS
T700759,2024-11-27 11:10:00,NVDA,BUY,1500.0,1129.4937,kim.r,BATS
T700092,2024-11-18 12:48:00,AAPL,BUY,2100.0,360.9945,haddad.y,XNYS
T701175,2024-12-23 10:55:00,JPM,BUY,3800.0,341.348,novak.p,XNAS
T701415,2024-12-10 11:55:00,GS,SELL,3900.0,455.9275,kim.r,XNAS
T701341,2024-11-22 14:11:00,GS,SELL,500.0,474.5695,haddad.y,XNYS
T701472,2024-12-20 15:41:00,GS,SELL,2300.0,495.7071,haddad.y,XNYS
T702851,2024-11-20 10:23:00,BP.L,SELL,3200.0,4.7694,novak.p,XNAS
T702793,2024-11-07 12:33:00,BP.L,SELL,200.0,4.4855,kim.r,XNAS
T702327,2024-12-10 12:21:00,PG,BUY,200.0,151.6124,okafor.a,BATS
T701607,2024-11-15 12:02:00,XOM,BUY,400.0,97.8509,haddad.y,XNAS
T700764,2024-11-29 10:03:00,NVDA,BUY,1600.0,1126.4989,kim.r,DARK
T702652,2024-12-12 12:57:00,TSLA,SELL,3200.0,216.3342,silva.m,XNAS
T700887,2024-12-24 15:06:00,NVDA,BUY,3700.0,1095.6876,novak.p,XNAS
T701373,2024-12-02 10:41:00,GS,SELL,500.0,502.7815,haddad.y,XNYS
T701951,2024-11-25 12:09:00,KO,SELL,3900.0,62.5057,okafor.a,XNYS
T702448,2024-10-31 15:34:00,TSLA,BUY,3300.0,232.68,kim.r,XNYS
T701728,2024-12-11 15:12:00,XOM,BUY,100.0,93.4184,kim.r,XNAS
T700257,2024-12-20 15:57:00,AAPL,BUY,1300.0,397.403,kim.r,DARK
T700944,2024-11-01 12:37:00,JPM,BUY,1200.0,299.1092,silva.m,XNYS
T701219,2024-10-29 12:51:00,GS,BUY,3100.0,473.3637,silva.m,XNYS
T701161,2024-12-19 12:18:00,JPM,BUY,14.0,330.4415,novak.p,XNAS
T702542,2024-11-19 15:20:00,TSLA,SELL,3600.0,211.7169,haddad.y,BATS
T700772,2024-12-02 12:16:00,NVDA,BUY,1100.0,1121.7895,novak.p,XNAS
T702598,2024-12-02 15:56:00,TSLA,SELL,4400.0,196.691,haddad.y,BATS
T701486,2024-12-24 15:43:00,GS,BUY,700.0,520.3074,silva.m,XNYS
T702249,2024-11-25 10:03:00,PG,SELL,39.0,148.1194,haddad.y,XNAS
T700312,2024-10-31 13:02:00,MSFT,BUY,34.0,265.2598,haddad.y,DARK
T700290,2024-12-30 15:58:00,AAPL,BUY,200.0,389.4582,silva.m,BATS
T700763,2024-11-27 14:31:00,NVDA,BUY,100.0,1127.0516,silva.m,XNAS
T702997,2024-12-20 13:47:00,BP.L,SELL,1500.0,4.37,haddad.y,XNAS
T700183,2024-12-06 11:38:00,AAPL,BUY,7.0,395.5203,haddad.y,BATS
T701176,2024-12-23 10:59:00,JPM,SELL,2000.0,341.4068,silva.m,XNAS
T701349,2024-11-26 11:37:00,GS,SELL,23.0,478.8353,novak.p,XNAS
T702298,2024-12-05 10:34:00,PG,BUY,2200.0,153.2346,okafor.a,XNAS
T702871,2024-11-22 15:22:00,BP.L,SELL,35.0,4.8862,novak.p,XNAS
T701099,2024-12-05 15:59:00,JPM,SELL,3600.0,301.525,novak.p,BATS
T702988,2024-12-19 12:11:00,BP.L,BUY,3400.0,4.5166,kim.r,XNAS
T700391,2024-11-15 10:23:00,MSFT,SELL,4300.0,237.7379,novak.p,XNYS
T701919,2024-11-19 10:37:00,KO,BUY,2700.0,61.9411,haddad.y,XNAS
T701456,2024-12-18 12:06:00,GS,SELL,2700.0,489.094,silva.m,XNYS
T701092,2024-12-05 09:33:00,JPM,BUY,1900.0,307.3715,kim.r,BATS
T702022,2024-12-10 12:53:00,KO,SELL,1200.0,64.0328,kim.r,XNAS
T700904,2024-12-27 13:57:00,NVDA,SELL,2100.0,1088.1481,kim.r,XNAS
T702778,2024-11-05 12:00:00,BP.L,BUY,700.0,4.523,kim.r,XNYS
T702602,2024-12-03 14:07:00,TSLA,SELL,2300.0,198.5403,okafor.a,XNAS
T700366,2024-11-11 11:18:00,MSFT,BUY,2900.0,246.865,silva.m,XNYS
T700345,2024-11-06 09:52:00,MSFT,BUY,3300.0,,okafor.a,XNYS
T702583,2024-11-29 09:44:00,TSLA,BUY,900.0,185.647,kim.r,XNAS
T701372,2024-12-02 10:02:00,GS,SELL,300.0,501.8839,haddad.y,XNYS
T701639,2024-11-21 10:54:00,XOM,BUY,15.0,101.0461,okafor.a,XNYS
T700919,2024-12-31 14:56:00,NVDA,BUY,1900.0,1110.7512,silva.m,XNYS
T700211,2024-12-12 11:38:00,AAPL,SELL,19.0,,kim.r,XNAS
T701603,2024-11-14 13:54:00,XOM,BUY,3200.0,96.8302,silva.m,XNYS
T702550,2024-11-20 15:00:00,TSLA,BUY,40.0,204.2097,okafor.a,XNAS
T700537,2024-12-13 14:34:00,MSFT,SELL,2200.0,251.2817,silva.m,XNYS
T701220,2024-10-29 15:24:00,GS,SELL,2100.0,476.7433,silva.m,DARK
T700175,2024-12-05 14:07:00,AAPL,BUY,1700.0,392.8903,haddad.y,XNYS
